
/home/ngranado/.cache/arduino/sketches/00C07770F8EAAB098B48C57E01062A18/AlphaClock.ino.elf:     file format elf32-avr


Disassembly of section .text:

00000000 <__vectors>:
__vectors():
       0:	0c 94 e3 33 	jmp	0x67c6	; 0x67c6 <__ctors_end>
       4:	0c 94 0b 34 	jmp	0x6816	; 0x6816 <__bad_interrupt>
       8:	0c 94 0b 34 	jmp	0x6816	; 0x6816 <__bad_interrupt>
       c:	0c 94 0b 34 	jmp	0x6816	; 0x6816 <__bad_interrupt>
      10:	0c 94 0b 34 	jmp	0x6816	; 0x6816 <__bad_interrupt>
      14:	0c 94 0b 34 	jmp	0x6816	; 0x6816 <__bad_interrupt>
      18:	0c 94 0b 34 	jmp	0x6816	; 0x6816 <__bad_interrupt>
      1c:	0c 94 0b 34 	jmp	0x6816	; 0x6816 <__bad_interrupt>
      20:	0c 94 0b 34 	jmp	0x6816	; 0x6816 <__bad_interrupt>
      24:	0c 94 0b 34 	jmp	0x6816	; 0x6816 <__bad_interrupt>
      28:	0c 94 0b 34 	jmp	0x6816	; 0x6816 <__bad_interrupt>
      2c:	0c 94 c1 48 	jmp	0x9182	; 0x9182 <__vector_11>
      30:	0c 94 0b 34 	jmp	0x6816	; 0x6816 <__bad_interrupt>
      34:	0c 94 a2 49 	jmp	0x9344	; 0x9344 <__vector_13>
      38:	0c 94 0b 34 	jmp	0x6816	; 0x6816 <__bad_interrupt>
      3c:	0c 94 0b 34 	jmp	0x6816	; 0x6816 <__bad_interrupt>
      40:	0c 94 0b 34 	jmp	0x6816	; 0x6816 <__bad_interrupt>
      44:	0c 94 0b 34 	jmp	0x6816	; 0x6816 <__bad_interrupt>
      48:	0c 94 9c 46 	jmp	0x8d38	; 0x8d38 <__vector_18>
      4c:	0c 94 0b 34 	jmp	0x6816	; 0x6816 <__bad_interrupt>
      50:	0c 94 64 47 	jmp	0x8ec8	; 0x8ec8 <__vector_20>
      54:	0c 94 3e 47 	jmp	0x8e7c	; 0x8e7c <__vector_21>
      58:	0c 94 0b 34 	jmp	0x6816	; 0x6816 <__bad_interrupt>
      5c:	0c 94 0b 34 	jmp	0x6816	; 0x6816 <__bad_interrupt>
      60:	0c 94 0b 34 	jmp	0x6816	; 0x6816 <__bad_interrupt>
      64:	0c 94 0b 34 	jmp	0x6816	; 0x6816 <__bad_interrupt>
      68:	0c 94 96 47 	jmp	0x8f2c	; 0x8f2c <__vector_26>
      6c:	0c 94 0b 34 	jmp	0x6816	; 0x6816 <__bad_interrupt>
      70:	0c 94 0c 47 	jmp	0x8e18	; 0x8e18 <__vector_28>
      74:	0c 94 e6 46 	jmp	0x8dcc	; 0x8dcc <__vector_29>
      78:	0c 94 0b 34 	jmp	0x6816	; 0x6816 <__bad_interrupt>

0000007c <__trampolines_end>:
__trampolines_start():
      7c:	53 61       	ori	r21, 0x13	; 19
      7e:	74 75       	andi	r23, 0x54	; 84
      80:	72 64       	ori	r23, 0x42	; 66
      82:	61 79       	andi	r22, 0x91	; 145
	...

00000085 <dayStr6>:
      85:	46 72 69 64 61 79 00                                Friday.

0000008c <dayStr5>:
      8c:	54 68 75 72 73 64 61 79 00                          Thursday.

00000095 <dayStr4>:
      95:	57 65 64 6e 65 73 64 61 79 00                       Wednesday.

0000009f <dayStr3>:
      9f:	54 75 65 73 64 61 79 00                             Tuesday.

000000a7 <dayStr2>:
      a7:	4d 6f 6e 64 61 79 00                                Monday.

000000ae <dayStr1>:
      ae:	53 75 6e 64 61 79 00                                Sunday.

000000b5 <dayStr0>:
      b5:	45 72 72 00                                         Err.

000000b9 <fiveLetterPosArray>:
      b9:	6b 01 4a 03 66 05 b3 06 49 07 a6 08 e4 09 e6 0a     k.J.f...I.......
      c9:	43 0b 9b 0b 13 0c 42 0d 84 0e 19 0f 99 0f 4e 11     C.....B.......N.
      d9:	7c 11 ac 12 e7 15 87 17 ce 17 49 18 2f 19 38 19     |.........I./.8.
      e9:	67 19                                               g.

000000eb <fiveLetterWords>:
      eb:	41 4c 49 49 42 41 43 41 42 41 43 4b 42 41 46 54     ALIIBACABACKBAFT
      fb:	42 41 4d 50 42 41 53 45 42 41 53 48 42 41 54 45     BAMPBASEBASHBATE
     10b:	42 42 45 59 42 42 4f 54 42 45 41 4d 42 45 4c 45     BBEYBBOTBEAMBELE
     11b:	42 45 54 53 42 48 4f 52 42 49 44 45 42 49 45 53     BETSBHORBIDEBIES
     12b:	42 4c 45 52 42 4d 48 4f 42 4f 44 45 42 4f 48 4d     BLERBMHOBODEBOHM
     13b:	42 4f 52 54 42 4f 55 54 42 4f 56 45 42 55 53 45     BORTBOUTBOVEBUSE
     14b:	42 55 54 53 42 55 5a 5a 42 59 53 4d 42 59 53 53     BUTSBUZZBYSMBYSS
     15b:	43 41 52 49 43 43 45 4c 43 45 52 42 43 48 45 44     CARICCELCERBCHED
     16b:	43 48 45 53 43 48 4f 4f 43 49 44 53 43 49 4e 47     CHESCHOOCIDSCING
     17b:	43 49 4e 49 43 4d 45 53 43 4e 45 44 43 4f 52 4e     CINICMESCNEDCORN
     18b:	43 52 45 44 43 52 45 53 43 52 49 44 43 54 45 44     CREDCRESCRIDCTED
     19b:	43 54 49 4e 43 54 4f 52 43 55 54 45 44 41 47 45     CTINCTORCUTEDAGE
     1ab:	44 41 50 54 44 44 41 58 44 44 45 44 44 44 45 52     DAPTDDAXDDEDDDER
     1bb:	44 44 4c 45 44 45 50 54 44 49 45 55 44 49 54 53     DDLEDEPTDIEUDITS
     1cb:	44 4d 41 4e 44 4d 45 4e 44 4d 49 4e 44 4d 49 54     DMANDMENDMINDMIT
     1db:	44 4d 49 58 44 4f 42 45 44 4f 50 54 44 4f 52 45     DMIXDOBEDOPTDORE
     1eb:	44 4f 52 4e 44 4f 57 4e 44 55 4c 54 44 55 53 54     DORNDOWNDULTDUST
     1fb:	44 5a 45 53 45 43 49 41 45 44 45 53 45 47 49 53     DZESECIAEDESEGIS
     20b:	45 52 49 45 45 52 4f 4e 46 41 49 4b 46 46 49 58     ERIEERONFAIKFFIX
     21b:	46 49 52 45 46 4f 4f 54 46 4f 52 45 46 4f 55 4c     FIREFOOTFOREFOUL
     22b:	46 52 49 54 46 54 45 52 47 41 49 4e 47 41 4d 41     FRITFTERGAINGAMA
     23b:	47 41 50 45 47 41 54 45 47 41 56 45 47 45 4e 54     GAPEGATEGAVEGENT
     24b:	47 47 45 52 47 47 49 45 47 47 52 4f 47 49 4c 45     GGERGGIEGGROGILE
     25b:	47 49 4e 47 47 49 4f 53 47 49 53 54 47 49 54 41     GINGGIOSGISTGITA
     26b:	47 4c 45 54 47 4c 45 59 47 4c 4f 57 47 4f 4e 45     GLETGLEYGLOWGONE
     27b:	47 4f 4e 59 47 4f 52 41 47 52 45 45 47 52 49 43     GONYGORAGREEGRIC
     28b:	47 52 4f 4e 48 45 41 44 49 44 45 44 49 44 45 52     GRONHEADIDEDIDER
     29b:	49 44 45 53 49 4c 45 44 49 4d 45 44 49 52 45 44     IDESILEDIMEDIRED
     2ab:	49 52 54 53 49 53 4c 45 49 54 43 48 4b 45 45 53     IRTSISLEITCHKEES
     2bb:	4b 45 4e 45 4c 41 43 4b 4c 41 52 4d 4c 41 52 59     KENELACKLARMLARY
     2cb:	4c 41 54 45 4c 42 55 4d 4c 44 45 52 4c 44 4f 4c     LATELBUMLDERLDOL
     2db:	4c 45 50 48 4c 45 52 54 4c 47 41 45 4c 47 41 4c     LEPHLERTLGAELGAL
     2eb:	4c 47 49 44 4c 47 49 4e 4c 47 4f 4c 4c 47 4f 52     LGIDLGINLGOLLGOR
     2fb:	4c 49 41 53 4c 49 42 49 4c 49 45 4e 4c 49 47 4e     LIASLIBILIENLIGN
     30b:	4c 49 4b 45 4c 49 56 45 4c 4b 59 44 4c 4b 59 4c     LIKELIVELKYDLKYL
     31b:	4c 4c 41 59 4c 4c 45 59 4c 4c 4f 54 4c 4c 4f 57     LLAYLLEYLLOTLLOW
     32b:	4c 4c 4f 59 4c 4c 59 4c 4c 4f 45 53 4c 4f 46 54     LLOYLLYLLOESLOFT
     33b:	4c 4f 48 41 4c 4f 49 4e 4c 4f 4e 45 4c 4f 4e 47     LOHALOINLONELONG
     34b:	4c 4f 4f 46 4c 4f 55 44 4c 50 48 41 4c 54 41 52     LOOFLOUDLPHALTAR
     35b:	4c 54 45 52 4c 54 4f 53 4c 55 4c 41 4c 55 4d 53     LTERLTOSLULALUMS
     36b:	4d 41 48 53 4d 41 49 4e 4d 41 53 53 4d 41 5a 45     MAHSMAINMASSMAZE
     37b:	4d 42 45 52 4d 42 49 54 4d 42 4c 45 4d 42 4f 53     MBERMBITMBLEMBOS
     38b:	4d 42 52 59 4d 45 4e 44 4d 45 4e 54 4d 49 43 45     MBRYMENDMENTMICE
     39b:	4d 49 44 45 4d 49 47 41 4d 49 47 4f 4d 49 4e 45     MIDEMIGAMIGOMINE
     3ab:	4d 49 4e 4f 4d 49 53 53 4d 49 54 59 4d 4e 49 4f     MINOMISSMITYMNIO
     3bb:	4d 4f 4e 47 4d 4f 55 52 4d 50 4c 45 4d 50 4c 59     MONGMOURMPLEMPLY
     3cb:	4d 55 53 45 4e 43 4f 4e 4e 45 41 52 4e 45 4c 45     MUSENCONNEARNELE
     3db:	4e 45 4e 54 4e 47 45 4c 4e 47 45 52 4e 47 4c 45     NENTNGELNGERNGLE
     3eb:	4e 47 52 59 4e 47 53 54 4e 49 4c 45 4e 49 4c 53     NGRYNGSTNILENILS
     3fb:	4e 49 4d 41 4e 49 4d 45 4e 49 4f 4e 4e 49 53 45     NIMANIMENIONNISE
     40b:	4e 4b 48 53 4e 4b 4c 45 4e 4b 55 53 4e 4e 41 4c     NKHSNKLENKUSNNAL
     41b:	4e 4e 41 53 4e 4e 45 58 4e 4e 4f 59 4e 4e 55 4c     NNASNNEXNNOYNNUL
     42b:	4e 4f 41 53 4e 4f 44 45 4e 4f 4c 45 4e 4f 4e 53     NOASNODENOLENONS
     43b:	4e 53 49 53 4e 54 45 44 4e 54 45 53 4e 54 49 43     NSISNTEDNTESNTIC
     44b:	4e 54 49 51 4e 54 49 53 4e 54 52 45 4e 54 53 59     NTIQNTISNTRENTSY
     45b:	4e 56 49 4c 4e 5a 55 53 4f 52 54 41 50 41 43 45     NVILNZUSORTAPACE
     46b:	50 41 52 54 50 45 41 4b 50 45 52 59 50 48 49 44     PARTPEAKPERYPHID
     47b:	50 48 49 53 50 49 41 4e 50 49 4e 47 50 49 53 48     PHISPIANPINGPISH
     48b:	50 4e 45 41 50 4f 52 54 50 50 45 4c 50 50 4c 45     PNEAPORTPPELPPLE
     49b:	50 50 4c 59 50 52 4f 4e 50 53 45 53 50 53 49 53     PPLYPRONPSESPSIS
     4ab:	50 54 45 52 50 54 4c 59 51 55 41 53 52 41 4b 53     PTERPTLYQUASRAKS
     4bb:	52 42 4f 52 52 43 45 44 52 43 48 54 52 44 45 42     RBORRCEDRCHTRDEB
     4cb:	52 44 4f 52 52 45 41 4c 52 45 41 53 52 45 43 41     RDORREALREASRECA
     4db:	52 45 4e 41 52 47 41 4c 52 47 49 4c 52 47 4f 4c     RENARGALRGILRGOL
     4eb:	52 47 4f 4e 52 47 4f 54 52 47 55 45 52 49 41 53     RGONRGOTRGUERIAS
     4fb:	52 49 45 4c 52 49 4c 53 52 49 53 45 52 4d 45 44     RIELRILSRISERMED
     50b:	52 4d 45 54 52 4d 4f 52 52 4f 49 44 52 4f 4d 41     RMETRMORROIDROMA
     51b:	52 4f 53 45 52 52 41 53 52 52 41 59 52 52 49 53     ROSERRASRRAYRRIS
     52b:	52 52 4f 57 52 53 45 44 52 53 49 53 52 53 4f 4e     RROWRSEDRSISRSON
     53b:	52 54 45 4c 52 54 53 59 52 55 4d 53 53 43 49 49     RTELRTSYRUMSSCII
     54b:	53 43 4f 54 53 43 55 53 53 44 49 43 53 48 45 44     SCOTSCUSSDICSHED
     55b:	53 48 45 4e 53 48 45 53 53 49 44 45 53 4b 45 44     SHENSHESSIDESKED
     56b:	53 4b 45 52 53 4b 45 57 53 50 43 41 53 50 45 4e     SKERSKEWSPCASPEN
     57b:	53 50 45 52 53 50 49 43 53 53 41 49 53 53 41 59     SPERSPICSSAISSAY
     58b:	53 53 45 53 53 53 45 54 53 53 4f 43 53 54 45 52     SSESSSETSSOCSTER
     59b:	53 54 49 52 54 49 4c 54 54 4c 41 53 54 4d 41 4e     STIRTILTTLASTMAN
     5ab:	54 4f 4c 4c 54 4f 4d 53 54 4f 4d 59 54 4f 4e 45     TOLLTOMSTOMYTONE
     5bb:	54 4f 4e 59 54 52 49 41 54 52 49 50 54 54 41 52     TONYTRIATRIPTTAR
     5cb:	54 54 49 43 55 44 49 4f 55 44 49 54 55 47 45 52     TTICUDIOUDITUGER
     5db:	55 47 48 54 55 47 55 52 55 4c 49 43 55 4c 4f 53     UGHTUGURULICULOS
     5eb:	55 4e 54 53 55 52 41 4c 55 52 41 52 55 52 41 53     UNTSURALURARURAS
     5fb:	55 52 49 43 55 52 55 4d 55 54 4f 53 55 58 49 4e     URICURUMUTOSUXIN
     60b:	56 41 49 4c 56 41 53 54 56 45 4e 53 56 45 52 53     VAILVASTVENSVERS
     61b:	56 45 52 54 56 49 41 4e 56 49 4f 4e 56 4f 49 44     VERTVIANVIONVOID
     62b:	56 4f 49 52 56 4f 57 53 57 41 43 53 57 41 49 54     VOIRVOWSWACSWAIT
     63b:	57 41 4b 45 57 41 52 44 57 41 52 45 57 41 53 48     WAKEWARDWAREWASH
     64b:	57 46 55 4c 57 49 4e 47 57 4e 45 44 57 4f 4b 45     WFULWINGWNEDWOKE
     65b:	58 49 41 4c 58 49 4c 53 58 49 4e 47 58 49 4f 4d     XIALXILSXINGXIOM
     66b:	58 4c 45 53 58 4f 4e 53 59 41 48 53 59 49 4e 53     XLESXONSYAHSYINS
     67b:	5a 49 44 45 5a 49 4e 45 5a 4f 49 43 5a 4f 4c 45     ZIDEZINEZOICZOLE
     68b:	5a 4f 54 45 5a 4f 54 48 5a 55 52 45 41 41 45 44     ZOTEZOTHZUREAAED
     69b:	41 42 41 53 41 42 45 4c 41 42 45 53 41 42 55 4c     ABASABELABESABUL
     6ab:	41 43 43 59 41 43 4b 53 41 43 4f 4e 41 44 47 45     ACCYACKSACONADGE
     6bb:	41 44 4c 59 41 47 45 4c 41 47 47 59 41 48 54 53     ADLYAGELAGGYAHTS
     6cb:	41 49 4c 53 41 49 52 4e 41 49 54 53 41 49 5a 41     AILSAIRNAITSAIZA
     6db:	41 49 5a 45 41 4b 45 44 41 4b 45 52 41 4b 45 53     AIZEAKEDAKERAKES
     6eb:	41 4c 41 53 41 4c 44 53 41 4c 44 59 41 4c 45 44     ALASALDSALDYALED
     6fb:	41 4c 45 52 41 4c 45 53 41 4c 4b 53 41 4c 4b 59     ALERALESALKSALKY
     70b:	41 4c 4c 53 41 4c 4c 59 41 4c 4d 53 41 4c 4d 59     ALLSALLYALMSALMY
     71b:	41 4c 53 41 41 4e 41 4c 41 4e 44 53 41 4e 44 59     ALSAANALANDSANDY
     72b:	41 4e 45 53 41 4e 47 53 41 4e 4a 4f 41 4e 4b 53     ANESANGSANJOANKS
     73b:	41 4e 4e 53 41 52 42 53 41 52 44 45 41 52 44 53     ANNSARBSARDEARDS
     74b:	41 52 45 44 41 52 45 52 41 52 45 53 41 52 46 53     AREDARERARESARFS
     75b:	41 52 47 45 41 52 49 43 41 52 49 54 41 52 4b 53     ARGEARICARITARKS
     76b:	41 52 4d 53 41 52 4d 59 41 52 4e 53 41 52 4f 4e     ARMSARMYARNSARON
     77b:	41 52 52 45 41 52 59 45 41 53 41 4c 41 53 45 44     ARREARYEASALASED
     78b:	41 53 45 52 41 53 45 53 41 53 49 43 41 53 49 43     ASERASESASICASIC
     79b:	41 53 49 4c 41 53 49 4e 41 53 49 53 41 53 4b 53     ASILASINASISASKS
     7ab:	41 53 53 4f 41 53 54 45 41 54 43 48 41 54 45 44     ASSOASTEATCHATED
     7bb:	41 54 45 53 41 54 48 45 41 54 48 53 41 54 49 4b     ATESATHEATHSATIK
     7cb:	41 54 4f 4e 41 54 54 59 41 55 44 53 41 57 44 53     ATONATTYAUDSAWDS
     7db:	41 57 44 59 41 57 4c 53 41 59 45 44 41 59 4f 55     AWDYAWLSAYEDAYOU
     7eb:	41 5a 41 52 42 53 45 53 45 41 43 48 45 41 44 53     AZARBSESEACHEADS
     7fb:	45 41 44 59 45 41 4b 53 45 41 4d 53 45 41 4d 59     EADYEAKSEAMSEAMY
     80b:	45 41 4e 4f 45 41 4e 53 45 41 52 44 45 41 52 53     EANOEANSEARDEARS
     81b:	45 41 53 54 45 41 54 53 45 41 55 53 45 41 55 54     EASTEATSEAUSEAUT
     82b:	45 42 4f 50 45 43 4b 53 45 44 45 4c 45 44 45 57     EBOPECKSEDELEDEW
     83b:	45 44 49 4d 45 45 43 48 45 45 46 53 45 45 46 59     EDIMEECHEEFSEEFY
     84b:	45 45 50 53 45 45 52 53 45 45 52 59 45 45 54 53     EEPSEERSEERYEETS
     85b:	45 46 49 54 45 46 4f 47 45 47 41 4e 45 47 41 54     EFITEFOGEGANEGAT
     86b:	45 47 45 54 45 47 49 4e 45 47 4f 54 45 47 55 4d     EGETEGINEGOTEGUM
     87b:	45 47 55 4e 45 49 47 45 45 49 4e 47 45 4c 41 59     EGUNEIGEEINGELAY
     88b:	45 4c 43 48 45 4c 47 41 45 4c 49 45 45 4c 4c 45     ELCHELGAELIEELLE
     89b:	45 4c 4c 53 45 4c 4c 59 45 4c 4f 57 45 4c 54 53     ELLSELLYELOWELTS
     8ab:	45 4d 41 53 45 4e 43 48 45 4e 44 53 45 4e 44 59     EMASENCHENDSENDY
     8bb:	45 4e 4e 45 45 4e 4e 59 45 4e 54 53 45 52 45 54     ENNEENNYENTSERET
     8cb:	45 52 47 53 45 52 4b 53 45 52 4d 53 45 52 52 59     ERGSERKSERMSERRY
     8db:	45 52 54 48 45 52 59 4c 45 53 45 54 45 53 4f 4d     ERTHERYLESETESOM
     8eb:	45 53 4f 54 45 53 54 53 45 54 41 53 45 54 45 4c     ESOTESTSETASETEL
     8fb:	45 54 48 53 45 54 54 41 45 56 45 4c 45 56 56 59     ETHSETTAEVELEVVY
     90b:	45 5a 45 4c 48 41 4a 49 48 41 4e 47 49 41 4c 59     EZELHAJIHANGIALY
     91b:	49 42 4c 45 49 43 45 50 49 44 44 59 49 44 45 53     IBLEICEPIDDYIDES
     92b:	49 44 45 54 49 45 4c 44 49 45 52 53 49 46 46 53     IDETIELDIERSIFFS
     93b:	49 46 49 44 49 47 48 54 49 47 4f 54 49 4a 4f 55     IFIDIGHTIGOTIJOU
     94b:	49 4b 45 44 49 4b 45 52 49 4b 45 53 49 4c 42 4f     IKEDIKERIKESILBO
     95b:	49 4c 47 45 49 4c 4b 53 49 4c 4c 53 49 4c 4c 59     ILGEILKSILLSILLY
     96b:	49 4d 41 48 49 4d 42 4f 49 4e 41 4c 49 4e 44 53     IMAHIMBOINALINDS
     97b:	49 4e 45 53 49 4e 47 45 49 4e 47 4f 49 4f 4d 45     INESINGEINGOIOME
     98b:	49 4f 54 41 49 50 45 44 49 50 4f 44 49 52 43 48     IOTAIPEDIPODIRCH
     99b:	49 52 44 53 49 52 4c 53 49 52 52 53 49 52 54 48     IRDSIRLSIRRSIRTH
     9ab:	49 53 45 53 49 53 4f 4e 49 54 43 48 49 54 45 52     ISESISONITCHITER
     9bb:	49 54 45 53 49 54 54 53 49 54 54 59 4c 41 42 53     ITESITTSITTYLABS
     9cb:	4c 41 43 4b 4c 41 44 45 4c 41 47 53 4c 41 48 53     LACKLADELAGSLAHS
     9db:	4c 41 49 4e 4c 41 4d 45 4c 41 4e 44 4c 41 4e 4b     LAINLAMELANDLANK
     9eb:	4c 41 52 45 4c 41 53 54 4c 41 54 45 4c 41 54 53     LARELASTLATELATS
     9fb:	4c 41 5a 45 4c 45 41 4b 4c 45 41 52 4c 45 41 54     LAZELEAKLEARLEAT
     a0b:	4c 45 42 53 4c 45 45 44 4c 45 45 50 4c 45 4e 44     LEBSLEEDLEEPLEND
     a1b:	4c 45 53 53 4c 49 4d 50 4c 49 4e 44 4c 49 4e 49     LESSLIMPLINDLINI
     a2b:	4c 49 4e 4b 4c 49 50 53 4c 49 53 53 4c 49 54 5a     LINKLIPSLISSLITZ
     a3b:	4c 4f 41 54 4c 4f 42 53 4c 4f 43 4b 4c 4f 43 53     LOATLOBSLOCKLOCS
     a4b:	4c 4f 47 53 4c 4f 4b 45 4c 4f 4e 44 4c 4f 4f 44     LOGSLOKELONDLOOD
     a5b:	4c 4f 4f 4d 4c 4f 4f 50 4c 4f 54 53 4c 4f 57 4e     LOOMLOOPLOTSLOWN
     a6b:	4c 4f 57 53 4c 4f 57 59 4c 55 45 44 4c 55 45 52     LOWSLOWYLUEDLUER
     a7b:	4c 55 45 53 4c 55 45 54 4c 55 45 59 4c 55 46 46     LUESLUETLUEYLUFF
     a8b:	4c 55 4e 54 4c 55 52 42 4c 55 52 53 4c 55 52 54     LUNTLURBLURSLURT
     a9b:	4c 55 53 48 4f 41 52 44 4f 41 52 53 4f 41 52 54     LUSHOARDOARSOART
     aab:	4f 41 53 54 4f 41 54 53 4f 42 42 59 4f 44 45 44     OASTOATSOBBYODED
     abb:	4f 44 45 53 4f 44 47 45 4f 46 46 4f 4f 47 45 59     ODESODGEOFFOOGEY
     acb:	4f 47 47 59 4f 47 49 45 4f 47 4c 45 4f 47 4f 4e     OGGYOGIEOGLEOGON
     adb:	4f 47 55 53 4f 49 4c 53 4f 49 4e 4b 4f 4c 41 53     OGUSOILSOINKOLAS
     aeb:	4f 4c 45 53 4f 4c 4c 53 4f 4c 4f 53 4f 4c 54 53     OLESOLLSOLOSOLTS
     afb:	4f 4c 55 53 4f 4d 42 45 4f 4d 42 53 4f 4e 43 45     OLUSOMBEOMBSONCE
     b0b:	4f 4e 44 53 4f 4e 45 44 4f 4e 45 52 4f 4e 45 53     ONDSONEDONERONES
     b1b:	4f 4e 47 4f 4f 4e 47 53 4f 4e 4b 53 4f 4e 4e 45     ONGOONGSONKSONNE
     b2b:	4f 4e 4e 59 4f 4e 55 53 4f 4e 5a 45 4f 4f 42 53     ONNYONUSONZEOOBS
     b3b:	4f 4f 42 59 4f 4f 45 44 4f 4f 4b 53 4f 4f 4d 53     OOBYOOEDOOKSOOMS
     b4b:	4f 4f 4e 47 4f 4f 4e 53 4f 4f 52 53 4f 4f 53 54     OONGOONSOORSOOST
     b5b:	4f 4f 54 48 4f 4f 54 53 4f 4f 54 59 4f 4f 5a 45     OOTHOOTSOOTYOOZE
     b6b:	4f 4f 5a 59 4f 52 41 4b 4f 52 41 58 4f 52 45 44     OOZYORAKORAXORED
     b7b:	4f 52 45 52 4f 52 45 53 4f 52 47 53 4f 52 49 43     ORERORESORGSORIC
     b8b:	4f 52 4e 45 4f 52 4f 4e 4f 53 4b 59 4f 53 4f 4d     ORNEORONOSKYOSOM
     b9b:	4f 53 4f 4e 4f 53 53 59 4f 54 43 48 4f 54 45 4c     OSONOSSYOTCHOTEL
     bab:	4f 54 48 59 4f 55 47 48 4f 55 4c 45 4f 55 4e 44     OTHYOUGHOULEOUND
     bbb:	4f 55 53 45 4f 55 54 53 4f 56 49 44 4f 57 45 44     OUSEOUTSOVIDOWED
     bcb:	4f 57 45 4c 4f 57 45 52 4f 57 4c 53 4f 57 53 45     OWELOWEROWLSOWSE
     bdb:	4f 58 45 44 4f 58 45 4e 4f 58 45 52 4f 58 45 53     OXEDOXENOXEROXES
     beb:	4f 59 41 52 4f 59 4c 41 4f 5a 4f 53 52 41 43 45     OYAROYLAOZOSRACE
     bfb:	52 41 43 48 52 41 43 54 52 41 44 53 52 41 45 53     RACHRACTRADSRAES
     c0b:	52 41 47 53 52 41 49 44 52 41 49 4c 52 41 49 4e     RAGSRAIDRAILRAIN
     c1b:	52 41 4b 45 52 41 4e 44 52 41 4e 54 52 41 53 48     RAKERANDRANTRASH
     c2b:	52 41 53 53 52 41 54 53 52 41 56 45 52 41 56 4f     RASSRATSRAVERAVO
     c3b:	52 41 57 4c 52 41 57 4e 52 41 58 59 52 41 59 53     RAWLRAWNRAXYRAYS
     c4b:	52 41 5a 45 52 45 41 44 52 45 41 4b 52 45 41 4d     RAZEREADREAKREAM
     c5b:	52 45 44 45 52 45 45 44 52 45 4e 54 52 45 56 45     REDEREEDRENTREVE
     c6b:	52 45 57 53 52 49 42 45 52 49 43 4b 52 49 44 45     REWSRIBERICKRIDE
     c7b:	52 49 45 46 52 49 45 52 52 49 47 53 52 49 4c 4c     RIEFRIERRIGSRILL
     c8b:	52 49 4d 53 52 49 4e 45 52 49 4e 47 52 49 4e 4b     RIMSRINERINGRINK
     c9b:	52 49 4e 59 52 49 53 4b 52 49 54 53 52 4f 41 44     RINYRISKRITSROAD
     cab:	52 4f 43 48 52 4f 43 4b 52 4f 49 4c 52 4f 4b 45     ROCHROCKROILROKE
     cbb:	52 4f 4e 43 52 4f 4f 44 52 4f 4f 4b 52 4f 4f 4d     RONCROODROOKROOM
     ccb:	52 4f 53 45 52 4f 54 48 52 4f 57 4e 52 4f 57 53     ROSEROTHROWNROWS
     cdb:	52 55 49 4e 52 55 49 54 52 55 4d 45 52 55 4e 54     RUINRUITRUMERUNT
     ceb:	52 55 53 48 52 55 54 45 55 42 41 4c 55 42 42 41     RUSHRUTEUBALUBBA
     cfb:	55 43 4b 4f 55 43 4b 53 55 44 44 59 55 44 47 45     UCKOUCKSUDDYUDGE
     d0b:	55 45 4e 4f 55 46 46 4f 55 46 46 53 55 47 47 59     UENOUFFOUFFSUGGY
     d1b:	55 47 4c 45 55 48 4c 53 55 49 4c 44 55 49 4c 54     UGLEUHLSUILDUILT
     d2b:	55 4c 42 53 55 4c 47 45 55 4c 47 59 55 4c 4b 53     ULBSULGEULGYULKS
     d3b:	55 4c 4b 59 55 4c 4c 41 55 4c 4c 53 55 4c 4c 59     ULKYULLAULLSULLY
     d4b:	55 4d 50 48 55 4d 50 53 55 4d 50 59 55 4e 43 48     UMPHUMPSUMPYUNCH
     d5b:	55 4e 43 4f 55 4e 47 53 55 4e 4b 53 55 4e 4e 59     UNCOUNGSUNKSUNNY
     d6b:	55 4e 54 53 55 4f 59 53 55 52 41 4e 55 52 42 53     UNTSUOYSURANURBS
     d7b:	55 52 45 54 55 52 47 48 55 52 47 53 55 52 49 4e     URETURGHURGSURIN
     d8b:	55 52 4b 41 55 52 4b 45 55 52 4c 53 55 52 4c 59     URKAURKEURLSURLY
     d9b:	55 52 4e 53 55 52 4e 54 55 52 50 53 55 52 52 4f     URNSURNTURPSURRO
     dab:	55 52 52 53 55 52 52 59 55 52 53 41 55 52 53 45     URRSURRYURSAURSE
     dbb:	55 52 53 54 55 53 42 59 55 53 45 44 55 53 45 53     URSTUSBYUSEDUSES
     dcb:	55 53 48 59 55 53 4b 53 55 53 54 53 55 53 54 59     USHYUSKSUSTSUSTY
     ddb:	55 54 43 48 55 54 45 4f 55 54 54 45 55 54 54 53     UTCHUTEOUTTEUTTS
     deb:	55 54 54 59 55 54 55 54 55 54 59 4c 55 58 4f 4d     UTTYUTUTUTYLUXOM
     dfb:	55 59 45 52 57 41 4e 41 59 4c 41 57 59 52 45 53     UYERWANAYLAWYRES
     e0b:	59 54 45 53 59 57 41 59 41 42 41 4c 41 42 42 59     YTESYWAYABALABBY
     e1b:	41 42 45 52 41 42 49 4e 41 42 4c 45 41 42 4f 42     ABERABINABLEABOB
     e2b:	41 43 41 4f 41 43 48 45 41 43 54 49 41 44 45 54     ACAOACHEACTIADET
     e3b:	41 44 47 45 41 44 52 45 41 46 46 53 41 47 45 44     ADGEADREAFFSAGED
     e4b:	41 47 45 52 41 47 45 53 41 47 45 59 41 49 52 44     AGERAGESAGEYAIRD
     e5b:	41 49 52 4e 41 4b 45 44 41 4b 45 53 41 4c 4b 53     AIRNAKEDAKESALKS
     e6b:	41 4c 4c 41 41 4c 4c 53 41 4c 4d 53 41 4c 56 45     ALLAALLSALMSALVE
     e7b:	41 4c 59 58 41 4d 45 4c 41 4d 45 4f 41 4d 50 4f     ALYXAMELAMEOAMPO
     e8b:	41 4d 50 53 41 4d 50 59 41 4e 41 4c 41 4e 44 59     AMPSAMPYANALANDY
     e9b:	41 4e 45 44 41 4e 45 52 41 4e 45 53 41 4e 4e 41     ANEDANERANESANNA
     eab:	41 4e 4e 59 41 4e 4f 45 41 4e 4f 4e 41 4e 53 4f     ANNYANOEANONANSO
     ebb:	41 4e 53 54 41 4e 54 4f 41 4e 54 53 41 4e 54 59     ANSTANTOANTSANTY
     ecb:	41 50 45 44 41 50 45 52 41 50 45 53 41 50 4f 4e     APEDAPERAPESAPON
     edb:	41 50 4f 53 41 50 55 54 41 52 41 54 41 52 44 53     APOSAPUTARATARDS
     eeb:	41 52 45 44 41 52 45 52 41 52 45 53 41 52 45 54     AREDARERARESARET
     efb:	41 52 47 4f 41 52 4b 53 41 52 4e 59 41 52 4f 42     ARGOARKSARNYAROB
     f0b:	41 52 4f 4c 41 52 4f 4d 41 52 50 49 41 52 50 53     AROLAROMARPIARPS
     f1b:	41 52 52 59 41 52 53 45 41 52 54 45 41 52 54 53     ARRYARSEARTEARTS
     f2b:	41 52 56 45 41 53 45 44 41 53 45 53 41 53 4b 53     ARVEASEDASESASKS
     f3b:	41 53 54 45 41 53 54 53 41 54 43 48 41 54 45 52     ASTEASTSATCHATER
     f4b:	41 54 54 59 41 55 44 41 41 55 4c 4b 41 55 4c 53     ATTYAUDAAULKAULS
     f5b:	41 55 53 45 41 56 45 44 41 56 45 52 41 56 45 53     AUSEAVEDAVERAVES
     f6b:	41 56 49 45 41 56 49 4c 41 57 45 44 45 41 53 45     AVIEAVILAWEDEASE
     f7b:	45 43 41 4c 45 43 55 4d 45 44 41 52 45 44 45 44     ECALECUMEDAREDED
     f8b:	45 44 45 52 45 44 45 53 45 44 49 53 45 49 42 41     EDEREDESEDISEIBA
     f9b:	45 4c 45 42 45 4c 4c 41 45 4c 4c 4f 45 4c 4c 53     ELEBELLAELLOELLS
     fab:	45 4c 4f 4d 45 4e 53 45 45 4e 54 4f 45 4e 54 4f     ELOMENSEENTOENTO
     fbb:	45 4e 54 53 45 4f 52 4c 45 52 45 44 45 52 45 53     ENTSEORLEREDERES
     fcb:	45 52 49 41 45 52 49 43 45 52 4f 53 45 52 54 53     ERIAERICEROSERTS
     fdb:	45 53 41 52 45 53 54 41 48 41 44 53 48 41 46 45     ESARESTAHADSHAFE
     feb:	48 41 46 46 48 41 49 4e 48 41 49 52 48 41 4c 4b     HAFFHAINHAIRHALK
     ffb:	48 41 4d 50 48 41 4e 54 48 41 4f 53 48 41 50 45     HAMPHANTHAOSHAPE
    100b:	48 41 50 53 48 41 52 44 48 41 52 45 48 41 52 4d     HAPSHARDHAREHARM
    101b:	48 41 52 52 48 41 52 53 48 41 52 54 48 41 52 59     HARRHARSHARTHARY
    102b:	48 41 53 45 48 41 53 4d 48 41 54 53 48 41 57 53     HASEHASMHATSHAWS
    103b:	48 45 41 50 48 45 41 54 48 45 43 4b 48 45 45 4b     HEAPHEATHECKHEEK
    104b:	48 45 45 50 48 45 45 52 48 45 46 53 48 45 4c 41     HEEPHEERHEFSHELA
    105b:	48 45 4d 4f 48 45 52 54 48 45 53 53 48 45 53 54     HEMOHERTHESSHEST
    106b:	48 45 56 59 48 45 57 53 48 45 57 59 48 49 41 4f     HEVYHEWSHEWYHIAO
    107b:	48 49 43 4b 48 49 43 4f 48 49 44 45 48 49 45 46     HICKHICOHIDEHIEF
    108b:	48 49 4c 44 48 49 4c 49 48 49 4c 4c 48 49 4d 42     HILDHILIHILLHIMB
    109b:	48 49 4d 45 48 49 4d 50 48 49 4e 41 48 49 4e 45     HIMEHIMPHINAHINE
    10ab:	48 49 4e 4b 48 49 4e 4f 48 49 4e 53 48 49 50 53     HINKHINOHINSHIPS
    10bb:	48 49 52 4b 48 49 52 4d 48 49 52 50 48 49 52 52     HIRKHIRMHIRPHIRR
    10cb:	48 49 54 53 48 49 56 45 48 49 56 59 48 4f 43 4b     HITSHIVEHIVYHOCK
    10db:	48 4f 43 53 48 4f 49 52 48 4f 4b 45 48 4f 4c 49     HOCSHOIRHOKEHOLI
    10eb:	48 4f 4d 50 48 4f 4f 4b 48 4f 50 53 48 4f 52 44     HOMPHOOKHOPSHORD
    10fb:	48 4f 52 45 48 4f 53 45 48 4f 57 53 48 52 4f 4e     HOREHOSEHOWSHRON
    110b:	48 55 42 53 48 55 43 4b 48 55 46 41 48 55 46 46     HUBSHUCKHUFAHUFF
    111b:	48 55 47 53 48 55 4d 50 48 55 4d 53 48 55 4e 4b     HUGSHUMPHUMSHUNK
    112b:	48 55 52 4c 48 55 52 4e 48 55 52 52 48 55 54 45     HURLHURNHURRHUTE
    113b:	48 59 4c 45 48 59 4d 45 49 41 4f 53 49 44 45 52     HYLEHYMEIAOSIDER
    114b:	49 47 41 52 49 4c 49 41 49 4d 45 58 49 4e 43 48     IGARILIAIMEXINCH
    115b:	49 52 43 41 49 52 52 49 49 53 43 4f 49 54 45 44     IRCAIRRIISCOITED
    116b:	49 54 45 53 49 56 45 54 49 56 49 43 49 56 49 4c     ITESIVETIVICIVIL
    117b:	4c 41 43 4b 4c 41 49 4d 4c 41 4d 50 4c 41 4d 53     LACKLAIMLAMPLAMS
    118b:	4c 41 4e 47 4c 41 4e 4b 4c 41 4e 53 4c 41 50 53     LANGLANKLANSLAPS
    119b:	4c 41 52 4f 4c 41 52 59 4c 41 53 48 4c 41 53 50     LAROLARYLASHLASP
    11ab:	4c 41 53 53 4c 41 56 45 4c 41 56 49 4c 41 57 53     LASSLAVELAVILAWS
    11bb:	4c 41 59 53 4c 45 41 4e 4c 45 41 52 4c 45 41 54     LAYSLEANLEARLEAT
    11cb:	4c 45 45 4b 4c 45 46 53 4c 45 46 54 4c 45 50 45     LEEKLEFSLEFTLEPE
    11db:	4c 45 52 4b 4c 45 57 53 4c 49 43 4b 4c 49 46 46     LERKLEWSLICKLIFF
    11eb:	4c 49 4d 42 4c 49 4d 45 4c 49 4e 45 4c 49 4e 47     LIMBLIMELINELING
    11fb:	4c 49 4e 4b 4c 49 50 53 4c 4f 41 4b 4c 4f 43 4b     LINKLIPSLOAKLOCK
    120b:	4c 4f 44 53 4c 4f 47 53 4c 4f 4d 42 4c 4f 4d 50     LODSLOGSLOMBLOMP
    121b:	4c 4f 4e 45 4c 4f 4e 4b 4c 4f 50 53 4c 4f 53 45     LONELONKLOPSLOSE
    122b:	4c 4f 54 48 4c 4f 54 53 4c 4f 55 44 4c 4f 55 54     LOTHLOTSLOUDLOUT
    123b:	4c 4f 56 45 4c 4f 57 4e 4c 4f 59 53 4c 55 42 53     LOVELOWNLOYSLUBS
    124b:	4c 55 43 4b 4c 55 45 44 4c 55 45 53 4c 55 4d 50     LUCKLUEDLUESLUMP
    125b:	4c 55 4e 47 4c 55 4e 4b 4f 41 43 48 4f 41 43 54     LUNGLUNKOACHOACT
    126b:	4f 41 4c 53 4f 41 4c 59 4f 41 53 54 4f 41 54 49     OALSOALYOASTOATI
    127b:	4f 41 54 53 4f 42 49 41 4f 42 4c 45 4f 42 4f 4c     OATSOBIAOBLEOBOL
    128b:	4f 42 52 41 4f 43 43 49 4f 43 4b 53 4f 43 4b 59     OBRAOCCIOCKSOCKY
    129b:	4f 43 4f 41 4f 43 4f 53 4f 44 41 53 4f 44 45 44     OCOAOCOSODASODED
    12ab:	4f 44 45 52 4f 44 45 53 4f 44 45 58 4f 44 4f 4e     ODERODESODEXODON
    12bb:	4f 45 44 53 4f 47 4f 4e 4f 48 4f 53 4f 49 46 53     OEDSOGONOHOSOIFS
    12cb:	4f 49 47 4e 4f 49 4c 53 4f 49 4e 53 4f 49 52 53     OIGNOILSOINSOIRS
    12db:	4f 4b 45 44 4f 4b 45 53 4f 4c 41 53 4f 4c 44 53     OKEDOKESOLASOLDS
    12eb:	4f 4c 45 53 4f 4c 45 59 4f 4c 49 43 4f 4c 4c 59     OLESOLEYOLICOLLY
    12fb:	4f 4c 4f 4e 4f 4c 4f 52 4f 4c 54 53 4f 4c 5a 41     OLONOLOROLTSOLZA
    130b:	4f 4d 41 53 4f 4d 42 45 4f 4d 42 4f 4f 4d 42 53     OMASOMBEOMBOOMBS
    131b:	4f 4d 44 47 4f 4d 45 52 4f 4d 45 53 4f 4d 45 54     OMDGOMEROMESOMET
    132b:	4f 4d 46 59 4f 4d 49 43 4f 4d 4d 41 4f 4d 50 4f     OMFYOMICOMMAOMPO
    133b:	4f 4d 50 53 4f 4e 43 48 4f 4e 44 4f 4f 4e 45 44     OMPSONCHONDOONED
    134b:	4f 4e 45 53 4f 4e 47 41 4f 4e 49 43 4f 4e 4b 53     ONESONGAONICONKS
    135b:	4f 4e 4e 53 4f 4e 54 44 4f 4e 54 45 4f 4e 54 4f     ONNSONTDONTEONTO
    136b:	4f 4e 54 52 4f 4f 45 44 4f 4f 45 45 4f 4f 4b 53     ONTROOEDOOEEOOKS
    137b:	4f 4f 4c 53 4f 4f 4d 42 4f 4f 4e 53 4f 4f 50 53     OOLSOOMBOONSOOPS
    138b:	4f 4f 54 53 4f 50 41 4c 4f 50 41 59 4f 50 45 44     OOTSOPALOPAYOPED
    139b:	4f 50 45 52 4f 50 45 53 4f 50 52 41 4f 50 53 45     OPEROPESOPRAOPSE
    13ab:	4f 52 41 4c 4f 52 44 53 4f 52 45 44 4f 52 45 52     ORALORDSOREDORER
    13bb:	4f 52 45 53 4f 52 47 49 4f 52 49 41 4f 52 4b 53     ORESORGIORIAORKS
    13cb:	4f 52 4b 59 4f 52 4d 53 4f 52 4e 53 4f 52 4e 55     ORKYORMSORNSORNU
    13db:	4f 52 4e 59 4f 52 50 53 4f 52 53 45 4f 53 45 43     ORNYORPSORSEOSEC
    13eb:	4f 53 45 54 4f 53 54 41 4f 53 54 45 4f 53 54 53     OSETOSTAOSTEOSTS
    13fb:	4f 54 45 53 4f 54 54 41 4f 55 43 48 4f 55 47 48     OTESOTTAOUCHOUGH
    140b:	4f 55 4c 44 4f 55 4e 54 4f 55 50 45 4f 55 50 53     OULDOUNTOUPEOUPS
    141b:	4f 55 52 54 4f 55 54 48 4f 56 45 4e 4f 56 45 52     OURTOUTHOVENOVER
    142b:	4f 56 45 53 4f 56 45 54 4f 56 45 59 4f 56 49 4e     OVESOVETOVEYOVIN
    143b:	4f 57 45 44 4f 57 45 52 4f 57 4c 53 4f 58 41 45     OWEDOWEROWLSOXAE
    144b:	4f 58 45 44 4f 58 45 53 4f 59 45 52 4f 59 4c 59     OXEDOXESOYEROYLY
    145b:	4f 59 50 55 4f 5a 45 4e 52 41 41 4c 52 41 42 53     OYPUOZENRAALRABS
    146b:	52 41 43 4b 52 41 46 54 52 41 47 53 52 41 4b 45     RACKRAFTRAGSRAKE
    147b:	52 41 4d 50 52 41 4d 53 52 41 4e 45 52 41 4e 4b     RAMPRAMSRANERANK
    148b:	52 41 50 45 52 41 50 53 52 41 50 59 52 41 53 48     RAPERAPSRAPYRASH
    149b:	52 41 53 53 52 41 54 45 52 41 56 45 52 41 57 4c     RASSRATERAVERAWL
    14ab:	52 41 57 53 52 41 59 53 52 41 5a 45 52 41 5a 59     RAWSRAYSRAZERAZY
    14bb:	52 45 41 4b 52 45 41 4d 52 45 44 4f 52 45 45 44     REAKREAMREDOREED
    14cb:	52 45 45 4b 52 45 45 4c 52 45 45 50 52 45 4d 45     REEKREELREEPREME
    14db:	52 45 50 45 52 45 50 54 52 45 53 53 52 45 53 54     REPEREPTRESSREST
    14eb:	52 45 57 53 52 49 42 53 52 49 43 4b 52 49 45 44     REWSRIBSRICKRIED
    14fb:	52 49 45 52 52 49 45 53 52 49 4d 45 52 49 4d 50     RIERRIESRIMERIMP
    150b:	52 49 4e 45 52 49 53 50 52 4f 41 4b 52 4f 43 4b     RINERISPROAKROCK
    151b:	52 4f 46 54 52 4f 4e 45 52 4f 4e 4b 52 4f 4e 59     ROFTRONERONKRONY
    152b:	52 4f 4f 4b 52 4f 4f 4e 52 4f 50 53 52 4f 52 45     ROOKROONROPSRORE
    153b:	52 4f 53 53 52 4f 55 50 52 4f 57 44 52 4f 57 4e     ROSSROUPROWDROWN
    154b:	52 4f 57 53 52 4f 5a 45 52 55 43 4b 52 55 44 45     ROWSROZERUCKRUDE
    155b:	52 55 45 4c 52 55 45 54 52 55 46 54 52 55 4d 42     RUELRUETRUFTRUMB
    156b:	52 55 4d 50 52 55 53 45 52 55 53 48 52 55 53 54     RUMPRUSERUSHRUST
    157b:	52 57 54 48 52 59 50 54 52 59 53 54 55 42 42 59     RWTHRYPTRYSTUBBY
    158b:	55 42 45 42 55 42 45 44 55 42 45 52 55 42 45 53     UBEBUBEDUBERUBES
    159b:	55 42 49 43 55 42 49 54 55 44 44 59 55 46 46 53     UBICUBITUDDYUFFS
    15ab:	55 49 4e 47 55 4b 45 53 55 4c 43 48 55 4c 45 54     UINGUKESULCHULET
    15bb:	55 4c 45 58 55 4c 4c 53 55 4c 4c 59 55 4c 4d 53     ULEXULLSULLYULMS
    15cb:	55 4c 50 41 55 4c 54 53 55 4d 49 4e 55 4e 54 53     ULPAULTSUMINUNTS
    15db:	55 50 45 4c 55 50 49 44 55 50 50 41 55 52 42 53     UPELUPIDUPPAURBS
    15eb:	55 52 43 48 55 52 44 53 55 52 44 59 55 52 45 44     URCHURDSURDYURED
    15fb:	55 52 45 52 55 52 45 53 55 52 45 54 55 52 49 41     URERURESURETURIA
    160b:	55 52 49 45 55 52 49 4f 55 52 4c 53 55 52 4c 59     URIEURIOURLSURLY
    161b:	55 52 52 59 55 52 53 45 55 52 56 45 55 52 56 59     URRYURSEURVEURVY
    162b:	55 53 45 43 55 53 48 59 55 53 4b 53 55 53 50 53     USECUSHYUSKSUSPS
    163b:	55 54 43 48 55 54 45 52 55 54 45 59 55 54 49 45     UTCHUTERUTEYUTIE
    164b:	55 54 49 4e 55 54 49 53 55 54 54 59 55 54 55 50     UTINUTISUTTYUTUP
    165b:	59 43 41 44 59 43 4c 45 59 4c 49 58 59 4d 41 52     YCADYCLEYLIXYMAR
    166b:	59 4d 41 53 59 4d 45 53 59 4e 49 43 59 53 54 53     YMASYMESYNICYSTS
    167b:	59 54 4f 4e 5a 41 52 53 41 43 45 53 41 43 48 41     YTONZARSACESACHA
    168b:	41 44 41 53 41 44 44 59 41 46 46 59 41 47 4f 53     ADASADDYAFFYAGOS
    169b:	41 48 4c 53 41 49 4c 59 41 49 52 59 41 49 53 59     AHLSAILYAIRYAISY
    16ab:	41 4c 45 53 41 4c 4c 59 41 4d 41 4e 41 4d 41 52     ALESALLYAMANAMAR
    16bb:	41 4d 45 53 41 4d 4e 53 41 4d 50 53 41 4e 43 45     AMESAMNSAMPSANCE
    16cb:	41 4e 44 59 41 4e 47 53 41 4e 49 4f 41 52 45 44     ANDYANGSANIOARED
    16db:	41 52 45 52 41 52 45 53 41 52 49 43 41 52 4b 59     ARERARESARICARKY
    16eb:	41 52 4e 53 41 52 54 53 41 54 45 44 41 54 45 52     ARNSARTSATEDATER
    16fb:	41 54 45 53 41 54 55 4d 41 55 42 45 41 55 42 53     ATESATUMAUBEAUBS
    170b:	41 55 4e 54 41 56 49 54 41 57 4e 53 41 5a 45 44     AUNTAVITAWNSAZED
    171b:	41 5a 45 53 44 49 4e 47 45 41 4c 53 45 41 4c 54     AZESDINGEALSEALT
    172b:	45 41 4e 53 45 41 52 53 45 41 52 59 45 41 54 48     EANSEARSEARYEATH
    173b:	45 42 41 47 45 42 41 52 45 42 49 54 45 42 54 53     EBAGEBAREBITEBTS
    174b:	45 42 55 47 45 42 55 53 45 42 55 54 45 43 41 46     EBUGEBUSEBUTECAF
    175b:	45 43 41 4c 45 43 41 59 45 43 45 44 45 43 4b 53     ECALECAYECEDECKS
    176b:	45 43 4f 52 45 43 4f 59 45 43 52 59 45 44 41 4c     ECORECOYECRYEDAL
    177b:	45 45 44 53 45 45 4d 53 45 45 50 53 45 46 45 52     EEDSEEMSEEPSEFER
    178b:	45 46 4f 47 45 47 41 53 45 49 43 45 45 49 46 59     EFOGEGASEICEEIFY
    179b:	45 49 47 4e 45 49 53 4d 45 49 53 54 45 49 54 59     EIGNEISMEISTEITY
    17ab:	45 4b 4b 4f 45 4c 41 59 45 4c 46 54 45 4c 49 53     EKKOELAYELFTELIS
    17bb:	45 4c 4c 53 45 4c 54 41 45 4c 56 45 45 4d 49 54     ELLSELTAELVEEMIT
    17cb:	45 4d 4f 42 45 4d 4f 4e 45 4d 4f 53 45 4d 55 52     EMOBEMONEMOSEMUR
    17db:	45 4e 41 52 45 4e 49 4d 45 4e 4f 4d 45 4e 53 45     ENARENIMENOMENSE
    17eb:	45 4e 54 53 45 50 4f 54 45 50 54 48 45 52 42 59     ENTSEPOTEPTHERBY
    17fb:	45 52 49 56 45 52 4d 41 45 52 52 59 45 53 45 58     ERIVERMAERRYESEX
    180b:	45 53 4b 53 45 54 45 52 45 54 4f 58 45 55 43 45     ESKSETERETOXEUCE
    181b:	45 56 49 4c 45 57 41 4e 48 4f 42 49 48 4f 4c 45     EVILEWANHOBIHOLE
    182b:	48 4f 54 49 48 4f 57 53 49 41 4c 53 49 41 52 59     HOTIHOWSIALSIARY
    183b:	49 41 5a 4f 49 43 45 44 49 43 45 52 49 43 45 53     IAZOICEDICERICES
    184b:	49 43 45 59 49 43 4b 53 49 43 4f 54 49 43 54 41     ICEYICKSICOTICTA
    185b:	49 44 53 54 49 45 54 53 49 46 46 53 49 47 48 54     IDSTIETSIFFSIGHT
    186b:	49 47 49 54 49 4b 45 44 49 4b 45 53 49 4c 44 4f     IGITIKEDIKESILDO
    187b:	49 4c 4c 53 49 4c 4c 59 49 4d 45 52 49 4d 45 53     ILLSILLYIMERIMES
    188b:	49 4d 4c 59 49 4e 41 52 49 4e 45 44 49 4e 45 52     IMLYINARINEDINER
    189b:	49 4e 45 53 49 4e 47 45 49 4e 47 4f 49 4e 47 53     INESINGEINGOINGS
    18ab:	49 4e 47 59 49 4e 4b 59 49 4e 54 53 49 4f 44 45     INGYINKYINTSIODE
    18bb:	49 50 50 59 49 50 53 4f 49 52 45 52 49 52 47 45     IPPYIPSOIRERIRGE
    18cb:	49 52 4b 53 49 52 54 59 49 53 43 4f 49 53 43 53     IRKSIRTYISCOISCS
    18db:	49 53 48 59 49 53 4b 53 49 53 54 52 49 54 43 48     ISHYISKSISTRITCH
    18eb:	49 54 53 59 49 54 54 4f 49 54 54 59 49 56 41 4e     ITSYITTOITTYIVAN
    18fb:	49 56 41 53 49 56 45 44 49 56 45 52 49 56 45 53     IVASIVEDIVERIVES
    190b:	49 56 4f 54 49 56 56 59 49 57 41 4e 49 58 49 45     IVOTIVVYIWANIXIE
    191b:	49 5a 45 4e 49 5a 5a 59 4f 42 42 59 4f 42 4c 41     IZENIZZYOBBYOBLA
    192b:	4f 42 52 41 4f 43 4b 53 4f 44 47 45 4f 44 47 59     OBRAOCKSODGEODGY
    193b:	4f 44 4f 53 4f 45 52 53 4f 46 46 53 4f 47 45 53     ODOSOERSOFFSOGES
    194b:	4f 47 47 4f 4f 47 47 59 4f 47 49 45 4f 47 4d 41     OGGOOGGYOGIEOGMA
    195b:	4f 49 4c 59 4f 49 4e 47 4f 4c 43 45 4f 4c 45 44     OILYOINGOLCEOLED
    196b:	4f 4c 45 53 4f 4c 4c 53 4f 4c 4c 59 4f 4c 4f 52     OLESOLLSOLLYOLOR
    197b:	4f 4c 54 53 4f 4d 45 44 4f 4d 45 53 4f 4e 41 53     OLTSOMEDOMESONAS
    198b:	4f 4e 45 45 4f 4e 47 41 4f 4e 47 53 4f 4e 4e 41     ONEEONGAONGSONNA
    199b:	4f 4e 4f 52 4f 4f 4d 53 4f 4f 52 53 4f 4f 5a 59     ONOROOMSOORSOOZY
    19ab:	4f 50 45 44 4f 50 45 52 4f 50 45 53 4f 50 45 59     OPEDOPEROPESOPEY
    19bb:	4f 52 4b 53 4f 52 4b 59 4f 52 4d 53 4f 52 54 59     ORKSORKYORMSORTY
    19cb:	4f 53 45 44 4f 53 45 53 4f 54 45 44 4f 54 45 52     OSEDOSESOTEDOTER
    19db:	4f 54 45 53 4f 54 54 59 4f 55 42 54 4f 55 43 45     OTESOTTYOUBTOUCE
    19eb:	4f 55 47 48 4f 55 4d 41 4f 55 53 45 4f 56 41 50     OUGHOUMAOUSEOVAP
    19fb:	4f 56 45 53 4f 57 44 59 4f 57 45 4c 4f 57 45 52     OVESOWDYOWELOWER
    1a0b:	4f 57 49 45 4f 57 4e 53 4f 57 4e 59 4f 57 52 59     OWIEOWNSOWNYOWRY
    1a1b:	4f 57 53 45 4f 59 45 4e 4f 5a 45 44 4f 5a 45 4e     OWSEOYENOZEDOZEN
    1a2b:	4f 5a 45 52 4f 5a 45 53 52 41 42 53 52 41 46 46     OZEROZESRABSRAFF
    1a3b:	52 41 46 54 52 41 47 53 52 41 49 4e 52 41 4b 45     RAFTRAGSRAINRAKE
    1a4b:	52 41 4d 41 52 41 4d 53 52 41 4e 4b 52 41 50 45     RAMARAMSRANKRAPE
    1a5b:	52 41 57 4c 52 41 57 4e 52 41 57 53 52 41 59 53     RAWLRAWNRAWSRAYS
    1a6b:	52 45 41 44 52 45 41 4d 52 45 41 52 52 45 47 53     READREAMREARREGS
    1a7b:	52 45 53 53 52 49 45 44 52 49 45 52 52 49 45 53     RESSRIEDRIERRIES
    1a8b:	52 49 46 54 52 49 4c 4c 52 49 4e 4b 52 49 50 53     RIFTRILLRINKRIPS
    1a9b:	52 49 56 45 52 4f 49 44 52 4f 49 54 52 4f 4c 4c     RIVEROIDROITROLL
    1aab:	52 4f 4e 45 52 4f 4f 4c 52 4f 4f 50 52 4f 50 53     RONEROOLROOPROPS
    1abb:	52 4f 53 53 52 4f 56 45 52 4f 57 4e 52 55 42 53     ROSSROVEROWNRUBS
    1acb:	52 55 47 53 52 55 49 44 52 55 4d 53 52 55 4e 4b     RUGSRUIDRUMSRUNK
    1adb:	52 55 50 45 52 55 53 45 52 59 41 44 52 59 45 52     RUPERUSERYADRYER
    1aeb:	52 59 4c 59 55 41 44 53 55 41 4c 53 55 43 41 4c     RYLYUADSUALSUCAL
    1afb:	55 43 41 54 55 43 48 59 55 43 4b 53 55 43 4b 59     UCATUCHYUCKSUCKY
    1b0b:	55 43 54 53 55 44 45 44 55 44 45 53 55 45 4c 53     UCTSUDEDUDESUELS
    1b1b:	55 45 54 53 55 46 46 53 55 4b 45 53 55 4c 49 41     UETSUFFSUKESULIA
    1b2b:	55 4c 4c 53 55 4c 4c 59 55 4c 53 45 55 4d 42 4f     ULLSULLYULSEUMBO
    1b3b:	55 4d 4d 59 55 4d 50 53 55 4d 50 59 55 4e 43 45     UMMYUMPSUMPYUNCE
    1b4b:	55 4e 45 53 55 4e 47 53 55 4e 4b 53 55 4e 4e 4f     UNESUNGSUNKSUNNO
    1b5b:	55 4f 4d 4f 55 50 45 44 55 50 45 52 55 50 45 53     UOMOUPEDUPERUPES
    1b6b:	55 50 4c 45 55 50 50 59 55 52 52 41 55 52 53 54     UPLEUPPYURRAURST
    1b7b:	55 52 55 4d 55 53 4b 59 55 53 54 53 55 53 54 59     URUMUSKYUSTSUSTY
    1b8b:	55 54 43 48 55 56 45 54 57 41 52 46 57 45 45 42     UTCHUVETWARFWEEB
    1b9b:	57 45 4c 4c 57 45 4c 54 59 41 44 53 59 45 52 53     WELLWELTYADSYERS
    1bab:	59 49 4e 47 59 4b 45 53 59 4e 45 53 41 47 45 52     YINGYKESYNESAGER
    1bbb:	41 47 4c 45 41 47 52 45 41 52 45 44 41 52 4c 53     AGLEAGREAREDARLS
    1bcb:	41 52 4c 59 41 52 4e 53 41 52 54 48 41 53 45 44     ARLYARNSARTHASED
    1bdb:	41 53 45 4c 41 53 45 53 41 54 45 4e 41 54 45 52     ASELASESATENATER
    1beb:	41 56 45 53 42 42 45 44 42 4f 4e 59 43 48 4f 53     AVESBBEDBONYCHOS
    1bfb:	44 45 4d 41 44 47 45 44 44 47 45 52 44 47 45 53     DEMADGEDDGERDGES
    1c0b:	44 49 43 54 44 49 46 59 44 49 54 53 44 55 43 45     DICTDIFYDITSDUCE
    1c1b:	44 55 43 54 45 52 49 45 46 46 45 44 47 41 44 53     DUCTERIEFFEDGADS
    1c2b:	47 45 53 54 47 47 45 44 47 47 45 52 47 52 45 54     GESTGGEDGGERGRET
    1c3b:	49 44 45 52 49 44 4f 53 49 47 48 54 49 4b 4f 4e     IDERIDOSIGHTIKON
    1c4b:	4a 45 43 54 4b 49 4e 47 4c 41 4e 44 4c 41 54 45     JECTKINGLANDLATE
    1c5b:	4c 42 4f 57 4c 44 45 52 4c 45 43 54 4c 45 47 59     LBOWLDERLECTLEGY
    1c6b:	4c 45 4d 49 4c 46 49 4e 4c 49 44 45 4c 49 54 45     LEMILFINLIDELITE
    1c7b:	4c 4f 50 45 4c 55 44 45 4c 55 54 45 4c 56 45 52     LOPELUDELUTELVER
    1c8b:	4c 56 45 53 4d 41 49 4c 4d 42 41 59 4d 42 45 44     LVESMAILMBAYMBED
    1c9b:	4d 42 45 52 4d 42 4f 57 4d 42 55 53 4d 43 45 45     MBERMBOWMBUSMCEE
    1cab:	4d 45 4e 44 4d 45 52 59 4d 49 52 53 4d 49 54 53     MENDMERYMIRSMITS
    1cbb:	4d 4d 45 52 4d 4d 45 54 4d 4f 54 45 4d 50 54 59     MMERMMETMOTEMPTY
    1ccb:	4e 41 43 54 4e 41 54 45 4e 44 45 44 4e 44 4f 57     NACTNATENDEDNDOW
    1cdb:	4e 44 55 45 4e 45 4d 41 4e 45 4d 59 4e 47 49 4e     NDUENEMANEMYNGIN
    1ceb:	4e 4a 4f 59 4e 4e 55 49 4e 53 55 45 4e 54 45 52     NJOYNNUINSUENTER
    1cfb:	4e 54 52 59 4e 56 4f 49 4e 56 4f 59 4f 53 49 4e     NTRYNVOINVOYOSIN
    1d0b:	50 41 43 54 50 48 41 48 50 48 4f 44 50 48 4f 52     PACTPHAHPHODPHOR
    1d1b:	50 49 43 53 50 4f 43 48 50 4f 44 45 50 4f 58 59     PICSPOCHPODEPOXY
    1d2b:	51 55 41 4c 51 55 49 50 51 55 49 56 52 41 53 45     QUALQUIPQUIVRASE
    1d3b:	52 45 43 54 52 47 4f 54 52 4e 45 53 52 4f 44 45     RECTRGOTRNESRODE
    1d4b:	52 4f 53 45 52 52 45 44 52 52 4f 52 52 55 43 54     ROSERREDRRORRUCT
    1d5b:	52 55 47 4f 52 55 50 54 53 4b 45 52 53 53 41 59     RUGORUPTSKERSSAY
    1d6b:	53 54 45 52 53 54 4f 50 54 48 45 52 54 48 49 43     STERSTOPTHERTHIC
    1d7b:	54 48 4f 53 54 48 59 4c 54 4e 41 53 55 4c 41 53     THOSTHYLTNASULAS
    1d8b:	55 52 4f 53 56 41 44 45 56 45 4e 53 56 45 4e 54     UROSVADEVENSVENT
    1d9b:	56 45 52 54 56 45 52 59 56 49 43 54 56 49 4c 53     VERTVERYVICTVILS
    1dab:	56 49 54 45 56 4f 4b 45 57 45 52 53 58 41 43 54     VITEVOKEWERSXACT
    1dbb:	58 41 4c 54 58 41 4d 53 58 43 45 4c 58 43 4c 53     XALTXAMSXCELXCLS
    1dcb:	58 45 41 54 58 45 43 53 58 45 52 54 58 49 4c 45     XEATXECSXERTXILE
    1ddb:	58 49 4e 45 58 49 53 54 58 49 54 53 58 50 41 54     XINEXISTXITSXPAT
    1deb:	58 50 45 4c 58 50 4f 53 58 54 4f 4c 58 54 52 41     XPELXPOSXTOLXTRA
    1dfb:	58 55 44 45 58 55 4c 54 58 55 52 42 59 52 41 53     XUDEXULTXURBYRAS
    1e0b:	59 52 49 52 41 42 4c 45 41 43 45 44 41 43 45 52     YRIRABLEACEDACER
    1e1b:	41 43 45 53 41 43 45 54 41 43 54 53 41 44 44 59     ACESACETACTSADDY
    1e2b:	41 44 45 44 41 44 45 52 41 44 45 53 41 44 47 45     ADEDADERADESADGE
    1e3b:	41 45 4e 41 41 46 46 53 41 47 4f 54 41 49 4c 53     AENAAFFSAGOTAILS
    1e4b:	41 49 4e 54 41 49 52 53 41 49 52 59 41 49 54 48     AINTAIRSAIRYAITH
    1e5b:	41 4b 45 44 41 4b 45 52 41 4b 45 53 41 4b 49 52     AKEDAKERAKESAKIR
    1e6b:	41 4c 4c 53 41 4c 53 45 41 4d 45 44 41 4e 43 59     ALLSALSEAMEDANCY
    1e7b:	41 4e 47 4f 41 4e 47 53 41 4e 4e 59 41 4e 4f 4e     ANGOANGSANNYANON
    1e8b:	41 51 49 52 41 52 41 44 41 52 43 45 41 52 43 49     AQIRARADARCEARCI
    1e9b:	41 52 43 59 41 52 45 44 41 52 45 52 41 52 45 53     ARCYAREDARERARES
    1eab:	41 52 4d 53 41 52 54 53 41 53 54 53 41 54 41 4c     ARMSARTSASTSATAL
    1ebb:	41 54 45 44 41 54 45 53 41 54 4c 59 41 54 53 4f     ATEDATESATLYATSO
    1ecb:	41 54 54 59 41 54 57 41 41 55 47 48 41 55 4c 54     ATTYATWAAUGHAULT
    1edb:	41 55 4e 41 41 55 4e 53 41 55 56 45 41 56 45 53     AUNAAUNSAUVEAVES
    1eeb:	41 56 4f 52 41 56 55 53 41 57 4e 53 41 58 45 44     AVORAVUSAWNSAXED
    1efb:	41 58 45 53 41 59 45 52 41 5a 45 44 41 5a 45 53     AXESAYERAZEDAZES
    1f0b:	45 41 52 53 45 41 53 54 45 41 54 53 45 43 41 4c     EARSEASTEATSECAL
    1f1b:	45 43 45 53 45 43 49 54 45 45 44 53 45 45 4c 53     ECESECITEEDSEELS
    1f2b:	45 45 5a 45 45 49 47 4e 45 49 4e 54 45 4c 49 44     EEZEEIGNEINTELID
    1f3b:	45 4c 4c 41 45 4c 4c 53 45 4c 4c 59 45 4c 4f 4e     ELLAELLSELLYELON
    1f4b:	45 4c 54 53 45 4d 4d 45 45 4d 55 52 45 4e 43 45     ELTSEMMEEMURENCE
    1f5b:	45 4e 44 53 45 4e 4e 59 45 4f 46 46 45 52 41 4c     ENDSENNYEOFFERAL
    1f6b:	45 52 49 41 45 52 4d 49 45 52 4e 53 45 52 4e 59     ERIAERMIERNSERNY
    1f7b:	45 52 52 59 45 53 54 53 45 54 41 4c 45 54 43 48     ERRYESTSETALETCH
    1f8b:	45 54 45 44 45 54 49 44 45 54 4f 52 45 54 55 53     ETEDETIDETORETUS
    1f9b:	45 55 41 52 45 55 44 53 45 56 45 52 45 57 45 52     EUAREUDSEVEREWER
    1fab:	45 59 4c 59 49 41 54 53 49 42 45 52 49 43 48 45     EYLYIATSIBERICHE
    1fbb:	49 43 48 55 49 43 55 53 49 44 47 45 49 45 46 53     ICHUICUSIDGEIEFS
    1fcb:	49 45 4c 44 49 45 4e 44 49 45 52 59 49 46 45 52     IELDIENDIERYIFER
    1fdb:	49 46 45 53 49 46 54 48 49 46 54 59 49 47 48 54     IFESIFTHIFTYIGHT
    1feb:	49 4c 41 52 49 4c 43 48 49 4c 45 44 49 4c 45 52     ILARILCHILEDILER
    1ffb:	49 4c 45 53 49 4c 45 54 49 4c 4c 53 49 4c 4c 59     ILESILETILLSILLY
    200b:	49 4c 4d 53 49 4c 4d 59 49 4c 54 48 49 4c 55 4d     ILMSILMYILTHILUM
    201b:	49 4e 41 4c 49 4e 43 48 49 4e 44 53 49 4e 45 44     INALINCHINDSINED
    202b:	49 4e 45 52 49 4e 45 53 49 4e 49 53 49 4e 4b 53     INERINESINISINKS
    203b:	49 4e 4e 59 49 52 45 44 49 52 45 52 49 52 45 53     INNYIREDIRERIRES
    204b:	49 52 4d 53 49 52 52 59 49 52 53 54 49 52 54 48     IRMSIRRYIRSTIRTH
    205b:	49 53 43 53 49 53 48 59 49 53 54 53 49 54 43 48     ISCSISHYISTSITCH
    206b:	49 54 4c 59 49 56 45 52 49 56 45 53 49 58 45 44     ITLYIVERIVESIXED
    207b:	49 58 45 52 49 58 45 53 49 5a 5a 59 4a 45 4c 44     IXERIXESIZZYJELD
    208b:	4a 4f 52 44 4c 41 43 4b 4c 41 47 53 4c 41 49 4c     JORDLACKLAGSLAIL
    209b:	4c 41 49 52 4c 41 4b 45 4c 41 4b 59 4c 41 4d 45     LAIRLAKELAKYLAME
    20ab:	4c 41 4e 4b 4c 41 4e 53 4c 41 50 53 4c 41 52 45     LANKLANSLAPSLARE
    20bb:	4c 41 53 48 4c 41 53 4b 4c 41 54 53 4c 41 57 53     LASHLASKLATSLAWS
    20cb:	4c 41 57 59 4c 41 59 53 4c 45 41 4d 4c 45 41 53     LAWYLAYSLEAMLEAS
    20db:	4c 45 43 4b 4c 45 45 52 4c 45 45 53 4c 45 45 54     LECKLEERLEESLEET
    20eb:	4c 45 53 48 4c 45 57 53 4c 49 43 4b 4c 49 45 44     LESHLEWSLICKLIED
    20fb:	4c 49 45 52 4c 49 45 53 4c 49 4e 47 4c 49 4e 54     LIERLIESLINGLINT
    210b:	4c 49 50 53 4c 49 52 54 4c 49 54 45 4c 49 54 53     LIPSLIRTLITELITS
    211b:	4c 4f 41 54 4c 4f 43 4b 4c 4f 43 53 4c 4f 45 53     LOATLOCKLOCSLOES
    212b:	4c 4f 47 53 4c 4f 4e 47 4c 4f 4f 44 4c 4f 4f 52     LOGSLONGLOODLOOR
    213b:	4c 4f 50 53 4c 4f 52 41 4c 4f 52 59 4c 4f 53 53     LOPSLORALORYLOSS
    214b:	4c 4f 55 52 4c 4f 55 54 4c 4f 57 4e 4c 4f 57 53     LOURLOUTLOWNLOWS
    215b:	4c 55 42 53 4c 55 45 53 4c 55 46 46 4c 55 49 44     LUBSLUESLUFFLUID
    216b:	4c 55 4b 45 4c 55 4b 59 4c 55 4d 45 4c 55 4d 50     LUKELUKYLUMELUMP
    217b:	4c 55 4e 47 4c 55 4e 4b 4c 55 4f 52 4c 55 53 48     LUNGLUNKLUORLUSH
    218b:	4c 55 54 45 4c 55 54 59 4c 59 42 59 4c 59 54 45     LUTELUTYLYBYLYTE
    219b:	4f 41 4c 53 4f 41 4d 53 4f 41 4d 59 4f 43 41 4c     OALSOAMSOAMYOCAL
    21ab:	4f 43 55 53 4f 45 48 4e 4f 47 47 59 4f 49 4c 53     OCUSOEHNOGGYOILS
    21bb:	4f 49 53 54 4f 4c 44 53 4f 4c 49 41 4f 4c 49 45     OISTOLDSOLIAOLIE
    21cb:	4f 4c 49 4f 4f 4c 4b 53 4f 4c 4c 59 4f 4e 54 53     OLIOOLKSOLLYONTS
    21db:	4f 4f 44 53 4f 4f 4c 53 4f 4f 54 53 4f 4f 54 59     OODSOOLSOOTSOOTY
    21eb:	4f 52 41 59 4f 52 42 59 4f 52 43 45 4f 52 44 4f     ORAYORBYORCEORDO
    21fb:	4f 52 44 53 4f 52 45 53 4f 52 47 45 4f 52 47 4f     ORDSORESORGEORGO
    220b:	4f 52 4b 53 4f 52 4d 45 4f 52 4d 53 4f 52 54 45     ORKSORMEORMSORTE
    221b:	4f 52 54 48 4f 52 54 53 4f 52 54 59 4f 52 55 4d     ORTHORTSORTYORUM
    222b:	4f 53 53 41 4f 53 53 45 4f 55 4c 53 4f 55 4e 44     OSSAOSSEOULSOUND
    223b:	4f 55 4e 54 4f 55 52 53 4f 56 45 41 4f 57 4c 53     OUNTOURSOVEAOWLS
    224b:	4f 58 45 44 4f 58 45 53 4f 59 45 52 52 41 47 53     OXEDOXESOYERRAGS
    225b:	52 41 49 4c 52 41 4d 45 52 41 4e 43 52 41 4e 4b     RAILRAMERANCRANK
    226b:	52 41 50 53 52 41 54 53 52 41 55 44 52 41 59 53     RAPSRATSRAUDRAYS
    227b:	52 45 41 4b 52 45 45 44 52 45 45 52 52 45 45 53     REAKREEDREERREES
    228b:	52 45 4d 44 52 45 4e 41 52 45 53 48 52 45 54 53     REMDRENARESHRETS
    229b:	52 49 41 52 52 49 45 44 52 49 45 53 52 49 47 53     RIARRIEDRIESRIGS
    22ab:	52 49 4c 4c 52 49 53 4b 52 49 54 48 52 49 54 5a     RILLRISKRITHRITZ
    22bb:	52 49 5a 45 52 49 5a 5a 52 4f 43 4b 52 4f 47 53     RIZERIZZROCKROGS
    22cb:	52 4f 4e 44 52 4f 4e 53 52 4f 4e 54 52 4f 52 45     RONDRONSRONTRORE
    22db:	52 4f 53 48 52 4f 53 54 52 4f 54 48 52 4f 57 4e     ROSHROSTROTHROWN
    22eb:	52 4f 5a 45 52 55 49 54 52 55 4d 50 52 59 45 52     ROZERUITRUMPRYER
    22fb:	53 4c 49 43 54 50 45 52 55 42 53 59 55 43 4b 53     SLICTPERUBSYUCKS
    230b:	55 43 55 53 55 44 47 45 55 45 4c 53 55 47 41 4c     UCUSUDGEUELSUGAL
    231b:	55 47 47 59 55 47 55 45 55 4c 4c 53 55 4c 4c 59     UGGYUGUEULLSULLY
    232b:	55 4d 45 44 55 4d 45 53 55 4e 44 53 55 4e 47 49     UMEDUMESUNDSUNGI
    233b:	55 4e 47 4f 55 4e 4b 53 55 4e 4b 59 55 4e 4e 59     UNGOUNKSUNKYUNNY
    234b:	55 52 41 4e 55 52 4c 53 55 52 4f 52 55 52 52 59     URANURLSURORURRY
    235b:	55 52 5a 45 55 52 5a 59 55 53 45 44 55 53 45 45     URZEURZYUSEDUSEE
    236b:	55 53 45 53 55 53 49 4c 55 53 53 59 55 53 54 59     USESUSILUSSYUSTY
    237b:	55 54 4f 4e 55 5a 5a 59 41 42 42 59 41 42 4c 45     UTONUZZYABBYABLE
    238b:	41 44 49 44 41 46 46 45 41 46 46 53 41 49 4c 59     ADIDAFFEAFFSAILY
    239b:	41 49 4e 53 41 49 54 53 41 4c 41 48 41 4c 41 53     AINSAITSALAHALAS
    23ab:	41 4c 45 41 41 4c 45 53 41 4c 4c 53 41 4c 4f 50     ALEAALESALLSALOP
    23bb:	41 4d 42 41 41 4d 45 44 41 4d 45 52 41 4d 45 53     AMBAAMEDAMERAMES
    23cb:	41 4d 49 43 41 4d 49 4e 41 4d 4d 41 41 4d 4d 59     AMICAMINAMMAAMMY
    23db:	41 4d 50 53 41 4d 55 54 41 4e 45 46 41 4e 47 53     AMPSAMUTANEFANGS
    23eb:	41 4e 4a 41 41 4e 4f 46 41 50 45 44 41 50 45 53     ANJAANOFAPEDAPES
    23fb:	41 50 50 59 41 52 42 53 41 52 54 48 41 53 45 53     APPYARBSARTHASES
    240b:	41 53 50 53 41 53 53 59 41 54 45 44 41 54 45 52     ASPSASSYATEDATER
    241b:	41 54 45 53 41 54 4f 52 41 55 44 53 41 55 44 59     ATESATORAUDSAUDY
    242b:	41 55 47 45 41 55 4e 54 41 55 52 53 41 55 53 53     AUGEAUNTAURSAUSS
    243b:	41 55 5a 45 41 55 5a 59 41 56 45 4c 41 57 4b 53     AUZEAUZYAVELAWKS
    244b:	41 57 4b 59 41 57 50 53 41 59 45 52 41 5a 45 44     AWKYAWPSAYERAZED
    245b:	41 5a 45 52 41 5a 45 53 45 41 4e 53 45 41 52 53     AZERAZESEANSEARS
    246b:	45 43 4b 4f 45 45 4b 53 45 45 4b 59 45 45 53 45     ECKOEEKSEEKYEESE
    247b:	45 45 53 54 45 4c 44 53 45 4c 49 44 45 4d 4d 41     EESTELDSELIDEMMA
    248b:	45 4d 4d 59 45 4d 4f 54 45 4e 45 53 45 4e 45 54     EMMYEMOTENESENET
    249b:	45 4e 49 43 45 4e 49 45 45 4e 49 49 45 4e 49 50     ENICENIEENIIENIP
    24ab:	45 4e 49 54 45 4e 4f 41 45 4e 52 45 45 4e 52 4f     ENITENOAENREENRO
    24bb:	45 4e 54 53 45 4e 55 53 45 4f 44 45 45 4f 49 44     ENTSENUSEODEEOID
    24cb:	45 52 41 48 45 52 4d 53 45 52 4d 59 45 53 53 4f     ERAHERMSERMYESSO
    24db:	45 54 55 50 48 41 54 53 48 41 5a 49 48 45 45 53     ETUPHATSHAZIHEES
    24eb:	48 4f 53 54 48 4f 55 4c 48 59 4c 4c 49 41 4e 54     HOSTHOULHYLLIANT
    24fb:	49 42 45 44 49 42 45 52 49 42 45 53 49 44 44 59     IBEDIBERIBESIDDY
    250b:	49 46 54 53 49 47 4f 54 49 47 55 45 49 4c 44 53     IFTSIGOTIGUEILDS
    251b:	49 4c 4c 53 49 4c 54 53 49 4d 45 4c 49 4d 4d 45     ILLSILTSIMELIMME
    252b:	49 4d 50 53 49 4d 50 59 49 4e 4e 59 49 50 4f 4e     IMPSIMPYINNYIPON
    253b:	49 52 44 53 49 52 4c 53 49 52 4c 59 49 52 4f 53     IRDSIRLSIRLYIROS
    254b:	49 52 54 48 49 52 54 53 49 54 45 53 49 56 45 4e     IRTHIRTSITESIVEN
    255b:	49 56 45 52 49 56 45 53 49 5a 4d 4f 4c 41 44 45     IVERIVESIZMOLADE
    256b:	4c 41 44 53 4c 41 49 52 4c 41 4e 44 4c 41 4e 53     LADSLAIRLANDLANS
    257b:	4c 41 52 45 4c 41 52 59 4c 41 53 53 4c 41 5a 45     LARELARYLASSLAZE
    258b:	4c 45 41 4d 4c 45 41 4e 4c 45 42 45 4c 45 44 45     LEAMLEANLEBELEDE
    259b:	4c 45 45 54 4c 45 4e 53 4c 49 41 53 4c 49 44 45     LEETLENSLIASLIDE
    25ab:	4c 49 4e 54 4c 49 54 5a 4c 4f 41 4d 4c 4f 41 54     LINTLITZLOAMLOAT
    25bb:	4c 4f 42 45 4c 4f 42 53 4c 4f 4d 53 4c 4f 4f 4d     LOBELOBSLOMSLOOM
    25cb:	4c 4f 52 59 4c 4f 53 53 4c 4f 56 45 4c 4f 57 53     LORYLOSSLOVELOWS
    25db:	4c 4f 5a 45 4c 55 45 44 4c 55 45 53 4c 55 45 59     LOZELUEDLUESLUEY
    25eb:	4c 55 4d 45 4c 55 4f 4e 4c 55 54 53 4c 59 50 48     LUMELUONLUTSLYPH
    25fb:	4e 41 52 4c 4e 41 53 48 4e 41 54 53 4e 41 57 53     NARLNASHNATSNAWS
    260b:	4e 4f 4d 45 4f 41 44 53 4f 41 4c 53 4f 41 54 53     NOMEOADSOALSOATS
    261b:	4f 44 4c 59 4f 45 52 53 4f 46 45 52 4f 49 4e 47     ODLYOERSOFEROING
    262b:	4f 4c 44 53 4f 4c 45 4d 4f 4c 46 53 4f 4c 4c 59     OLDSOLEMOLFSOLLY
    263b:	4f 4e 41 44 4f 4e 45 52 4f 4e 47 53 4f 4e 49 46     ONADONERONGSONIF
    264b:	4f 4e 4b 53 4f 4e 4e 41 4f 4e 5a 4f 4f 4f 44 53     ONKSONNAONZOOODS
    265b:	4f 4f 44 59 4f 4f 45 59 4f 4f 46 53 4f 4f 46 59     OODYOOEYOOFSOOFY
    266b:	4f 4f 4b 53 4f 4f 4e 53 4f 4f 53 45 4f 4f 53 59     OOKSOONSOOSEOOSY
    267b:	4f 50 41 4b 4f 52 41 4c 4f 52 45 44 4f 52 45 53     OPAKORALOREDORES
    268b:	4f 52 47 45 4f 52 50 53 4f 52 53 45 4f 54 48 53     ORGEORPSORSEOTHS
    269b:	4f 54 54 41 4f 55 47 45 4f 55 52 44 4f 55 54 59     OTTAOUGEOURDOUTY
    26ab:	4f 57 41 4e 4f 57 4e 53 4f 59 49 4d 52 41 42 53     OWANOWNSOYIMRABS
    26bb:	52 41 43 45 52 41 44 45 52 41 44 53 52 41 46 54     RACERADERADSRAFT
    26cb:	52 41 49 4c 52 41 49 4e 52 41 4d 53 52 41 4e 44     RAILRAINRAMSRAND
    26db:	52 41 4e 53 52 41 4e 54 52 41 50 45 52 41 50 48     RANSRANTRAPERAPH
    26eb:	52 41 53 50 52 41 53 53 52 41 54 45 52 41 56 45     RASPRASSRATERAVE
    26fb:	52 41 56 59 52 41 59 53 52 41 5a 45 52 45 41 54     RAVYRAYSRAZEREAT
    270b:	52 45 42 45 52 45 45 44 52 45 45 4e 52 45 45 54     REBEREEDREENREET
    271b:	52 45 50 53 52 49 44 45 52 49 44 53 52 49 45 46     REPSRIDERIDSRIEF
    272b:	52 49 46 54 52 49 4c 4c 52 49 4d 45 52 49 4d 59     RIFTRILLRIMERIMY
    273b:	52 49 4e 44 52 49 4e 53 52 49 50 45 52 49 50 53     RINDRINSRIPERIPS
    274b:	52 49 53 54 52 49 54 48 52 49 54 53 52 4f 41 4e     RISTRITHRITSROAN
    275b:	52 4f 41 54 52 4f 49 4e 52 4f 4b 53 52 4f 4f 4d     ROATROINROKSROOM
    276b:	52 4f 50 45 52 4f 53 53 52 4f 53 5a 52 4f 54 53     ROPEROSSROSZROTS
    277b:	52 4f 55 50 52 4f 55 54 52 4f 56 45 52 4f 57 4c     ROUPROUTROVEROWL
    278b:	52 4f 57 4e 52 4f 57 53 52 55 42 53 52 55 45 4c     ROWNROWSRUBSRUEL
    279b:	52 55 45 53 52 55 46 46 52 55 4d 45 52 55 4d 50     RUESRUFFRUMERUMP
    27ab:	52 55 4e 54 55 41 43 4f 55 41 4e 4f 55 41 4e 53     RUNTUACOUANOUANS
    27bb:	55 41 52 44 55 41 52 53 55 41 56 41 55 43 4b 53     UARDUARSUAVAUCKS
    27cb:	55 45 53 53 55 45 53 54 55 49 44 45 55 49 44 4f     UESSUESTUIDEUIDO
    27db:	55 49 4c 44 55 49 4c 45 55 49 4c 54 55 49 53 45     UILDUILEUILTUISE
    27eb:	55 4c 41 47 55 4c 41 53 55 4c 43 48 55 4c 45 53     ULAGULASULCHULES
    27fb:	55 4c 46 53 55 4c 4c 53 55 4c 4c 59 55 4c 50 53     ULFSULLSULLYULPS
    280b:	55 4d 42 4f 55 4d 4d 41 55 4d 4d 59 55 4e 47 45     UMBOUMMAUMMYUNGE
    281b:	55 4e 47 59 55 4e 4b 59 55 4e 4e 59 55 50 50 59     UNGYUNKYUNNYUPPY
    282b:	55 52 47 45 55 52 55 53 55 53 48 59 55 53 53 59     URGEURUSUSHYUSSY
    283b:	55 53 54 4f 55 53 54 53 55 53 54 59 55 54 53 59     USTOUSTSUSTYUTSY
    284b:	55 54 54 41 55 54 54 59 55 59 45 44 55 59 4f 54     UTTAUTTYUYEDUYOT
    285b:	59 50 53 59 59 52 41 4c 59 52 45 53 59 52 4f 4e     YPSYYRALYRESYRON
    286b:	59 52 4f 53 59 52 55 53 59 56 45 44 59 56 45 53     YROSYRUSYVEDYVES
    287b:	41 42 49 54 41 43 45 4b 41 43 4b 53 41 44 45 53     ABITACEKACKSADES
    288b:	41 44 53 54 41 46 49 5a 41 46 54 53 41 49 4b 55     ADSTAFIZAFTSAIKU
    289b:	41 49 4c 53 41 49 52 53 41 49 52 59 41 4a 45 53     AILSAIRSAIRYAJES
    28ab:	41 4a 4a 49 41 4b 45 53 41 4b 49 4d 41 4c 41 4c     AJJIAKESAKIMALAL
    28bb:	41 4c 45 44 41 4c 45 52 41 4c 45 53 41 4c 4c 53     ALEDALERALESALLS
    28cb:	41 4c 4d 53 41 4c 4f 4e 41 4c 4f 53 41 4c 54 53     ALMSALONALOSALTS
    28db:	41 4c 56 45 41 4d 41 4c 41 4d 45 53 41 4d 4d 59     ALVEAMALAMESAMMY
    28eb:	41 4d 5a 41 41 4e 43 45 41 4e 44 53 41 4e 44 59     AMZAANCEANDSANDY
    28fb:	41 4e 47 53 41 4e 4b 53 41 4f 4c 45 41 50 4c 59     ANGSANKSAOLEAPLY
    290b:	41 50 50 59 41 52 44 53 41 52 44 59 41 52 45 44     APPYARDSARDYARED
    291b:	41 52 45 4d 41 52 45 53 41 52 4b 53 41 52 4d 53     AREMARESARKSARMS
    292b:	41 52 50 53 41 52 50 59 41 52 52 59 41 52 53 48     ARPSARPYARRYARSH
    293b:	41 52 54 53 41 53 50 53 41 53 54 45 41 53 54 59     ARTSASPSASTEASTY
    294b:	41 54 43 48 41 54 45 44 41 54 45 52 41 54 45 53     ATCHATEDATERATES
    295b:	41 55 47 48 41 55 4c 4d 41 55 4c 53 41 55 4e 54     AUGHAULMAULSAUNT
    296b:	41 56 45 4e 41 56 45 52 41 56 45 53 41 56 4f 43     AVENAVERAVESAVOC
    297b:	41 57 45 44 41 57 4b 53 41 57 53 45 41 59 45 44     AWEDAWKSAWSEAYED
    298b:	41 5a 41 4e 41 5a 45 44 41 5a 45 4c 41 5a 45 52     AZANAZEDAZELAZER
    299b:	41 5a 45 53 44 51 52 53 45 41 44 53 45 41 44 59     AZESDQRSEADSEADY
    29ab:	45 41 4c 53 45 41 50 53 45 41 52 44 45 41 52 53     EALSEAPSEARDEARS
    29bb:	45 41 52 54 45 41 54 48 45 41 54 53 45 41 56 45     EARTEATHEATSEAVE
    29cb:	45 41 56 59 45 44 45 52 45 44 47 45 45 45 44 53     EAVYEDEREDGEEEDS
    29db:	45 45 4c 53 45 46 54 53 45 46 54 59 45 49 52 53     EELSEFTSEFTYEIRS
    29eb:	45 49 53 54 45 4c 49 58 45 4c 4c 4f 45 4c 4c 53     EISTELIXELLOELLS
    29fb:	45 4c 4d 53 45 4c 4f 54 45 4c 50 53 45 4c 56 45     ELMSELOTELPSELVE
    2a0b:	45 4d 41 4c 45 4d 49 43 45 4d 49 4e 45 4e 43 45     EMALEMICEMINENCE
    2a1b:	45 4e 47 45 45 4e 4e 41 45 4e 52 59 45 52 42 53     ENGEENNAENRYERBS
    2a2b:	45 52 42 59 45 52 44 53 45 52 45 53 45 52 4f 4e     ERBYERDSERESERON
    2a3b:	45 52 54 5a 45 54 48 53 45 57 45 44 45 57 45 52     ERTZETHSEWEDEWER
    2a4b:	45 58 41 44 45 58 45 44 45 58 45 52 45 58 45 53     EXADEXEDEXEREXES
    2a5b:	45 58 59 4c 49 43 4b 53 49 44 45 44 49 44 45 52     EXYLICKSIDEDIDER
    2a6b:	49 44 45 53 49 47 48 53 49 47 48 54 49 4b 45 44     IDESIGHSIGHTIKED
    2a7b:	49 4b 45 52 49 4b 45 53 49 4c 4c 53 49 4c 4c 59     IKERIKESILLSILLY
    2a8b:	49 4c 54 53 49 4c 55 4d 49 4e 44 53 49 4e 47 45     ILTSILUMINDSINGE
    2a9b:	49 4e 47 53 49 4e 4e 59 49 4e 54 53 49 50 50 4f     INGSINNYINTSIPPO
    2aab:	49 50 50 59 49 52 45 44 49 52 45 52 49 52 45 53     IPPYIREDIRERIRES
    2abb:	49 54 43 48 49 56 45 44 49 56 45 53 4f 41 52 44     ITCHIVEDIVESOARD
    2acb:	4f 41 52 53 4f 41 52 59 4f 42 42 59 4f 42 4f 53     OARSOARYOBBYOBOS
    2adb:	4f 43 4b 53 4f 43 55 53 4f 45 52 53 4f 47 41 4e     OCKSOCUSOERSOGAN
    2aeb:	4f 49 43 4b 4f 49 53 54 4f 4b 45 44 4f 4b 45 53     OICKOISTOKEDOKES
    2afb:	4f 4b 45 59 4f 4b 4b 55 4f 4b 55 4d 4f 4c 44 53     OKEYOKKUOKUMOLDS
    2b0b:	4f 4c 45 44 4f 4c 45 53 4f 4c 45 59 4f 4c 4c 59     OLEDOLESOLEYOLLY
    2b1b:	4f 4d 45 44 4f 4d 45 52 4f 4d 45 53 4f 4d 45 59     OMEDOMEROMESOMEY
    2b2b:	4f 4d 4f 53 4f 4e 45 44 4f 4e 45 52 4f 4e 45 53     OMOSONEDONERONES
    2b3b:	4f 4e 45 59 4f 4e 4b 53 4f 4e 4b 59 4f 4e 4f 52     ONEYONKSONKYONOR
    2b4b:	4f 4f 43 48 4f 4f 44 53 4f 4f 45 59 4f 4f 46 53     OOCHOODSOOEYOOFS
    2b5b:	4f 4f 4b 53 4f 4f 4b 59 4f 4f 50 53 4f 4f 54 53     OOKSOOKYOOPSOOTS
    2b6b:	4f 50 45 44 4f 50 45 53 4f 52 41 48 4f 52 41 4c     OPEDOPESORAHORAL
    2b7b:	4f 52 41 53 4f 52 44 45 4f 52 4d 45 4f 52 4e 53     ORASORDEORMEORNS
    2b8b:	4f 52 4e 59 4f 52 4f 4c 4f 52 53 45 4f 52 53 54     ORNYOROLORSEORST
    2b9b:	4f 53 45 44 4f 53 45 53 4f 53 54 41 4f 53 54 53     OSEDOSESOSTAOSTS
    2bab:	4f 54 45 4c 4f 54 4c 59 4f 55 47 48 4f 55 4e 44     OTELOTLYOUGHOUND
    2bbb:	4f 55 52 49 4f 55 52 53 4f 55 53 45 4f 56 45 4c     OURIOURSOUSEOVEL
    2bcb:	4f 56 45 52 4f 57 44 59 4f 57 4c 53 55 42 42 59     OVEROWDYOWLSUBBY
    2bdb:	55 46 46 53 55 46 46 59 55 47 45 52 55 4c 41 53     UFFSUFFYUGERULAS
    2beb:	55 4c 4b 53 55 4c 4b 59 55 4c 4c 53 55 4d 41 4e     ULKSULKYULLSUMAN
    2bfb:	55 4d 49 43 55 4d 49 44 55 4d 4f 52 55 4d 50 48     UMICUMIDUMORUMPH
    2c0b:	55 4d 50 53 55 4d 50 59 55 4d 55 53 55 4e 43 48     UMPSUMPYUMUSUNCH
    2c1b:	55 4e 4b 53 55 4e 4b 59 55 4e 54 53 55 52 44 53     UNKSUNKYUNTSURDS
    2c2b:	55 52 4c 53 55 52 52 59 55 52 53 54 55 52 54 53     URLSURRYURSTURTS
    2c3b:	55 53 4b 53 55 53 4b 59 55 53 53 59 55 54 43 48     USKSUSKYUSSYUTCH
    2c4b:	59 44 52 41 59 44 52 4f 59 45 4e 41 59 49 4e 47     YDRAYDROYENAYING
    2c5b:	59 4d 45 4e 59 4d 4e 53 59 4f 49 44 59 50 45 44     YMENYMNSYOIDYPED
    2c6b:	59 50 45 52 59 50 45 53 59 50 48 41 59 50 4f 53     YPERYPESYPHAYPOS
    2c7b:	59 52 41 58 59 53 4f 4e 41 4d 42 49 41 4d 42 53     YRAXYSONAMBIAMBS
    2c8b:	43 42 4d 53 43 48 4f 52 43 49 45 52 43 49 4c 59     CBMSCHORCIERCILY
    2c9b:	43 49 4e 47 43 4f 4e 53 43 54 55 53 44 45 41 4c     CINGCONSCTUSDEAL
    2cab:	44 45 41 53 44 49 4f 4d 44 49 4f 54 44 4c 45 44     DEASDIOMDIOTDLED
    2cbb:	44 4c 45 52 44 4c 45 53 44 4f 4c 53 44 59 4c 4c     DLERDLESDOLSDYLL
    2ccb:	47 4c 4f 4f 48 52 41 4d 4c 45 41 43 4c 45 41 4c     GLOOHRAMLEACLEAL
    2cdb:	4c 45 55 4d 4c 45 55 53 4c 49 41 43 4c 49 55 4d     LEUMLEUSLIACLIUM
    2ceb:	4c 4c 55 53 4d 41 47 45 4d 41 47 4f 4d 41 4d 53     LLUSMAGEMAGOMAMS
    2cfb:	4d 42 55 45 4d 49 44 45 4d 49 4e 45 4d 4d 49 58     MBUEMIDEMINEMMIX
    2d0b:	4d 50 45 4c 4d 50 45 52 4d 50 4c 59 4e 41 4e 45     MPELMPERMPLYNANE
    2d1b:	4e 41 50 54 4e 43 45 44 4e 43 55 52 4e 43 55 53     NAPTNCEDNCURNCUS
    2d2b:	4e 44 45 46 4e 44 45 58 4e 44 49 43 4e 44 49 45     NDEFNDEXNDICNDIE
    2d3b:	4e 44 55 43 4e 45 50 54 4e 45 52 54 4e 46 45 52     NDUCNEPTNERTNFER
    2d4b:	4e 46 49 4e 4e 46 49 58 4e 46 52 41 4e 47 4c 45     NFINNFIXNFRANGLE
    2d5b:	4e 47 4f 54 4e 49 4f 4e 4e 4b 45 44 4e 4b 4c 45     NGOTNIONNKEDNKLE
    2d6b:	4e 4c 41 59 4e 4c 45 54 4e 4e 45 52 4e 4e 49 54     NLAYNLETNNERNNIT
    2d7b:	4e 4f 52 47 4e 50 55 54 4e 53 45 54 4e 53 54 52     NORGNPUTNSETNSTR
    2d8b:	4e 54 45 52 4e 54 49 53 4e 54 52 4f 4e 55 52 45     NTERNTISNTRONURE
    2d9b:	4e 55 52 4e 4f 43 54 4c 4f 44 49 43 4f 4e 49 43     NURNOCTLODICONIC
    2dab:	4f 54 41 53 52 41 44 45 52 41 54 45 52 4b 45 44     OTASRADERATERKED
    2dbb:	52 4f 4e 53 52 4f 4e 59 52 52 45 47 53 4c 45 53     RONSRONYRREGSLES
    2dcb:	53 4c 45 54 53 53 45 49 53 53 55 45 53 54 4c 45     SLETSSEISSUESTLE
    2ddb:	54 43 48 59 54 45 4d 53 56 49 45 44 56 49 45 53     TCHYTEMSVIEDVIES
    2deb:	56 4f 52 59 58 54 4c 45 5a 41 52 44 41 42 4f 54     VORYXTLEZARDABOT
    2dfb:	41 43 41 4c 41 43 4b 53 41 44 45 44 41 44 45 53     ACALACKSADEDADES
    2e0b:	41 47 47 59 41 49 4c 53 41 4b 45 53 41 4c 41 50     AGGYAILSAKESALAP
    2e1b:	41 4d 42 53 41 4d 4d 59 41 50 41 4e 41 50 45 44     AMBSAMMYAPANAPED
    2e2b:	41 50 45 52 41 50 45 53 41 54 4f 53 41 55 4e 54     APERAPESATOSAUNT
    2e3b:	41 57 45 44 41 5a 5a 59 45 41 4e 53 45 42 45 4c     AWEDAZZYEANSEBEL
    2e4b:	45 45 50 53 45 45 52 53 45 4c 4c 4f 45 4c 4c 53     EEPSEERSELLOELLS
    2e5b:	45 4c 4c 59 45 4d 4d 59 45 4e 4e 59 45 52 49 44     ELLYEMMYENNYERID
    2e6b:	45 52 4b 53 45 52 4b 59 45 52 52 59 45 53 54 53     ERKSERKYERRYESTS
    2e7b:	45 54 54 59 45 57 45 4c 49 42 45 44 49 42 45 53     ETTYEWELIBEDIBES
    2e8b:	49 46 46 53 49 46 46 59 49 48 41 44 49 4c 54 53     IFFSIFFYIHADILTS
    2e9b:	49 4d 4d 59 49 4e 47 4f 49 4e 4b 53 49 4e 4e 49     IMMYINGOINKSINNI
    2eab:	49 56 45 44 49 56 45 52 49 56 45 53 49 56 45 59     IVEDIVERIVESIVEY
    2ebb:	4f 43 4b 4f 4f 43 4b 53 4f 45 59 53 4f 48 4e 53     OCKOOCKSOEYSOHNS
    2ecb:	4f 49 4e 53 4f 49 4e 54 4f 49 53 54 4f 4b 45 44     OINSOINTOISTOKED
    2edb:	4f 4b 45 52 4f 4b 45 53 4f 4b 45 59 4f 4c 4c 59     OKEROKESOKEYOLLY
    2eeb:	4f 4c 54 53 4f 4c 54 59 4f 52 55 4d 4f 55 4c 45     OLTSOLTYORUMOULE
    2efb:	4f 55 53 54 4f 57 4c 53 4f 57 4c 59 4f 59 45 44     OUSTOWLSOWLYOYED
    2f0b:	55 44 47 45 55 47 41 4c 55 47 55 4d 55 49 43 45     UDGEUGALUGUMUICE
    2f1b:	55 49 43 59 55 4a 55 53 55 4c 45 50 55 4d 42 4f     UICYUJUSULEPUMBO
    2f2b:	55 4d 50 53 55 4d 50 59 55 4e 43 4f 55 4e 4b 53     UMPSUMPYUNCOUNKS
    2f3b:	55 4e 54 41 55 50 4f 4e 55 52 41 4c 55 52 41 54     UNTAUPONURALURAT
    2f4b:	55 52 45 4c 55 52 4f 52 55 54 54 59 41 46 49 52     URELURORUTTYAFIR
    2f5b:	41 49 41 4b 41 49 4c 53 41 4b 49 53 41 4c 49 46     AIAKAILSAKISALIF
    2f6b:	41 4c 49 53 41 4c 50 41 41 4e 4a 49 41 4e 5a 55     ALISALPAANJIANZU
    2f7b:	41 4f 4e 53 41 50 48 53 41 50 4f 4b 41 50 50 41     AONSAPHSAPOKAPPA
    2f8b:	41 50 55 54 41 52 41 54 41 52 4d 41 41 52 53 54     APUTARATARMAARST
    2f9b:	41 52 54 53 41 53 48 41 41 55 52 49 41 56 41 53     ARTSASHAAURIAVAS
    2fab:	41 59 41 4b 41 59 4f 53 41 5a 4f 4f 45 42 41 42     AYAKAYOSAZOOEBAB
    2fbb:	45 44 47 45 45 45 4c 53 45 45 4e 53 45 45 50 53     EDGEEELSEENSEEPS
    2fcb:	45 4c 4c 59 45 4e 41 46 45 4e 44 4f 45 4e 54 45     ELLYENAFENDOENTE
    2fdb:	45 50 49 53 45 52 4e 45 45 54 43 48 45 56 45 4c     EPISERNEETCHEVEL
    2feb:	45 59 45 44 48 41 4b 49 48 41 4e 53 48 45 44 41     EYEDHAKIHANSHEDA
    2ffb:	48 4f 55 4d 49 41 4e 47 49 42 45 53 49 43 4b 53     HOUMIANGIBESICKS
    300b:	49 43 4b 59 49 44 44 4f 49 4b 45 53 49 4c 4c 53     ICKYIDDOIKESILLS
    301b:	49 4c 4e 53 49 4c 4f 53 49 4c 54 53 49 4e 41 53     ILNSILOSILTSINAS
    302b:	49 4e 44 41 49 4e 44 53 49 4e 45 53 49 4e 47 53     INDAINDSINESINGS
    303b:	49 4e 49 4e 49 4e 4b 53 49 4e 4b 59 49 4e 4f 53     INININKSINKYINOS
    304b:	49 4f 53 4b 49 54 45 44 49 54 45 53 49 54 54 59     IOSKITEDITESITTY
    305b:	49 57 49 53 4c 4f 4e 47 4c 4f 4f 46 4c 55 47 45     IWISLONGLOOFLUGE
    306b:	4c 55 54 5a 4e 41 43 4b 4e 41 50 53 4e 41 56 45     LUTZNACKNAPSNAVE
    307b:	4e 45 41 44 4e 45 45 44 4e 45 45 4c 4e 45 45 53     NEADNEEDNEELNEES
    308b:	4e 45 4c 4c 4e 45 4c 54 4e 49 46 45 4e 49 53 48     NELLNELTNIFENISH
    309b:	4e 49 54 53 4e 4f 42 53 4e 4f 43 4b 4e 4f 4c 4c     NITSNOBSNOCKNOLL
    30ab:	4e 4f 54 53 4e 4f 55 54 4e 4f 57 4e 4e 4f 57 53     NOTSNOUTNOWNNOWS
    30bb:	4e 55 52 4c 4e 55 54 48 4f 41 4c 41 4f 41 4e 53     NURLNUTHOALAOANS
    30cb:	4f 42 4f 53 4f 48 4c 53 4f 49 4e 45 4f 4c 41 53     OBOSOHLSOINEOLAS
    30db:	4f 4f 4b 53 4f 4f 4b 59 4f 50 4a 45 4f 52 4d 41     OOKSOOKYOPJEORMA
    30eb:	4f 53 45 53 4f 54 4f 53 52 41 41 4c 52 41 46 54     OSESOTOSRAALRAFT
    30fb:	52 41 49 54 52 41 55 54 52 49 4c 4c 52 4f 4e 45     RAITRAUTRILLRONE
    310b:	52 4f 4f 4e 55 44 4f 53 55 44 55 53 55 44 5a 55     ROONUDOSUDUSUDZU
    311b:	55 4b 52 49 55 4c 41 4b 55 52 55 53 56 41 53 53     UKRIULAKURUSVASS
    312b:	59 41 54 53 59 4c 45 53 59 4c 49 58 41 42 45 4c     YATSYLESYLIXABEL
    313b:	41 42 49 41 41 42 4f 52 41 43 45 44 41 43 45 52     ABIAABORACEDACER
    314b:	41 43 45 53 41 43 4b 53 41 44 45 44 41 44 45 4e     ACESACKSADEDADEN
    315b:	41 44 45 53 41 44 4c 45 41 47 41 4e 41 47 45 52     ADESADLEAGANAGER
    316b:	41 49 52 44 41 49 52 53 41 49 54 59 41 4b 45 52     AIRDAIRSAITYAKER
    317b:	41 4b 45 53 41 4b 48 53 41 4d 41 53 41 4d 42 53     AKESAKHSAMASAMBS
    318b:	41 4d 45 44 41 4d 45 52 41 4d 45 53 41 4d 49 41     AMEDAMERAMESAMIA
    319b:	41 4d 50 53 41 4e 41 49 41 4e 43 45 41 4e 44 53     AMPSANAIANCEANDS
    31ab:	41 4e 45 53 41 4e 4b 59 41 50 45 4c 41 50 49 4e     ANESANKYAPELAPIN
    31bb:	41 50 53 45 41 52 43 48 41 52 44 53 41 52 44 59     APSEARCHARDSARDY
    31cb:	41 52 45 53 41 52 47 45 41 52 47 4f 41 52 4b 53     ARESARGEARGOARKS
    31db:	41 52 55 4d 41 52 56 41 41 53 45 44 41 53 45 52     ARUMARVAASEDASER
    31eb:	41 53 45 53 41 53 53 4f 41 53 54 53 41 54 43 48     ASESASSOASTSATCH
    31fb:	41 54 45 44 41 54 45 52 41 54 45 58 41 54 48 45     ATEDATERATEXATHE
    320b:	41 54 48 49 41 54 48 53 41 54 48 59 41 54 4b 45     ATHIATHSATHYATKE
    321b:	41 54 54 45 41 55 44 53 41 55 47 48 41 56 41 53     ATTEAUDSAUGHAVAS
    322b:	41 56 45 44 41 56 45 52 41 56 45 53 41 57 4e 53     AVEDAVERAVESAWNS
    323b:	41 58 45 52 41 58 4c 59 41 59 45 52 41 59 55 50     AXERAXLYAYERAYUP
    324b:	41 5a 41 52 41 5a 45 44 41 5a 45 53 45 41 43 48     AZARAZEDAZESEACH
    325b:	45 41 44 53 45 41 46 53 45 41 46 59 45 41 4b 53     EADSEAFSEAFYEAKS
    326b:	45 41 4b 59 45 41 4e 53 45 41 50 53 45 41 52 4e     EAKYEANSEAPSEARN
    327b:	45 41 53 45 45 41 53 48 45 41 53 54 45 41 56 45     EASEEASHEASTEAVE
    328b:	45 44 47 45 45 45 43 48 45 45 4b 53 45 45 52 53     EDGEEECHEEKSEERS
    329b:	45 45 52 59 45 46 54 53 45 46 54 59 45 47 41 4c     EERYEFTSEFTYEGAL
    32ab:	45 47 45 53 45 47 47 59 45 47 49 54 45 4d 41 4e     EGESEGGYEGITEMAN
    32bb:	45 4d 4d 41 45 4d 4d 45 45 4d 4f 4e 45 4d 55 52     EMMAEMMEEMONEMUR
    32cb:	45 4e 44 53 45 4e 49 53 45 4e 54 4f 45 4f 4e 45     ENDSENISENTOEONE
    32db:	45 50 45 52 45 50 54 41 45 54 48 45 45 54 55 50     EPEREPTAETHEETUP
    32eb:	45 56 45 45 45 56 45 4c 45 56 45 52 45 56 49 4e     EVEEEVELEVEREVIN
    32fb:	45 57 49 53 45 58 45 52 45 58 49 53 49 41 4e 41     EWISEXEREXISIANA
    330b:	49 41 52 44 49 41 52 53 49 42 45 4c 49 42 45 52     IARDIARSIBELIBER
    331b:	49 42 52 41 49 43 49 54 49 43 4b 53 49 44 4f 53     IBRAICITICKSIDOS
    332b:	49 45 47 45 49 45 4e 53 49 46 45 52 49 46 54 53     IEGEIENSIFERIFTS
    333b:	49 47 41 4e 49 47 45 52 49 47 48 54 49 4b 45 44     IGANIGERIGHTIKED
    334b:	49 4b 45 4e 49 4b 45 52 49 4b 45 53 49 4c 41 43     IKENIKERIKESILAC
    335b:	49 4c 4f 53 49 4c 54 53 49 4d 42 4f 49 4d 42 53     ILOSILTSIMBOIMBS
    336b:	49 4d 45 44 49 4d 45 4e 49 4d 45 53 49 4d 45 59     IMEDIMENIMESIMEY
    337b:	49 4d 49 54 49 4d 4e 53 49 4d 4f 53 49 4d 50 53     IMITIMNSIMOSIMPS
    338b:	49 4e 44 59 49 4e 45 44 49 4e 45 4e 49 4e 45 52     INDYINEDINENINER
    339b:	49 4e 45 53 49 4e 47 4f 49 4e 47 53 49 4e 49 4e     INESINGOINGSININ
    33ab:	49 4e 4b 53 49 4e 54 53 49 4e 54 59 49 4e 55 53     INKSINTSINTYINUS
    33bb:	49 4e 55 58 49 4f 4e 53 49 50 49 44 49 50 50 59     INUXIONSIPIDIPPY
    33cb:	49 53 4c 45 49 53 50 53 49 53 54 53 49 54 41 53     ISLEISPSISTSITAS
    33db:	49 54 45 52 49 54 48 45 49 54 48 4f 49 56 45 44     ITERITHEITHOIVED
    33eb:	49 56 45 4e 49 56 45 52 49 56 45 53 49 56 49 44     IVENIVERIVESIVID
    33fb:	49 56 52 45 4c 41 4d 41 4c 41 4e 4f 4f 41 43 48     IVRELAMALANOOACH
    340b:	4f 41 44 53 4f 41 46 53 4f 41 4d 53 4f 41 4d 59     OADSOAFSOAMSOAMY
    341b:	4f 41 4e 53 4f 41 54 48 4f 42 41 52 4f 42 42 59     OANSOATHOBAROBBY
    342b:	4f 42 45 44 4f 42 45 53 4f 43 41 4c 4f 43 4b 53     OBEDOBESOCALOCKS
    343b:	4f 43 4f 53 4f 43 55 4d 4f 43 55 53 4f 44 45 4e     OCOSOCUMOCUSODEN
    344b:	4f 44 45 53 4f 44 47 45 4f 45 53 53 4f 46 54 53     ODESODGEOESSOFTS
    345b:	4f 46 54 59 4f 47 41 4e 4f 47 45 53 4f 47 47 59     OFTYOGANOGESOGGY
    346b:	4f 47 49 41 4f 47 49 43 4f 47 49 4e 4f 47 4f 4e     OGIAOGICOGINOGON
    347b:	4f 47 4f 53 4f 49 4e 53 4f 4c 4c 53 4f 4c 4c 59     OGOSOINSOLLSOLLY
    348b:	4f 4e 45 52 4f 4e 47 45 4f 4e 47 53 4f 4f 42 59     ONERONGEONGSOOBY
    349b:	4f 4f 4b 53 4f 4f 4d 53 4f 4f 4e 53 4f 4f 4e 59     OOKSOOMSOONSOONY
    34ab:	4f 4f 50 53 4f 4f 50 59 4f 4f 53 45 4f 4f 54 53     OOPSOOPYOOSEOOTS
    34bb:	4f 50 45 44 4f 50 45 52 4f 50 45 53 4f 50 50 59     OPEDOPEROPESOPPY
    34cb:	4f 52 41 4e 4f 52 44 53 4f 52 49 53 4f 52 52 59     ORANORDSORISORRY
    34db:	4f 53 45 4c 4f 53 45 52 4f 53 45 53 4f 54 41 53     OSELOSEROSESOTAS
    34eb:	4f 54 49 43 4f 54 54 4f 4f 54 55 53 4f 55 47 48     OTICOTTOOTUSOUGH
    34fb:	4f 55 49 53 4f 55 50 45 4f 55 52 53 4f 55 53 45     OUISOUPEOURSOUSE
    350b:	4f 55 53 59 4f 55 54 53 4f 56 45 44 4f 56 45 52     OUSYOUTSOVEDOVER
    351b:	4f 56 45 53 4f 56 45 59 4f 57 45 44 4f 57 45 52     OVESOVEYOWEDOWER
    352b:	4f 57 4c 59 4f 59 41 4c 55 41 55 53 55 42 45 44     OWLYOYALUAUSUBED
    353b:	55 42 45 53 55 42 52 41 55 43 49 44 55 43 4b 53     UBESUBRAUCIDUCKS
    354b:	55 43 4b 59 55 43 52 45 55 44 49 43 55 46 46 41     UCKYUCREUDICUFFA
    355b:	55 46 46 53 55 47 45 44 55 47 45 53 55 4c 4c 53     UFFSUGEDUGESULLS
    356b:	55 4c 55 53 55 4d 45 4e 55 4d 50 53 55 4d 50 59     ULUSUMENUMPSUMPY
    357b:	55 4e 41 52 55 4e 43 48 55 4e 47 45 55 4e 47 49     UNARUNCHUNGEUNGI
    358b:	55 4e 47 53 55 50 55 53 55 52 43 48 55 52 45 44     UNGSUPUSURCHURED
    359b:	55 52 45 53 55 52 45 58 55 52 47 59 55 52 49 44     URESUREXURGYURID
    35ab:	55 52 4b 53 55 53 48 59 55 53 54 53 55 53 54 59     URKSUSHYUSTSUSTY
    35bb:	55 54 45 53 55 58 45 53 57 45 49 53 59 49 4e 47     UTESUXESWEISYING
    35cb:	59 4d 50 48 59 4e 43 48 59 52 45 53 59 52 49 43     YMPHYNCHYRESYRIC
    35db:	59 53 45 53 59 53 49 4e 59 53 49 53 59 53 53 41     YSESYSINYSISYSSA
    35eb:	59 54 49 43 59 54 54 41 41 43 41 57 41 43 45 44     YTICYTTAACAWACED
    35fb:	41 43 45 53 41 43 48 4f 41 43 4c 45 41 43 52 4f     ACESACHOACLEACRO
    360b:	41 44 41 4d 41 44 4c 59 41 46 49 41 41 47 49 43     ADAMADLYAFIAAGIC
    361b:	41 47 4d 41 41 47 55 53 41 49 44 53 41 49 4c 53     AGMAAGUSAIDSAILS
    362b:	41 49 4d 53 41 49 4e 53 41 49 5a 45 41 4a 4f 52     AIMSAINSAIZEAJOR
    363b:	41 4b 45 52 41 4b 45 53 41 4b 4f 53 41 4c 41 52     AKERAKESAKOSALAR
    364b:	41 4c 45 53 41 4c 4c 53 41 4c 54 53 41 4c 54 59     ALESALLSALTSALTY
    365b:	41 4d 41 53 41 4d 42 41 41 4d 42 4f 41 4d 45 59     AMASAMBAAMBOAMEY
    366b:	41 4d 4d 41 41 4d 4d 59 41 4e 41 53 41 4e 41 54     AMMAAMMYANASANAT
    367b:	41 4e 45 44 41 4e 45 53 41 4e 47 45 41 4e 47 4f     ANEDANESANGEANGO
    368b:	41 4e 47 59 41 4e 49 41 41 4e 49 43 41 4e 4b 59     ANGYANIAANICANKY
    369b:	41 4e 4c 59 41 4e 4e 41 41 4e 4f 52 41 4e 53 45     ANLYANNAANORANSE
    36ab:	41 4e 54 41 41 4e 55 46 41 50 4c 45 41 52 41 53     ANTAANUFAPLEARAS
    36bb:	41 52 43 48 41 52 43 53 41 52 45 53 41 52 47 45     ARCHARCSARESARGE
    36cb:	41 52 49 41 41 52 4b 41 41 52 4b 53 41 52 4c 53     ARIAARKAARKSARLS
    36db:	41 52 4c 59 41 52 52 59 41 52 53 48 41 52 54 53     ARLYARRYARSHARTS
    36eb:	41 53 45 52 41 53 4b 53 41 53 4f 4e 41 53 53 59     ASERASKSASONASSY
    36fb:	41 53 54 53 41 54 43 48 41 54 45 44 41 54 45 52     ASTSATCHATEDATER
    370b:	41 54 45 53 41 54 45 59 41 54 48 53 41 54 49 4e     ATESATEYATHSATIN
    371b:	41 54 54 45 41 54 5a 4f 41 55 4c 53 41 55 4e 44     ATTEATZOAULSAUND
    372b:	41 55 56 45 41 56 45 4e 41 56 49 53 41 58 45 44     AUVEAVENAVISAXED
    373b:	41 58 45 53 41 58 49 4d 41 58 49 53 41 59 42 45     AXESAXIMAXISAYBE
    374b:	41 59 4f 52 41 59 53 54 41 5a 45 52 41 5a 45 53     AYORAYSTAZERAZES
    375b:	45 41 4c 53 45 41 4c 59 45 41 4e 53 45 41 4e 54     EALSEALYEANSEANT
    376b:	45 41 4e 59 45 41 54 53 45 41 54 59 45 43 43 41     EANYEATSEATYECCA
    377b:	45 44 41 4c 45 44 49 41 45 44 49 43 45 45 54 53     EDALEDIAEDICEETS
    378b:	45 47 4f 53 45 49 4e 59 45 4c 44 53 45 4c 49 43     EGOSEINYELDSELIC
    379b:	45 4c 4f 4e 45 4c 54 53 45 4d 45 53 45 4d 4f 53     ELONELTSEMESEMOS
    37ab:	45 4e 44 53 45 4e 55 53 45 4f 57 53 45 52 43 59     ENDSENUSEOWSERCY
    37bb:	45 52 45 53 45 52 47 45 45 52 49 54 45 52 4c 45     ERESERGEERITERLE
    37cb:	45 52 52 59 45 53 41 53 45 53 49 43 45 53 4e 45     ERRYESASESICESNE
    37db:	45 53 4f 4e 45 53 53 59 45 54 41 4c 45 54 45 44     ESONESSYETALETED
    37eb:	45 54 45 52 45 54 45 53 45 54 48 53 45 54 49 43     ETERETESETHSETIC
    37fb:	45 54 49 53 45 54 52 4f 45 57 45 44 45 57 4c 53     ETISETROEWEDEWLS
    380b:	45 5a 5a 4f 49 43 4b 53 49 43 52 4f 49 44 44 59     EZZOICKSICROIDDY
    381b:	49 44 47 45 49 44 49 53 49 44 53 54 49 45 4e 53     IDGEIDISIDSTIENS
    382b:	49 46 46 53 49 46 46 59 49 47 48 54 49 4b 45 44     IFFSIFFYIGHTIKED
    383b:	49 4b 45 53 49 4b 56 41 49 4c 43 48 49 4c 45 52     IKESIKVAILCHILER
    384b:	49 4c 45 53 49 4c 49 41 49 4c 49 54 49 4c 4b 53     ILESILIAILITILKS
    385b:	49 4c 4b 59 49 4c 4c 53 49 4c 4f 53 49 4c 54 53     ILKYILLSILOSILTS
    386b:	49 4d 45 44 49 4d 45 52 49 4d 45 53 49 4d 49 43     IMEDIMERIMESIMIC
    387b:	49 4e 43 45 49 4e 44 53 49 4e 45 44 49 4e 45 52     INCEINDSINEDINER
    388b:	49 4e 45 53 49 4e 47 59 49 4e 49 4d 49 4e 49 53     INESINGYINIMINIS
    389b:	49 4e 4b 45 49 4e 4b 53 49 4e 4f 52 49 4e 54 53     INKEINKSINORINTS
    38ab:	49 4e 54 59 49 4e 55 53 49 52 45 44 49 52 45 53     INTYINUSIREDIRES
    38bb:	49 52 49 4e 49 52 54 48 49 52 5a 41 49 53 44 4f     IRINIRTHIRZAISDO
    38cb:	49 53 45 52 49 53 53 59 49 53 54 53 49 53 54 59     ISERISSYISTSISTY
    38db:	49 54 45 52 49 54 45 53 49 54 49 53 49 54 54 53     ITERITESITISITTS
    38eb:	49 58 45 44 49 58 45 52 49 58 45 53 4e 45 4d 45     IXEDIXERIXESNEME
    38fb:	4f 41 4e 53 4f 41 54 53 4f 43 48 41 4f 43 4b 53     OANSOATSOCHAOCKS
    390b:	4f 44 41 4c 4f 44 45 4c 4f 44 45 4d 4f 44 45 53     ODALODELODEMODES
    391b:	4f 47 47 59 4f 47 55 4c 4f 48 55 52 4f 49 4c 53     OGGYOGULOHUROILS
    392b:	4f 49 52 45 4f 49 53 54 4f 4b 45 53 4f 4c 41 4c     OIREOISTOKESOLAL
    393b:	4f 4c 41 52 4f 4c 41 53 4f 4c 44 53 4f 4c 44 59     OLAROLASOLDSOLDY
    394b:	4f 4c 45 53 4f 4c 4c 53 4f 4c 4c 59 4f 4c 54 53     OLESOLLSOLLYOLTS
    395b:	4f 4d 4d 59 4f 4e 41 44 4f 4e 41 53 4f 4e 44 45     OMMYONADONASONDE
    396b:	4f 4e 45 59 4f 4e 47 4f 4f 4e 4b 53 4f 4e 54 45     ONEYONGOONKSONTE
    397b:	4f 4e 54 48 4f 4f 43 48 4f 4f 44 53 4f 4f 44 59     ONTHOOCHOODSOODY
    398b:	4f 4f 45 44 4f 4f 4e 53 4f 4f 4e 59 4f 4f 52 53     OOEDOONSOONYOORS
    399b:	4f 4f 53 45 4f 4f 54 53 4f 50 45 44 4f 50 45 52     OOSEOOTSOPEDOPER
    39ab:	4f 50 45 53 4f 50 45 59 4f 52 41 4c 4f 52 41 59     OPESOPEYORALORAY
    39bb:	4f 52 45 4c 4f 52 45 53 4f 52 4e 53 4f 52 4f 4e     ORELORESORNSORON
    39cb:	4f 52 50 48 4f 52 53 45 4f 53 45 59 4f 53 53 59     ORPHORSEOSEYOSSY
    39db:	4f 54 45 4c 4f 54 45 53 4f 54 45 54 4f 54 48 53     OTELOTESOTETOTHS
    39eb:	4f 54 48 59 4f 54 49 46 4f 54 4f 52 4f 54 54 45     OTHYOTIFOTOROTTE
    39fb:	4f 54 54 4f 4f 55 45 53 4f 55 4e 44 4f 55 4e 54     OTTOOUESOUNDOUNT
    3a0b:	4f 55 52 4e 4f 55 53 45 4f 55 53 59 4f 55 54 48     OURNOUSEOUSYOUTH
    3a1b:	4f 56 45 44 4f 56 45 52 4f 56 45 53 4f 56 49 45     OVEDOVEROVESOVIE
    3a2b:	4f 57 45 44 4f 57 45 52 4f 58 49 45 55 43 49 4e     OWEDOWEROXIEUCIN
    3a3b:	55 43 4b 53 55 43 4b 59 55 43 4f 52 55 43 52 4f     UCKSUCKYUCORUCRO
    3a4b:	55 43 55 53 55 44 44 59 55 44 52 41 55 46 46 53     UCUSUDDYUDRAUFFS
    3a5b:	55 46 54 49 55 47 47 59 55 4a 49 4b 55 4c 43 48     UFTIUGGYUJIKULCH
    3a6b:	55 4c 43 54 55 4c 45 53 55 4c 45 59 55 4c 4c 41     ULCTULESULEYULLA
    3a7b:	55 4c 4c 53 55 4d 4d 59 55 4d 50 53 55 4e 43 48     ULLSUMMYUMPSUNCH
    3a8b:	55 4e 47 53 55 4f 4e 53 55 52 41 4c 55 52 45 58     UNGSUONSURALUREX
    3a9b:	55 52 4b 53 55 52 4b 59 55 52 52 45 55 53 45 44     URKSURKYURREUSED
    3aab:	55 53 45 52 55 53 45 53 55 53 48 59 55 53 49 43     USERUSESUSHYUSIC
    3abb:	55 53 4b 59 55 53 53 59 55 53 54 48 55 53 54 53     USKYUSSYUSTHUSTS
    3acb:	55 53 54 59 55 54 45 44 55 54 45 52 55 54 45 53     USTYUTEDUTERUTES
    3adb:	55 54 54 53 55 5a 41 4b 55 5a 5a 59 59 41 4c 4c     UTTSUZAKUZZYYALL
    3aeb:	59 43 4f 4c 59 4e 41 53 59 52 52 48 59 54 48 53     YCOLYNASYRRHYTHS
    3afb:	41 41 43 50 41 41 4e 53 41 42 4f 42 41 43 48 4f     AACPAANSABOBACHO
    3b0b:	41 43 52 45 41 44 49 52 41 45 56 49 41 46 54 41     ACREADIRAEVIAFTA
    3b1b:	41 49 41 44 41 49 46 53 41 49 4c 53 41 49 52 41     AIADAIFSAILSAIRA
    3b2b:	41 49 56 45 41 4b 45 44 41 4b 45 52 41 4b 46 41     AIVEAKEDAKERAKFA
    3b3b:	41 4d 45 44 41 4d 45 52 41 4d 45 53 41 4e 43 45     AMEDAMERAMESANCE
    3b4b:	41 4e 43 59 41 4e 4e 59 41 50 45 53 41 50 50 45     ANCYANNYAPESAPPE
    3b5b:	41 50 50 59 41 52 43 53 41 52 44 53 41 52 45 53     APPYARCSARDSARES
    3b6b:	41 52 49 53 41 52 4b 59 41 53 41 4c 41 53 54 59     ARISARKYASALASTY
    3b7b:	41 54 41 4c 41 54 43 48 41 54 45 53 41 54 54 59     ATALATCHATESATTY
    3b8b:	41 56 41 4c 41 56 41 52 41 56 45 4c 41 56 45 53     AVALAVARAVELAVES
    3b9b:	41 56 49 47 41 56 56 59 41 57 41 42 45 41 50 53     AVIGAVVYAWABEAPS
    3bab:	45 41 52 53 45 41 54 48 45 43 4b 53 45 45 44 53     EARSEATHECKSEEDS
    3bbb:	45 45 44 59 45 47 52 4f 45 47 55 53 45 49 47 48     EEDYEGROEGUSEIGH
    3bcb:	45 4c 4c 59 45 50 45 52 45 52 41 4c 45 52 44 53     ELLYEPERERALERDS
    3bdb:	45 52 44 59 45 52 56 45 45 52 56 59 45 53 54 53     ERDYERVEERVYESTS
    3beb:	45 54 54 59 45 55 4d 45 45 56 45 52 45 56 55 53     ETTYEUMEEVEREVUS
    3bfb:	45 57 45 4c 45 57 45 52 45 57 4c 59 45 57 53 59     EWELEWEREWLYEWSY
    3c0b:	45 57 54 53 45 58 55 53 47 57 45 45 49 43 45 52     EWTSEXUSGWEEICER
    3c1b:	49 43 48 45 49 43 4b 53 49 44 55 53 49 45 43 45     ICHEICKSIDUSIECE
    3c2b:	49 46 46 59 49 46 54 59 49 47 48 54 49 48 49 4c     IFFYIFTYIGHTIHIL
    3c3b:	49 4d 42 49 49 4d 42 59 49 4d 42 59 49 4e 45 53     IMBIIMBYIMBYINES
    3c4b:	49 4e 4a 41 49 4e 4e 59 49 4e 4f 4e 49 4e 54 48     INJAINNYINONINTH
    3c5b:	49 50 41 53 49 50 50 59 49 53 45 49 49 53 55 53     IPASIPPYISEIISUS
    3c6b:	49 54 45 52 49 54 49 44 49 54 52 4f 49 54 54 59     ITERITIDITROITTY
    3c7b:	49 56 41 4c 49 58 45 44 49 58 45 53 4f 42 42 59     IVALIXEDIXESOBBY
    3c8b:	4f 42 4c 45 4f 42 4c 59 4f 43 4b 53 4f 44 41 4c     OBLEOBLYOCKSODAL
    3c9b:	4f 44 44 59 4f 44 45 53 4f 44 55 53 4f 45 4c 53     ODDYODESODUSOELS
    3cab:	4f 48 4f 57 4f 49 53 45 4f 49 53 59 4f 4d 41 44     OHOWOISEOISYOMAD
    3cbb:	4f 4d 45 4e 4f 4e 43 45 4f 4e 45 53 4f 4e 45 54     OMENONCEONESONET
    3ccb:	4f 4f 4b 53 4f 4f 4b 59 4f 4f 4e 53 4f 4f 53 45     OOKSOOKYOONSOOSE
    3cdb:	4f 52 49 41 4f 52 4d 53 4f 52 54 48 4f 53 45 44     ORIAORMSORTHOSED
    3ceb:	4f 53 45 53 4f 54 43 48 4f 54 45 44 4f 54 45 53     OSESOTCHOTEDOTES
    3cfb:	4f 54 55 4d 4f 55 4e 53 4f 56 41 45 4f 56 41 53     OTUMOUNSOVAEOVAS
    3d0b:	4f 56 45 4c 4f 57 41 59 55 42 42 59 55 44 45 52     OVELOWAYUBBYUDER
    3d1b:	55 44 45 53 55 44 47 45 55 4b 45 44 55 4b 45 53     UDESUDGEUKEDUKES
    3d2b:	55 4c 4c 53 55 4d 42 53 55 4d 45 4e 55 4d 49 53     ULLSUMBSUMENUMIS
    3d3b:	55 52 53 45 55 54 54 59 59 41 4c 41 59 4c 4f 4e     URSEUTTYYALAYLON
    3d4b:	59 4d 50 48 41 4b 45 4e 41 4b 55 4d 41 52 45 44     YMPHAKENAKUMARED
    3d5b:	41 53 45 53 41 53 49 53 41 53 54 53 41 54 45 4e     ASESASISASTSATEN
    3d6b:	41 54 48 53 42 45 41 48 42 45 4c 49 42 45 53 45     ATHSBEAHBELIBESE
    3d7b:	42 45 59 53 42 49 54 53 42 4a 45 54 42 4f 45 53     BEYSBITSBJETBOES
    3d8b:	42 4f 4c 49 43 43 41 53 43 43 55 52 43 45 41 4e     BOLICCASCCURCEAN
    3d9b:	43 48 45 52 43 4b 45 52 43 52 45 41 43 54 41 44     CHERCKERCREACTAD
    3dab:	43 54 41 4c 43 54 41 4e 43 54 45 54 43 55 4c 49     CTALCTANCTETCULI
    3dbb:	44 44 45 52 44 44 4c 59 44 45 4f 4e 44 45 55 4d     DDERDDLYDEONDEUM
    3dcb:	44 49 55 4d 44 4f 52 53 46 46 41 4c 46 46 45 44     DIUMDORSFFALFFED
    3ddb:	46 46 45 52 46 54 45 4e 47 45 45 44 47 48 41 4d     FFERFTENGEEDGHAM
    3deb:	47 49 56 45 47 4c 45 44 47 4c 45 52 47 4c 45 53     GIVEGLEDGLERGLES
    3dfb:	47 52 45 53 48 4d 49 43 49 4c 45 44 49 4c 45 52     GRESHMICILEDILER
    3e0b:	49 4e 4b 53 4b 41 50 49 4b 52 41 53 4c 44 45 4e     INKSKAPIKRASLDEN
    3e1b:	4c 44 45 52 4c 44 49 45 4c 45 49 43 4c 45 49 4e     LDERLDIELEICLEIN
    3e2b:	4c 45 55 4d 4c 49 56 45 4c 4c 41 53 4c 4f 47 59     LEUMLIVELLASLOGY
    3e3b:	4d 41 53 41 4d 42 45 52 4d 45 47 41 4d 45 4e 53     MASAMBERMEGAMENS
    3e4b:	4d 49 54 53 4e 49 4f 4e 4e 53 45 54 4e 54 49 43     MITSNIONNSETNTIC
    3e5b:	4f 48 45 44 4f 4d 50 48 4f 54 49 44 4f 5a 45 44     OHEDOMPHOTIDOZED
    3e6b:	4f 5a 45 53 50 41 48 53 50 41 4c 53 50 45 4e 53     OZESPAHSPALSPENS
    3e7b:	50 45 52 41 50 49 4e 45 50 49 4e 47 50 49 55 4d     PERAPINEPINGPIUM
    3e8b:	50 54 45 44 50 54 49 43 52 41 4c 53 52 41 4e 47     PTEDPTICRALSRANG
    3e9b:	52 41 54 45 52 42 49 54 52 43 41 53 52 44 45 52     RATERBITRCASRDER
    3eab:	52 45 41 44 52 47 41 4e 52 49 45 4c 52 4c 4f 50     READRGANRIELRLOP
    3ebb:	52 4e 49 53 52 52 49 53 53 49 45 52 53 4d 49 43     RNISRRISSIERSMIC
    3ecb:	54 48 45 52 54 54 41 52 54 54 45 52 55 47 48 54     THERTTARTTERUGHT
    3edb:	55 4e 43 45 55 50 48 45 55 53 45 4c 55 53 54 53     UNCEUPHEUSELUSTS
    3eeb:	55 54 44 4f 55 54 45 44 55 54 45 52 55 54 47 4f     UTDOUTEDUTERUTGO
    3efb:	55 54 54 41 55 5a 45 4c 55 5a 4f 53 56 41 4c 53     UTTAUZELUZOSVALS
    3f0b:	56 41 52 59 56 41 54 45 56 45 4e 53 56 45 52 53     VARYVATEVENSVERS
    3f1b:	56 45 52 54 56 49 4e 45 56 4f 49 44 56 4f 4c 4f     VERTVINEVOIDVOLO
    3f2b:	56 55 4c 45 57 49 4e 47 57 4c 45 54 57 4e 45 44     VULEWINGWLETWNED
    3f3b:	57 4e 45 52 58 42 4f 57 58 49 44 45 58 49 4d 45     WNERXBOWXIDEXIME
    3f4b:	5a 4f 4e 45 41 43 45 44 41 43 45 52 41 43 45 53     ZONEACEDACERACES
    3f5b:	41 43 45 59 41 43 48 41 41 43 4b 53 41 43 54 53     ACEYACHAACKSACTS
    3f6b:	41 44 44 59 41 44 52 45 41 45 41 4e 41 45 4f 4e     ADDYADREAEANAEON
    3f7b:	41 47 41 4e 41 47 45 44 41 47 45 52 41 47 45 53     AGANAGEDAGERAGES
    3f8b:	41 49 4c 53 41 49 4e 53 41 49 4e 54 41 49 52 53     AILSAINSAINTAIRS
    3f9b:	41 49 53 41 41 4c 45 44 41 4c 45 52 41 4c 45 53     AISAALEDALERALES
    3fab:	41 4c 4c 53 41 4c 4c 59 41 4c 4d 53 41 4c 4d 59     ALLSALLYALMSALMY
    3fbb:	41 4c 53 59 41 4d 50 41 41 4e 44 41 41 4e 45 44     ALSYAMPAANDAANED
    3fcb:	41 4e 45 4c 41 4e 45 53 41 4e 47 41 41 4e 47 53     ANELANESANGAANGS
    3fdb:	41 4e 49 43 41 4e 4e 45 41 4e 53 59 41 4e 54 4f     ANICANNEANSYANTO
    3feb:	41 4e 54 53 41 50 41 4c 41 50 41 53 41 50 45 52     ANTSAPALAPASAPER
    3ffb:	41 50 50 59 41 52 41 53 41 52 43 48 41 52 43 53     APPYARASARCHARCS
    400b:	41 52 45 44 41 52 45 52 41 52 45 53 41 52 45 55     AREDARERARESAREU
    401b:	41 52 4b 41 41 52 4b 53 41 52 4b 59 41 52 4f 4c     ARKAARKSARKYAROL
    402b:	41 52 52 53 41 52 52 59 41 52 53 45 41 52 54 53     ARRSARRYARSEARTS
    403b:	41 52 54 59 41 52 56 45 41 53 48 41 41 53 48 4d     ARTYARVEASHAASHM
    404b:	41 53 54 41 41 53 54 45 41 53 54 53 41 53 54 59     ASTAASTEASTSASTY
    405b:	41 54 43 48 41 54 45 4e 41 54 45 53 41 54 48 53     ATCHATENATESATHS
    406b:	41 54 49 4e 41 54 49 4f 41 54 4c 59 41 54 53 59     ATINATIOATLYATSY
    407b:	41 54 54 59 41 55 53 45 41 56 41 4e 41 56 45 44     ATTYAUSEAVANAVED
    408b:	41 56 45 53 41 56 49 44 41 56 49 53 41 57 45 44     AVESAVIDAVISAWED
    409b:	41 57 4c 53 41 57 4e 53 41 58 45 53 41 59 45 44     AWLSAWNSAXESAYED
    40ab:	41 59 45 45 41 59 45 52 45 41 43 45 45 41 43 48     AYEEAYEREACEEACH
    40bb:	45 41 47 53 45 41 4b 53 45 41 4b 59 45 41 4c 53     EAGSEAKSEAKYEALS
    40cb:	45 41 4e 53 45 41 52 4c 45 41 52 53 45 41 52 54     EANSEARLEARSEART
    40db:	45 41 54 59 45 42 41 53 45 43 41 4e 45 43 4b 53     EATYEBASECANECKS
    40eb:	45 44 41 4c 45 45 4b 53 45 45 4c 53 45 45 4e 53     EDALEEKSEELSEENS
    40fb:	45 45 50 53 45 45 52 53 45 45 56 45 45 4b 41 4e     EEPSEERSEEVEEKAN
    410b:	45 4b 45 53 45 4b 4f 45 45 4c 54 53 45 4e 41 4c     EKESEKOEELTSENAL
    411b:	45 4e 43 45 45 4e 44 53 45 4e 49 53 45 4e 4e 41     ENCEENDSENISENNA
    412b:	45 4e 4e 45 45 4e 4e 49 45 4e 4e 59 45 4f 4e 53     ENNEENNIENNYEONS
    413b:	45 4f 4e 59 45 50 50 59 45 52 43 48 45 52 44 55     EONYEPPYERCHERDU
    414b:	45 52 49 4c 45 52 49 53 45 52 4b 53 45 52 4b 59     ERILERISERKSERKY
    415b:	45 52 4c 53 45 52 4d 53 45 52 52 59 45 52 53 45     ERLSERMSERRYERSE
    416b:	45 52 56 53 45 53 4b 59 45 53 4f 53 45 53 54 4f     ERVSESKYESOSESTO
    417b:	45 53 54 53 45 53 54 59 45 54 41 4c 45 54 45 52     ESTSESTYETALETER
    418b:	45 54 49 54 45 54 54 59 45 57 45 45 45 57 49 54     ETITETTYEWEEEWIT
    419b:	48 41 47 45 48 41 53 45 48 45 4f 4e 48 49 41 4c     HAGEHASEHEONHIAL
    41ab:	48 49 53 48 48 4c 4f 58 48 4f 4e 45 48 4f 4e 53     HISHHLOXHONEHONS
    41bb:	48 4f 4e 59 48 4f 54 4f 48 4f 54 53 48 52 45 4e     HONYHOTOHOTSHREN
    41cb:	48 59 4c 41 48 59 4c 45 49 41 4e 4f 49 43 4b 53     HYLAHYLEIANOICKS
    41db:	49 43 4b 59 49 43 4f 54 49 43 55 4c 49 45 43 45     ICKYICOTICULIECE
    41eb:	49 45 52 53 49 45 54 59 49 47 47 59 49 49 4e 47     IERSIETYIGGYIING
    41fb:	49 4b 41 53 49 4b 45 44 49 4b 45 52 49 4b 45 53     IKASIKEDIKERIKES
    420b:	49 4c 41 46 49 4c 43 48 49 4c 45 44 49 4c 45 49     ILAFILCHILEDILEI
    421b:	49 4c 45 53 49 4c 4c 53 49 4c 4f 54 49 4d 50 53     ILESILLSILOTIMPS
    422b:	49 4e 43 48 49 4e 45 44 49 4e 45 53 49 4e 45 59     INCHINEDINESINEY
    423b:	49 4e 47 53 49 4e 4b 4f 49 4e 4b 53 49 4e 4e 41     INGSINKOINKSINNA
    424b:	49 4e 4e 59 49 4e 54 41 49 4e 54 4f 49 4e 54 53     INNYINTAINTOINTS
    425b:	49 4e 55 50 49 4f 4e 53 49 4f 55 53 49 50 45 44     INUPIONSIOUSIPED
    426b:	49 50 45 52 49 50 45 53 49 50 49 54 49 51 55 45     IPERIPESIPITIQUE
    427b:	49 52 4f 47 49 53 54 45 49 54 41 53 49 54 43 48     IROGISTEITASITCH
    428b:	49 54 48 53 49 54 48 59 49 54 4f 4e 49 54 54 41     ITHSITHYITONITTA
    429b:	49 56 4f 54 49 58 45 4c 49 58 49 45 49 5a 5a 41     IVOTIXELIXIEIZZA
    42ab:	4c 41 43 45 4c 41 47 45 4c 41 49 44 4c 41 49 4e     LACELAGELAIDLAIN
    42bb:	4c 41 49 54 4c 41 4e 45 4c 41 4e 4b 4c 41 4e 53     LAITLANELANKLANS
    42cb:	4c 41 4e 54 4c 41 53 48 4c 41 53 4d 4c 41 54 45     LANTLASHLASMLATE
    42db:	4c 41 54 53 4c 41 54 59 4c 41 59 41 4c 41 59 53     LATSLATYLAYALAYS
    42eb:	4c 41 5a 41 4c 45 41 44 4c 45 41 53 4c 45 41 54     LAZALEADLEASLEAT
    42fb:	4c 45 42 45 4c 45 42 53 4c 45 4e 41 4c 49 43 41     LEBELEBSLENALICA
    430b:	4c 49 45 44 4c 49 45 52 4c 49 45 53 4c 4f 43 45     LIEDLIERLIESLOCE
    431b:	4c 4f 44 53 4c 4f 4e 4b 4c 4f 50 53 4c 4f 54 53     LODSLONKLOPSLOTS
    432b:	4c 4f 57 53 4c 4f 59 53 4c 55 43 4b 4c 55 47 53     LOWSLOYSLUCKLUGS
    433b:	4c 55 4d 42 4c 55 4d 45 4c 55 4d 50 4c 55 4d 53     LUMBLUMELUMPLUMS
    434b:	4c 55 4d 59 4c 55 4e 4b 4c 55 53 48 4d 49 4e 47     LUMYLUNKLUSHMING
    435b:	4f 41 43 48 4f 43 4b 53 4f 43 4b 59 4f 44 44 59     OACHOCKSOCKYODDY
    436b:	4f 45 4d 53 4f 45 53 59 4f 45 54 53 4f 47 45 59     OEMSOESYOETSOGEY
    437b:	4f 47 47 45 4f 49 4c 55 4f 49 4e 54 4f 49 53 45     OGGEOILUOINTOISE
    438b:	4f 4b 45 44 4f 4b 45 52 4f 4b 45 53 4f 4b 45 59     OKEDOKEROKESOKEY
    439b:	4f 4c 41 52 4f 4c 45 44 4f 4c 45 52 4f 4c 45 53     OLAROLEDOLEROLES
    43ab:	4f 4c 49 4f 4f 4c 49 53 4f 4c 49 54 4f 4c 4b 41     OLIOOLISOLITOLKA
    43bb:	4f 4c 4c 53 4f 4c 59 50 4f 4c 59 53 4f 4d 45 53     OLLSOLYPOLYSOMES
    43cb:	4f 4d 4d 59 4f 4e 43 45 4f 4e 43 59 4f 4e 44 53     OMMYONCEONCYONDS
    43db:	4f 4e 45 53 4f 4e 47 53 4f 4f 43 48 4f 4f 44 53     ONESONGSOOCHOODS
    43eb:	4f 4f 45 44 4f 4f 46 53 4f 4f 48 53 4f 4f 4b 41     OOEDOOFSOOHSOOKA
    43fb:	4f 4f 4c 53 4f 4f 4e 53 4f 4f 50 53 4f 50 45 53     OOLSOONSOOPSOPES
    440b:	4f 50 50 41 4f 50 50 59 4f 52 43 48 4f 52 45 44     OPPAOPPYORCHORED
    441b:	4f 52 45 52 4f 52 45 53 4f 52 47 59 4f 52 4b 59     ORERORESORGYORKY
    442b:	4f 52 4e 4f 4f 52 54 53 4f 53 45 44 4f 53 45 52     ORNOORTSOSEDOSER
    443b:	4f 53 45 53 4f 53 49 54 4f 53 53 45 4f 53 54 53     OSESOSITOSSEOSTS
    444b:	4f 54 54 4f 4f 54 54 59 4f 55 43 48 4f 55 46 53     OTTOOTTYOUCHOUFS
    445b:	4f 55 4c 54 4f 55 4e 44 4f 55 52 53 4f 55 54 53     OULTOUNDOURSOUTS
    446b:	4f 55 54 59 4f 57 45 52 4f 58 45 53 52 41 4d 53     OUTYOWEROXESRAMS
    447b:	52 41 4e 41 52 41 4e 47 52 41 4e 4b 52 41 53 45     RANARANGRANKRASE
    448b:	52 41 54 45 52 41 54 53 52 41 57 4e 52 41 59 53     RATERATSRAWNRAYS
    449b:	52 45 45 4e 52 45 50 53 52 45 53 41 52 45 53 53     REENREPSRESARESS
    44ab:	52 45 58 59 52 45 59 53 52 49 43 45 52 49 43 4b     REXYREYSRICERICK
    44bb:	52 49 44 45 52 49 45 44 52 49 45 52 52 49 45 53     RIDERIEDRIERRIES
    44cb:	52 49 47 53 52 49 4d 45 52 49 4d 4f 52 49 4d 50     RIGSRIMERIMORIMP
    44db:	52 49 4e 4b 52 49 4e 54 52 49 4f 4e 52 49 4f 52     RINKRINTRIONRIOR
    44eb:	52 49 53 4d 52 49 56 59 52 49 5a 45 52 4f 42 45     RISMRIVYRIZEROBE
    44fb:	52 4f 44 53 52 4f 45 4d 52 4f 46 53 52 4f 4c 45     RODSROEMROFSROLE
    450b:	52 4f 4d 4f 52 4f 4d 53 52 4f 4e 45 52 4f 4e 47     ROMOROMSRONERONG
    451b:	52 4f 4f 46 52 4f 50 52 52 4f 50 53 52 4f 53 45     ROOFROPRROPSROSE
    452b:	52 4f 53 59 52 4f 55 44 52 4f 56 45 52 4f 57 4c     ROSYROUDROVEROWL
    453b:	52 4f 57 53 52 4f 58 59 52 55 44 45 52 55 4e 45     ROWSROXYRUDERUNE
    454b:	53 41 4c 4d 53 45 55 44 53 48 41 57 53 4f 41 53     SALMSEUDSHAWSOAS
    455b:	53 59 43 48 55 42 45 53 55 42 49 43 55 42 49 53     SYCHUBESUBICUBIS
    456b:	55 43 4b 41 55 43 4b 53 55 44 47 59 55 46 46 53     UCKAUCKSUDGYUFFS
    457b:	55 46 46 59 55 4b 45 44 55 4b 45 53 55 4b 4b 41     UFFYUKEDUKESUKKA
    458b:	55 4c 41 53 55 4c 45 44 55 4c 45 52 55 4c 45 53     ULASULEDULERULES
    459b:	55 4c 4c 53 55 4c 50 53 55 4c 50 59 55 4c 53 45     ULLSULPSULPYULSE
    45ab:	55 4d 41 53 55 4d 50 53 55 4e 43 48 55 4e 47 53     UMASUMPSUNCHUNGS
    45bb:	55 4e 47 59 55 4e 4b 53 55 4e 54 53 55 50 41 45     UNGYUNKSUNTSUPAE
    45cb:	55 50 41 4c 55 50 49 4c 55 50 50 59 55 52 45 45     UPALUPILUPPYUREE
    45db:	55 52 45 52 55 52 47 45 55 52 4c 53 55 52 52 53     URERURGEURLSURRS
    45eb:	55 52 53 45 55 52 53 59 55 53 48 59 55 53 53 59     URSEURSYUSHYUSSY
    45fb:	55 54 54 4f 55 54 54 53 55 54 54 59 59 47 4d 59     UTTOUTTSUTTYYGMY
    460b:	59 4c 4f 4e 59 4f 49 44 59 52 45 53 59 58 45 53     YLONYOIDYRESYXES
    461b:	59 58 49 45 5a 41 5a 5a 49 42 4c 41 4f 50 48 53     YXIEZAZZIBLAOPHS
    462b:	55 41 43 4b 55 41 44 53 55 41 46 46 55 41 49 4c     UACKUADSUAFFUAIL
    463b:	55 41 4b 45 55 41 4b 59 55 41 4c 45 55 41 4c 4d     UAKEUAKYUALEUALM
    464b:	55 41 4e 54 55 41 52 4b 55 41 52 54 55 41 53 48     UANTUARKUARTUASH
    465b:	55 41 53 49 55 41 53 53 55 41 59 53 55 45 41 4e     UASIUASSUAYSUEAN
    466b:	55 45 45 4e 55 45 45 52 55 45 4c 4c 55 45 52 4e     UEENUEERUELLUERN
    467b:	55 45 52 59 55 45 53 54 55 45 55 45 55 49 43 4b     UERYUESTUEUEUICK
    468b:	55 49 44 53 55 49 45 54 55 49 46 46 55 49 4c 4c     UIDSUIETUIFFUILL
    469b:	55 49 4c 54 55 49 4e 45 55 49 4e 53 55 49 4e 54     UILTUINEUINSUINT
    46ab:	55 49 50 53 55 49 50 55 55 49 52 45 55 49 52 4b     UIPSUIPUUIREUIRK
    46bb:	55 49 52 54 55 49 54 45 55 49 54 53 55 4f 49 4e     UIRTUITEUITSUOIN
    46cb:	55 4f 49 54 55 4f 54 41 55 4f 54 45 55 4f 54 48     UOITUOTAUOTEUOTH
    46db:	41 42 42 49 41 42 49 44 41 43 45 44 41 43 45 52     ABBIABIDACEDACER
    46eb:	41 43 45 53 41 43 4b 53 41 43 4f 4e 41 44 41 52     ACESACKSACONADAR
    46fb:	41 44 49 49 41 44 49 4f 41 44 49 58 41 44 4f 4e     ADIIADIOADIXADON
    470b:	41 46 54 53 41 47 41 53 41 47 45 44 41 47 45 53     AFTSAGASAGEDAGES
    471b:	41 47 47 41 41 47 49 53 41 49 44 53 41 49 4c 53     AGGAAGISAIDSAILS
    472b:	41 49 4e 53 41 49 4e 59 41 49 53 45 41 4a 41 48     AINSAINYAISEAJAH
    473b:	41 4a 45 53 41 4b 45 44 41 4b 45 52 41 4b 45 53     AJESAKEDAKERAKES
    474b:	41 4c 45 53 41 4c 4c 59 41 4d 45 4e 41 4d 49 45     ALESALLYAMENAMIE
    475b:	41 4d 50 53 41 4e 43 45 41 4e 43 48 41 4e 44 59     AMPSANCEANCHANDY
    476b:	41 4e 45 45 41 4e 47 45 41 4e 47 59 41 4e 4b 53     ANEEANGEANGYANKS
    477b:	41 4e 54 53 41 50 45 44 41 50 45 52 41 50 45 53     ANTSAPEDAPERAPES
    478b:	41 50 49 44 41 52 45 44 41 52 45 52 41 52 45 53     APIDAREDARERARES
    479b:	41 53 50 53 41 53 50 59 41 54 41 4c 41 54 41 4e     ASPSASPYATALATAN
    47ab:	41 54 45 44 41 54 45 4c 41 54 45 52 41 54 45 53     ATEDATELATERATES
    47bb:	41 54 48 45 41 54 49 4f 41 54 54 59 41 56 45 44     ATHEATIOATTYAVED
    47cb:	41 56 45 4c 41 56 45 4e 41 56 45 52 41 56 45 53     AVELAVENAVERAVES
    47db:	41 56 49 4e 41 57 45 52 41 59 4f 4e 41 5a 45 44     AVINAWERAYONAZED
    47eb:	41 5a 45 45 41 5a 45 53 41 5a 4f 52 45 41 43 48     AZEEAZESAZOREACH
    47fb:	45 41 43 54 45 41 44 53 45 41 44 59 45 41 4c 4d     EACTEADSEADYEALM
    480b:	45 41 4c 53 45 41 4d 53 45 41 50 53 45 41 52 4d     EALSEAMSEAPSEARM
    481b:	45 41 52 53 45 41 54 41 45 41 56 45 45 42 45 43     EARSEATAEAVEEBEC
    482b:	45 42 45 4c 45 42 49 44 45 42 55 53 45 42 55 54     EBELEBIDEBUSEBUT
    483b:	45 43 41 50 45 43 43 45 45 43 4f 4e 45 43 54 49     ECAPECCEECONECTI
    484b:	45 43 54 4f 45 43 55 52 45 43 55 54 45 44 41 4e     ECTOECURECUTEDAN
    485b:	45 44 49 44 45 44 4c 59 45 44 55 58 45 44 59 45     EDIDEDLYEDUXEDYE
    486b:	45 45 44 53 45 45 44 59 45 45 46 53 45 45 4b 53     EEDSEEDYEEFSEEKS
    487b:	45 45 4b 59 45 45 4c 53 45 45 53 54 45 45 56 45     EEKYEELSEESTEEVE
    488b:	45 46 45 52 45 46 49 54 45 46 49 58 45 46 52 59     EFEREFITEFIXEFRY
    489b:	45 47 41 4c 45 48 41 42 45 49 46 59 45 49 47 4e     EGALEHABEIFYEIGN
    48ab:	45 49 4e 53 45 49 56 45 45 4a 49 47 45 4c 41 58     EINSEIVEEJIGELAX
    48bb:	45 4c 41 59 45 4c 49 43 45 4d 41 50 45 4d 45 58     ELAYELICEMAPEMEX
    48cb:	45 4d 49 54 45 4d 49 58 45 4e 41 4c 45 4e 44 53     EMITEMIXENALENDS
    48db:	45 4e 45 57 45 4e 49 4e 45 4e 54 53 45 50 41 59     ENEWENINENTSEPAY
    48eb:	45 50 45 4c 45 50 4c 59 45 50 50 53 45 50 52 4f     EPELEPLYEPPSEPRO
    48fb:	45 52 41 4e 45 52 55 4e 45 53 41 54 45 53 45 54     ERANERUNESATESET
    490b:	45 53 45 57 45 53 49 4e 45 53 49 54 45 53 4f 57     ESEWESINESITESOW
    491b:	45 53 54 53 45 54 43 48 45 54 49 45 45 54 52 4f     ESTSETCHETIEETRO
    492b:	45 54 52 59 45 55 53 45 45 56 45 4c 45 56 45 54     ETRYEUSEEVELEVET
    493b:	45 56 55 45 45 57 45 44 48 45 41 53 48 45 55 4d     EVUEEWEDHEASHEUM
    494b:	48 49 4e 4f 48 4f 4d 42 48 55 4d 42 48 59 4d 45     HINOHOMBHUMBHYME
    495b:	49 41 4c 53 49 41 4e 54 49 41 54 41 49 43 45 44     IALSIANTIATAICED
    496b:	49 43 45 52 49 43 45 53 49 43 4b 53 49 44 45 52     ICERICESICKSIDER
    497b:	49 44 45 53 49 44 47 45 49 44 47 59 49 45 4c 53     IDESIDGEIDGYIELS
    498b:	49 46 45 52 49 46 46 53 49 46 4c 45 49 46 54 53     IFERIFFSIFLEIFTS
    499b:	49 47 48 54 49 47 49 44 49 47 4f 52 49 4c 45 44     IGHTIGIDIGORILED
    49ab:	49 4c 45 53 49 4c 4c 45 49 4c 4c 53 49 4d 45 44     ILESILLEILLSIMED
    49bb:	49 4d 45 53 49 4e 44 53 49 4e 47 53 49 4e 4b 53     IMESINDSINGSINKS
    49cb:	49 4e 53 45 49 4f 54 53 49 50 45 4e 49 50 45 52     INSEIOTSIPENIPER
    49db:	49 53 45 4e 49 53 45 52 49 53 45 53 49 53 48 49     ISENISERISESISHI
    49eb:	49 53 4b 53 49 53 4b 59 49 54 45 53 49 54 5a 59     ISKSISKYITESITZY
    49fb:	49 56 41 4c 49 56 45 44 49 56 45 4e 49 56 45 52     IVALIVEDIVENIVER
    4a0b:	49 56 45 53 49 56 45 54 49 59 41 4c 4f 41 43 48     IVESIVETIYALOACH
    4a1b:	4f 41 44 53 4f 41 4d 53 4f 41 4e 53 4f 41 52 53     OADSOAMSOANSOARS
    4a2b:	4f 41 53 54 4f 42 45 44 4f 42 45 53 4f 42 49 4e     OASTOBEDOBESOBIN
    4a3b:	4f 42 4c 45 4f 42 4f 54 4f 43 4b 53 4f 43 4b 59     OBLEOBOTOCKSOCKY
    4a4b:	4f 44 45 4f 4f 47 45 52 4f 47 55 45 4f 49 4c 53     ODEOOGEROGUEOILS
    4a5b:	4f 49 4c 59 4f 4c 45 53 4f 4c 4c 53 4f 4d 41 4e     OILYOLESOLLSOMAN
    4a6b:	4f 4d 45 4f 4f 4d 50 53 4f 4e 44 45 4f 4e 44 4f     OMEOOMPSONDEONDO
    4a7b:	4f 4f 44 53 4f 4f 46 53 4f 4f 4b 53 4f 4f 4b 59     OODSOOFSOOKSOOKY
    4a8b:	4f 4f 4d 53 4f 4f 4d 59 4f 4f 53 45 4f 4f 53 54     OOMSOOMYOOSEOOST
    4a9b:	4f 4f 54 53 4f 50 45 44 4f 50 45 52 4f 50 45 53     OOTSOPEDOPEROPES
    4aab:	4f 51 55 45 4f 53 45 53 4f 53 49 4e 4f 54 41 53     OQUEOSESOSINOTAS
    4abb:	4f 54 4c 53 4f 54 4f 52 4f 55 47 45 4f 55 47 48     OTLSOTOROUGEOUGH
    4acb:	4f 55 4e 44 4f 55 53 45 4f 55 53 54 4f 55 54 45     OUNDOUSEOUSTOUTE
    4adb:	4f 55 54 53 4f 56 45 44 4f 56 45 52 4f 56 45 53     OUTSOVEDOVEROVES
    4aeb:	4f 57 41 4e 4f 57 44 59 4f 57 45 44 4f 57 45 4c     OWANOWDYOWEDOWEL
    4afb:	4f 57 45 52 4f 59 41 4c 53 46 53 52 54 46 4d 53     OWEROYALSFSRTFMS
    4b0b:	55 42 45 4c 55 42 45 53 55 42 4c 45 55 43 48 45     UBELUBESUBLEUCHE
    4b1b:	55 43 4b 53 55 44 44 53 55 44 44 59 55 44 45 52     UCKSUDDSUDDYUDER
    4b2b:	55 46 46 53 55 47 42 59 55 49 4e 47 55 49 4e 53     UFFSUGBYUINGUINS
    4b3b:	55 4c 45 44 55 4c 45 52 55 4c 45 53 55 4d 41 4c     ULEDULERULESUMAL
    4b4b:	55 4d 42 41 55 4d 45 4e 55 4d 4d 59 55 4d 4f 52     UMBAUMENUMMYUMOR
    4b5b:	55 4d 50 53 55 4e 45 53 55 4e 47 53 55 4e 49 43     UMPSUNESUNGSUNIC
    4b6b:	55 4e 4e 59 55 4e 54 53 55 4e 54 59 55 50 45 45     UNNYUNTSUNTYUPEE
    4b7b:	55 52 41 4c 55 53 45 53 55 53 48 59 55 53 4b 53     URALUSESUSHYUSKS
    4b8b:	55 53 54 53 55 53 54 59 55 54 48 53 55 54 54 59     USTSUSTYUTHSUTTY
    4b9b:	41 42 45 52 41 42 49 4e 41 42 4c 45 41 42 4f 54     ABERABINABLEABOT
    4bab:	41 42 52 41 41 43 4b 53 41 43 52 41 41 44 45 53     ABRAACKSACRAADES
    4bbb:	41 44 48 55 41 44 4c 59 41 46 45 52 41 46 45 53     ADHUADLYAFERAFES
    4bcb:	41 47 41 53 41 47 45 52 41 47 45 53 41 47 47 59     AGASAGERAGESAGGY
    4bdb:	41 48 49 42 41 49 47 41 41 49 4c 53 41 49 4e 54     AHIBAIGAAILSAINT
    4beb:	41 49 54 48 41 4b 45 52 41 4b 45 53 41 4c 41 44     AITHAKERAKESALAD
    4bfb:	41 4c 45 50 41 4c 45 53 41 4c 4c 59 41 4c 4d 49     ALEPALESALLYALMI
    4c0b:	41 4c 4f 4c 41 4c 4f 4e 41 4c 50 41 41 4c 53 41     ALOLALONALPAALSA
    4c1b:	41 4c 54 53 41 4c 54 59 41 4c 56 45 41 4c 56 4f     ALTSALTYALVEALVO
    4c2b:	41 4d 42 41 41 4d 42 4f 41 4d 45 53 41 4d 45 59     AMBAAMBOAMESAMEY
    4c3b:	41 4e 44 53 41 4e 44 59 41 4e 45 52 41 4e 47 53     ANDSANDYANERANGS
    4c4b:	41 50 49 44 41 50 4f 52 41 50 50 59 41 52 41 4e     APIDAPORAPPYARAN
    4c5b:	41 52 44 53 41 52 47 45 41 52 49 53 41 52 4b 59     ARDSARGEARISARKY
    4c6b:	41 52 4f 53 41 53 49 4e 41 53 53 59 41 54 41 59     AROSASINASSYATAY
    4c7b:	41 54 45 44 41 54 45 4d 41 54 45 53 41 54 49 4e     ATEDATEMATESATIN
    4c8b:	41 54 59 52 41 55 43 45 41 55 43 59 41 55 4e 41     ATYRAUCEAUCYAUNA
    4c9b:	41 55 52 59 41 56 45 44 41 56 45 52 41 56 45 53     AURYAVEDAVERAVES
    4cab:	41 56 4f 52 41 56 4f 59 41 56 56 59 41 57 45 44     AVORAVOYAVVYAWED
    4cbb:	41 57 45 52 41 58 45 53 41 59 45 52 43 41 42 53     AWERAXESAYERCABS
    4ccb:	43 41 44 53 43 41 47 53 43 41 4c 44 43 41 4c 45     CADSCAGSCALDCALE
    4cdb:	43 41 4c 50 43 41 4c 59 43 41 4d 50 43 41 4d 53     CALPCALYCAMPCAMS
    4ceb:	43 41 4e 53 43 41 4e 54 43 41 50 45 43 41 52 45     CANSCANTCAPECARE
    4cfb:	43 41 52 46 43 41 52 50 43 41 52 53 43 41 52 59     CARFCARPCARSCARY
    4d0b:	43 41 54 53 43 45 4e 44 43 45 4e 45 43 45 4e 54     CATSCENDCENECENT
    4d1b:	43 48 4d 4f 43 48 57 41 43 49 4f 4e 43 4f 46 46     CHMOCHWACIONCOFF
    4d2b:	43 4f 4c 44 43 4f 4e 45 43 4f 4f 50 43 4f 4f 54     COLDCONECOOPCOOT
    4d3b:	43 4f 50 45 43 4f 52 45 43 4f 52 4e 43 4f 55 52     COPECORECORNCOUR
    4d4b:	43 4f 55 54 43 4f 57 4c 43 4f 57 53 43 52 41 47     COUTCOWLCOWSCRAG
    4d5b:	43 52 41 4d 43 52 41 50 43 52 45 45 43 52 45 57     CRAMCRAPCREECREW
    4d6b:	43 52 49 4d 43 52 49 50 43 52 4f 44 43 52 4f 47     CRIMCRIPCRODCROG
    4d7b:	43 52 55 42 43 52 55 4d 43 55 42 41 43 55 44 4f     CRUBCRUMCUBACUDO
    4d8b:	43 55 44 53 43 55 46 46 43 55 4c 4c 43 55 4c 50     CUDSCUFFCULLCULP
    4d9b:	43 55 4d 53 43 55 50 53 43 55 52 46 43 55 54 41     CUMSCUPSCURFCUTA
    4dab:	43 55 54 45 43 55 54 53 45 41 4c 53 45 41 4d 53     CUTECUTSEALSEAMS
    4dbb:	45 41 4d 59 45 41 52 53 45 41 54 4f 45 41 54 53     EAMYEARSEATOEATS
    4dcb:	45 42 55 4d 45 43 43 4f 45 43 54 53 45 44 41 4e     EBUMECCOECTSEDAN
    4ddb:	45 44 47 45 45 44 47 59 45 44 55 4d 45 45 44 53     EDGEEDGYEDUMEEDS
    4deb:	45 45 44 59 45 45 4b 53 45 45 4c 53 45 45 4d 53     EEDYEEKSEELSEEMS
    4dfb:	45 45 50 53 45 45 52 53 45 47 4e 4f 45 47 55 45     EEPSEERSEGNOEGUE
    4e0b:	45 49 4e 45 45 49 53 45 45 49 53 4d 45 49 5a 45     EINEEISEEISMEIZE
    4e1b:	45 4c 41 48 45 4c 4c 53 45 4d 45 4e 45 4d 49 53     ELAHELLSEMENEMIS
    4e2b:	45 4e 44 53 45 4e 4e 41 45 4e 4f 52 45 4e 53 45     ENDSENNAENORENSE
    4e3b:	45 4e 54 45 45 50 41 4c 45 50 49 41 45 50 4f 59     ENTEEPALEPIAEPOY
    4e4b:	45 50 54 41 45 50 54 53 45 52 41 49 45 52 45 52     EPTAEPTSERAIERER
    4e5b:	45 52 46 53 45 52 47 45 45 52 49 46 45 52 49 4e     ERFSERGEERIFERIN
    4e6b:	45 52 4f 57 45 52 55 4d 45 52 56 45 45 52 56 4f     EROWERUMERVEERVO
    4e7b:	45 54 41 45 45 54 54 53 45 54 55 50 45 56 45 4e     ETAEETTSETUPEVEN
    4e8b:	45 56 45 52 45 57 41 4e 45 57 45 44 45 57 45 52     EVEREWANEWEDEWER
    4e9b:	45 58 45 44 45 58 45 53 45 58 54 53 48 41 43 4b     EXEDEXESEXTSHACK
    4eab:	48 41 44 45 48 41 44 53 48 41 44 59 48 41 45 46     HADEHADSHADYHAEF
    4ebb:	48 41 46 54 48 41 47 53 48 41 48 53 48 41 4b 45     HAFTHAGSHAHSHAKE
    4ecb:	48 41 4b 4f 48 41 4b 59 48 41 4c 45 48 41 4c 4c     HAKOHAKYHALEHALL
    4edb:	48 41 4c 54 48 41 4d 45 48 41 4d 53 48 41 4e 4b     HALTHAMEHAMSHANK
    4eeb:	48 41 50 45 48 41 50 45 48 41 52 44 48 41 52 45     HAPEHAPEHARDHARE
    4efb:	48 41 52 4b 48 41 52 50 48 41 56 45 48 41 57 4c     HARKHARPHAVEHAWL
    4f0b:	48 41 57 4d 48 41 59 53 48 45 41 46 48 45 41 52     HAWMHAYSHEAFHEAR
    4f1b:	48 45 44 53 48 45 45 4e 48 45 45 50 48 45 45 52     HEDSHEENHEEPHEER
    4f2b:	48 45 45 54 48 45 4c 46 48 45 4c 4c 48 45 4e 44     HEETHELFHELLHEND
    4f3b:	48 45 57 4e 48 45 57 53 48 49 45 44 48 49 45 52     HEWNHEWSHIEDHIER
    4f4b:	48 49 45 53 48 49 46 54 48 49 4c 4c 48 49 4d 53     HIESHIFTHILLHIMS
    4f5b:	48 49 4e 45 48 49 4e 53 48 49 4e 59 48 49 50 53     HINEHINSHINYHIPS
    4f6b:	48 49 52 45 48 49 52 4b 48 49 52 52 48 49 52 54     HIREHIRKHIRRHIRT
    4f7b:	48 49 54 53 48 49 56 41 48 49 56 45 48 49 56 53     HITSHIVAHIVEHIVS
    4f8b:	48 4f 41 4c 48 4f 41 54 48 4f 43 4b 48 4f 45 53     HOALHOATHOCKHOES
    4f9b:	48 4f 4e 45 48 4f 4f 4b 48 4f 4f 4c 48 4f 4f 53     HONEHOOKHOOLHOOS
    4fab:	48 4f 4f 54 48 4f 50 53 48 4f 52 45 48 4f 52 54     HOOTHOPSHOREHORT
    4fbb:	48 4f 54 45 48 4f 54 53 48 4f 55 54 48 4f 56 45     HOTEHOTSHOUTHOVE
    4fcb:	48 4f 57 4e 48 4f 57 53 48 4f 57 59 48 52 45 44     HOWNHOWSHOWYHRED
    4fdb:	48 52 45 57 48 52 55 42 48 52 55 47 48 55 43 4b     HREWHRUBHRUGHUCK
    4feb:	48 55 4e 53 48 55 4e 54 48 55 53 48 48 55 54 53     HUNSHUNTHUSHHUTS
    4ffb:	48 59 45 52 48 59 4c 59 49 42 59 4c 49 43 4b 4f     HYERHYLYIBYLICKO
    500b:	49 43 4b 53 49 44 45 44 49 44 45 53 49 44 4c 45     ICKSIDEDIDESIDLE
    501b:	49 45 47 45 49 45 56 45 49 46 54 53 49 47 48 53     IEGEIEVEIFTSIGHS
    502b:	49 47 48 54 49 47 49 4c 49 47 4d 41 49 47 4e 53     IGHTIGILIGMAIGNS
    503b:	49 4b 41 53 49 4c 44 53 49 4c 4b 53 49 4c 4b 59     IKASILDSILKSILKY
    504b:	49 4c 4c 53 49 4c 4c 59 49 4c 4f 53 49 4c 54 53     ILLSILLYILOSILTS
    505b:	49 4c 54 59 49 4c 56 41 49 4d 41 52 49 4d 42 41     ILTYILVAIMARIMBA
    506b:	49 4e 43 45 49 4e 45 53 49 4e 45 57 49 4e 47 45     INCEINESINEWINGE
    507b:	49 4e 47 53 49 4e 4b 53 49 4e 55 53 49 52 45 44     INGSINKSINUSIRED
    508b:	49 52 45 4e 49 52 45 53 49 53 41 4c 49 53 45 53     IRENIRESISALISES
    509b:	49 53 53 59 49 54 41 52 49 54 45 44 49 54 45 53     ISSYITARITEDITES
    50ab:	49 54 55 53 49 58 45 53 49 58 54 48 49 58 54 59     ITUSIXESIXTHIXTY
    50bb:	49 5a 41 52 49 5a 45 44 49 5a 45 52 49 5a 45 53     IZARIZEDIZERIZES
    50cb:	4b 41 4c 44 4b 41 54 45 4b 45 41 4e 4b 45 45 54     KALDKATEKEANKEET
    50db:	4b 45 47 53 4b 45 49 4e 4b 45 4c 50 4b 45 50 53     KEGSKEINKELPKEPS
    50eb:	4b 45 57 53 4b 49 44 53 4b 49 45 44 4b 49 45 52     KEWSKIDSKIEDKIER
    50fb:	4b 49 45 53 4b 49 46 46 4b 49 4c 4c 4b 49 4d 50     KIESKIFFKILLKIMP
    510b:	4b 49 4d 53 4b 49 4e 4b 4b 49 4e 53 4b 49 4e 54     KIMSKINKKINSKINT
    511b:	4b 49 50 53 4b 49 52 4c 4b 49 52 52 4b 49 52 54     KIPSKIRLKIRRKIRT
    512b:	4b 49 54 45 4b 49 54 53 4b 49 56 45 4b 4f 41 4c     KITEKITSKIVEKOAL
    513b:	4b 4f 53 48 4b 55 41 53 4b 55 4c 4b 4b 55 4c 4c     KOSHKUASKULKKULL
    514b:	4b 55 4e 4b 4c 41 42 53 4c 41 43 4b 4c 41 47 53     KUNKLABSLACKLAGS
    515b:	4c 41 49 4e 4c 41 4b 45 4c 41 4d 53 4c 41 4e 47     LAINLAKELAMSLANG
    516b:	4c 41 4e 54 4c 41 50 53 4c 41 53 48 4c 41 54 45     LANTLAPSLASHLATE
    517b:	4c 41 54 53 4c 41 54 59 4c 41 56 45 4c 41 59 53     LATSLATYLAVELAYS
    518b:	4c 45 44 53 4c 45 45 4b 4c 45 45 50 4c 45 45 54     LEDSLEEKLEEPLEET
    519b:	4c 45 50 54 4c 45 57 53 4c 49 43 45 4c 49 43 4b     LEPTLEWSLICELICK
    51ab:	4c 49 44 45 4c 49 45 52 4c 49 4d 45 4c 49 4d 53     LIDELIERLIMELIMS
    51bb:	4c 49 4d 59 4c 49 4e 47 4c 49 4e 4b 4c 49 50 53     LIMYLINGLINKLIPS
    51cb:	4c 49 54 53 4c 4f 42 53 4c 4f 45 53 4c 4f 47 53     LITSLOBSLOESLOGS
    51db:	4c 4f 4f 50 4c 4f 50 45 4c 4f 50 53 4c 4f 53 48     LOOPLOPELOPSLOSH
    51eb:	4c 4f 54 48 4c 4f 54 53 4c 4f 57 53 4c 55 42 53     LOTHLOTSLOWSLUBS
    51fb:	4c 55 45 44 4c 55 45 53 4c 55 46 46 4c 55 47 53     LUEDLUESLUFFLUGS
    520b:	4c 55 4d 50 4c 55 4d 53 4c 55 4e 47 4c 55 4e 4b     LUMPLUMSLUNGLUNK
    521b:	4c 55 52 50 4c 55 52 53 4c 55 53 48 4c 55 54 53     LURPLURSLUSHLUTS
    522b:	4c 59 4c 59 4c 59 50 45 4d 41 43 4b 4d 41 4c 4c     LYLYLYPEMACKMALL
    523b:	4d 41 4c 54 4d 41 52 4d 4d 41 52 54 4d 41 53 48     MALTMARMMARTMASH
    524b:	4d 41 5a 45 4d 45 41 52 4d 45 4c 4c 4d 45 4c 54     MAZEMEARMELLMELT
    525b:	4d 45 57 53 4d 49 4c 45 4d 49 52 4b 4d 49 54 45     MEWSMILEMIRKMITE
    526b:	4d 49 54 48 4d 4f 43 4b 4d 4f 47 53 4d 4f 4b 45     MITHMOCKMOGSMOKE
    527b:	4d 4f 4b 4f 4d 4f 4b 59 4d 4f 4c 54 4d 4f 54 45     MOKOMOKYMOLTMOTE
    528b:	4d 55 52 46 4d 55 54 53 4e 41 43 4b 4e 41 46 55     MURFMUTSNACKNAFU
    529b:	4e 41 47 53 4e 41 49 4c 4e 41 4b 45 4e 41 4b 59     NAGSNAILNAKENAKY
    52ab:	4e 41 50 53 4e 41 52 45 4e 41 52 46 4e 41 52 4b     NAPSNARENARFNARK
    52bb:	4e 41 52 4c 4e 41 54 48 4e 45 41 4b 4e 45 43 4b     NARLNATHNEAKNECK
    52cb:	4e 45 45 52 4e 49 43 4b 4e 49 44 45 4e 49 46 46     NEERNICKNIDENIFF
    52db:	4e 49 50 45 4e 49 50 53 4e 49 54 53 4e 4f 42 53     NIPENIPSNITSNOBS
    52eb:	4e 4f 47 53 4e 4f 4f 44 4e 4f 4f 4b 4e 4f 4f 50     NOGSNOODNOOKNOOP
    52fb:	4e 4f 4f 54 4e 4f 52 45 4e 4f 52 54 4e 4f 54 53     NOOTNORENORTNOTS
    530b:	4e 4f 55 54 4e 4f 57 53 4e 4f 57 59 4e 55 42 53     NOUTNOWSNOWYNUBS
    531b:	4e 55 46 46 4e 55 47 53 4f 41 4b 53 4f 41 50 53     NUFFNUGSOAKSOAPS
    532b:	4f 41 50 59 4f 41 52 53 4f 41 56 45 4f 42 45 52     OAPYOARSOAVEOBER
    533b:	4f 43 4b 53 4f 43 4c 45 4f 44 41 53 4f 46 41 52     OCKSOCLEODASOFAR
    534b:	4f 46 41 53 4f 46 54 41 4f 46 54 59 4f 47 47 59     OFASOFTAOFTYOGGY
    535b:	4f 49 4c 53 4f 4c 41 4e 4f 4c 41 52 4f 4c 44 4f     OILSOLANOLAROLDO
    536b:	4f 4c 45 44 4f 4c 45 53 4f 4c 49 44 4f 4c 4f 4e     OLEDOLESOLIDOLON
    537b:	4f 4c 4f 53 4f 4c 55 53 4f 4c 56 45 4f 4d 41 53     OLOSOLUSOLVEOMAS
    538b:	4f 4e 41 52 4f 4e 44 45 4f 4e 45 53 4f 4e 47 53     ONARONDEONESONGS
    539b:	4f 4e 49 43 4f 4e 4c 59 4f 4e 4e 59 4f 4f 54 48     ONICONLYONNYOOTH
    53ab:	4f 4f 54 59 4f 50 4f 52 4f 50 50 59 4f 52 42 53     OOTYOPOROPPYORBS
    53bb:	4f 52 45 52 4f 52 45 53 4f 52 47 4f 4f 52 52 59     ORERORESORGOORRY
    53cb:	4f 52 54 41 4f 52 54 53 4f 52 55 53 4f 53 45 53     ORTAORTSORUSOSES
    53db:	4f 55 47 48 4f 55 4b 53 4f 55 4c 53 4f 55 4e 44     OUGHOUKSOULSOUND
    53eb:	4f 55 50 53 4f 55 50 59 4f 55 52 53 4f 55 53 45     OUPSOUPYOURSOUSE
    53fb:	4f 55 54 48 4f 57 45 44 4f 57 45 52 50 41 43 45     OUTHOWEDOWERPACE
    540b:	50 41 44 45 50 41 48 49 50 41 4b 45 50 41 4c 4c     PADEPAHIPAKEPALL
    541b:	50 41 4d 53 50 41 4e 47 50 41 4e 4b 50 41 4e 53     PAMSPANGPANKPANS
    542b:	50 41 52 45 50 41 52 4b 50 41 52 53 50 41 53 4d     PAREPARKPARSPASM
    543b:	50 41 54 45 50 41 54 53 50 41 57 4e 50 41 59 53     PATEPATSPAWNPAYS
    544b:	50 45 41 4b 50 45 41 52 50 45 43 4b 50 45 43 53     PEAKPEARPECKPECS
    545b:	50 45 45 44 50 45 4c 4c 50 45 4e 44 50 45 4e 54     PEEDPELLPENDPENT
    546b:	50 45 4f 53 50 45 52 4d 50 45 57 53 50 49 43 41     PEOSPERMPEWSPICA
    547b:	50 49 43 45 50 49 43 53 50 49 43 59 50 49 45 44     PICEPICSPICYPIED
    548b:	50 49 45 4c 50 49 45 52 50 49 45 53 50 49 46 46     PIELPIERPIESPIFF
    549b:	50 49 4b 45 50 49 4b 59 50 49 4c 45 50 49 4c 4c     PIKEPIKYPILEPILL
    54ab:	50 49 4e 45 50 49 4e 53 50 49 4e 59 50 49 52 45     PINEPINSPINYPIRE
    54bb:	50 49 52 59 50 49 54 45 50 49 54 53 50 49 54 5a     PIRYPITEPITSPITZ
    54cb:	50 49 56 53 50 4c 41 54 50 4c 41 59 50 4c 49 54     PIVSPLATPLAYPLIT
    54db:	50 4f 49 4c 50 4f 4b 45 50 4f 4f 46 50 4f 4f 4b     POILPOKEPOOFPOOK
    54eb:	50 4f 4f 4c 50 4f 4f 4e 50 4f 4f 52 50 4f 52 45     POOLPOONPOORPORE
    54fb:	50 4f 52 54 50 4f 54 53 50 4f 55 54 50 52 41 47     PORTPOTSPOUTPRAG
    550b:	50 52 41 54 50 52 41 59 50 52 45 45 50 52 49 47     PRATPRAYPREEPRIG
    551b:	50 52 49 54 50 52 4f 47 50 52 55 45 50 55 44 53     PRITPROGPRUEPUDS
    552b:	50 55 45 44 50 55 45 53 50 55 4d 45 50 55 4d 59     PUEDPUESPUMEPUMY
    553b:	50 55 4e 4b 50 55 52 4e 50 55 52 53 50 55 52 54     PUNKPURNPURSPURT
    554b:	50 55 54 41 51 55 41 42 51 55 41 44 51 55 41 54     PUTAQUABQUADQUAT
    555b:	51 55 41 57 51 55 49 42 51 55 49 44 52 55 54 49     QUAWQUIBQUIDRUTI
    556b:	54 41 42 53 54 41 43 43 54 41 43 4b 54 41 46 46     TABSTACCTACKTAFF
    557b:	54 41 47 45 54 41 47 53 54 41 47 59 54 41 49 44     TAGETAGSTAGYTAID
    558b:	54 41 49 4e 54 41 49 52 54 41 4b 45 54 41 4c 45     TAINTAIRTAKETALE
    559b:	54 41 4c 4b 54 41 4c 4c 54 41 4d 50 54 41 4e 44     TALKTALLTAMPTAND
    55ab:	54 41 4e 45 54 41 4e 47 54 41 4e 4b 54 41 50 48     TANETANGTANKTAPH
    55bb:	54 41 52 45 54 41 52 4b 54 41 52 53 54 41 52 54     TARETARKTARSTART
    55cb:	54 41 53 48 54 41 54 45 54 41 54 53 54 41 56 45     TASHTATETATSTAVE
    55db:	54 41 59 53 54 44 49 4f 54 45 41 44 54 45 41 4b     TAYSTDIOTEADTEAK
    55eb:	54 45 41 4c 54 45 41 4d 54 45 45 44 54 45 45 4c     TEALTEAMTEEDTEEL
    55fb:	54 45 45 50 54 45 45 52 54 45 49 4e 54 45 4c 41     TEEPTEERTEINTELA
    560b:	54 45 4c 45 54 45 4d 53 54 45 4e 4f 54 45 4e 54     TELETEMSTENOTENT
    561b:	54 45 50 53 54 45 52 45 54 45 52 4e 54 45 54 53     TEPSTERETERNTETS
    562b:	54 45 57 53 54 49 43 48 54 49 43 4b 54 49 45 53     TEWSTICHTICKTIES
    563b:	54 49 46 46 54 49 4c 45 54 49 4c 4c 54 49 4c 54     TIFFTILETILLTILT
    564b:	54 49 4e 47 54 49 4e 4b 54 49 4e 54 54 49 50 45     TINGTINKTINTTIPE
    565b:	54 49 52 4b 54 49 52 53 54 4f 41 54 54 4f 43 4b     TIRKTIRSTOATTOCK
    566b:	54 4f 49 43 54 4f 4b 45 54 4f 4c 45 54 4f 4d 41     TOICTOKETOLETOMA
    567b:	54 4f 4d 50 54 4f 4e 45 54 4f 4e 59 54 4f 4f 44     TOMPTONETONYTOOD
    568b:	54 4f 4f 4b 54 4f 4f 4c 54 4f 4f 50 54 4f 50 45     TOOKTOOLTOOPTOPE
    569b:	54 4f 50 53 54 4f 52 45 54 4f 52 4b 54 4f 52 4d     TOPSTORETORKTORM
    56ab:	54 4f 52 59 54 4f 53 53 54 4f 55 50 54 4f 55 54     TORYTOSSTOUPTOUT
    56bb:	54 4f 56 45 54 4f 57 53 54 52 41 50 54 52 41 57     TOVETOWSTRAPTRAW
    56cb:	54 52 41 59 54 52 45 50 54 52 45 57 54 52 49 41     TRAYTREPTREWTRIA
    56db:	54 52 49 50 54 52 4f 50 54 52 4f 57 54 52 4f 59     TRIPTROPTROWTROY
    56eb:	54 52 55 4d 54 52 55 54 54 55 42 53 54 55 43 4b     TRUMTRUTTUBSTUCK
    56fb:	54 55 44 53 54 55 44 59 54 55 46 46 54 55 4c 4c     TUDSTUDYTUFFTULL
    570b:	54 55 4d 50 54 55 4e 47 54 55 4e 4b 54 55 4e 53     TUMPTUNGTUNKTUNS
    571b:	54 55 4e 54 54 55 50 41 54 55 50 45 54 59 4c 45     TUNTTUPATUPETYLE
    572b:	54 59 4c 49 55 41 56 45 55 43 4b 53 55 43 52 45     TYLIUAVEUCKSUCRE
    573b:	55 44 4f 52 55 44 53 59 55 45 44 45 55 45 54 59     UDORUDSYUEDEUETY
    574b:	55 47 41 52 55 49 4e 47 55 49 4e 54 55 49 54 45     UGARUINGUINTUITE
    575b:	55 49 54 53 55 4c 43 49 55 4c 46 41 55 4c 4b 53     UITSULCIULFAULKS
    576b:	55 4c 4b 59 55 4c 4c 59 55 4d 41 43 55 4d 4d 41     ULKYULLYUMACUMMA
    577b:	55 4d 50 53 55 4e 4e 59 55 4e 55 50 55 50 45 52     UMPSUNNYUNUPUPER
    578b:	55 50 50 4c 55 50 52 41 55 52 41 48 55 52 41 4c     UPPLUPRAURAHURAL
    579b:	55 52 41 53 55 52 44 53 55 52 45 52 55 52 46 53     URASURDSURERURFS
    57ab:	55 52 47 45 55 52 47 59 55 52 4c 59 55 52 52 41     URGEURGYURLYURRA
    57bb:	55 53 48 49 55 54 52 41 57 41 42 53 57 41 47 45     USHIUTRAWABSWAGE
    57cb:	57 41 47 53 57 41 49 4e 57 41 4c 45 57 41 4d 49     WAGSWAINWALEWAMI
    57db:	57 41 4d 50 57 41 4e 4b 57 41 4e 53 57 41 50 53     WAMPWANKWANSWAPS
    57eb:	57 41 52 44 57 41 52 4d 57 41 52 54 57 41 53 48     WARDWARMWARTWASH
    57fb:	57 41 54 48 57 41 54 53 57 41 59 53 57 45 41 52     WATHWATSWAYSWEAR
    580b:	57 45 41 54 57 45 44 45 57 45 45 50 57 45 45 54     WEATWEDEWEEPWEET
    581b:	57 45 4c 4c 57 45 50 54 57 49 46 54 57 49 47 53     WELLWEPTWIFTWIGS
    582b:	57 49 4c 4c 57 49 4d 53 57 49 4e 45 57 49 4e 47     WILLWIMSWINEWING
    583b:	57 49 4e 4b 57 49 50 45 57 49 52 4c 57 49 53 48     WINKWIPEWIRLWISH
    584b:	57 49 5a 5a 57 4f 4f 4e 57 4f 4f 50 57 4f 52 44     WIZZWOONWOOPWORD
    585b:	57 4f 52 45 57 4f 52 4e 57 4f 54 53 57 55 4e 47     WOREWORNWOTSWUNG
    586b:	59 43 45 45 59 4c 50 48 59 4e 43 53 59 4e 4f 44     YCEEYLPHYNCSYNOD
    587b:	59 4e 4f 50 59 52 55 50 59 53 4f 50 41 42 42 59     YNOPYRUPYSOPABBY
    588b:	41 42 45 53 41 42 4c 41 41 42 4c 45 41 42 4f 4f     ABESABLAABLEABOO
    589b:	41 42 4f 52 41 43 45 54 41 43 48 45 41 43 49 54     ABORACETACHEACIT
    58ab:	41 43 4b 53 41 43 4b 59 41 43 4f 53 41 46 46 59     ACKSACKYACOSAFFY
    58bb:	41 46 49 41 41 49 47 41 41 49 4c 53 41 49 4e 54     AFIAAIGAAILSAINT
    58cb:	41 4b 41 53 41 4b 45 4e 41 4b 45 52 41 4b 45 53     AKASAKENAKERAKES
    58db:	41 4b 49 4e 41 4c 41 53 41 4c 45 52 41 4c 45 53     AKINALASALERALES
    58eb:	41 4c 4b 53 41 4c 4b 59 41 4c 4c 59 41 4c 4f 4e     ALKSALKYALLYALON
    58fb:	41 4c 55 4b 41 4c 55 53 41 4d 45 44 41 4d 45 52     ALUKALUSAMEDAMER
    590b:	41 4d 45 53 41 4d 49 53 41 4d 4d 59 41 4d 50 53     AMESAMISAMMYAMPS
    591b:	41 4e 47 4f 41 4e 47 53 41 4e 47 59 41 4e 4b 41     ANGOANGSANGYANKA
    592b:	41 4e 4b 53 41 4e 53 59 41 4e 54 4f 41 50 41 53     ANKSANSYANTOAPAS
    593b:	41 50 45 44 41 50 45 52 41 50 45 53 41 50 49 52     APEDAPERAPESAPIR
    594b:	41 50 49 53 41 52 44 59 41 52 45 44 41 52 45 53     APISARDYAREDARES
    595b:	41 52 47 45 41 52 4e 53 41 52 4f 53 41 52 4f 54     ARGEARNSAROSAROT
    596b:	41 52 50 53 41 52 52 59 41 52 53 49 41 52 54 53     ARPSARRYARSIARTS
    597b:	41 52 54 59 41 53 4b 53 41 53 53 45 41 53 54 45     ARTYASKSASSEASTE
    598b:	41 53 54 59 41 54 45 52 41 54 54 59 41 55 4e 54     ASTYATERATTYAUNT
    599b:	41 55 50 45 41 57 4e 59 41 58 45 44 41 58 45 52     AUPEAWNYAXEDAXER
    59ab:	41 58 45 53 41 58 49 53 41 58 4f 4e 41 59 52 41     AXESAXISAXONAYRA
    59bb:	41 5a 5a 41 45 41 43 48 45 41 4b 53 45 41 4c 53     AZZAEACHEAKSEALS
    59cb:	45 41 4d 53 45 41 52 53 45 41 52 59 45 41 53 45     EAMSEARSEARYEASE
    59db:	45 41 54 53 45 43 48 53 45 43 48 59 45 44 44 59     EATSECHSECHYEDDY
    59eb:	45 45 4d 53 45 45 4e 53 45 45 4e 59 45 45 54 48     EEMSEENSEENYEETH
    59fb:	45 4c 45 47 45 4c 45 58 45 4c 49 43 45 4c 4c 53     ELEGELEXELICELLS
    5a0b:	45 4c 4c 59 45 4d 50 4f 45 4d 50 53 45 4d 50 54     ELLYEMPOEMPSEMPT
    5a1b:	45 4e 43 48 45 4e 44 53 45 4e 45 54 45 4e 47 45     ENCHENDSENETENGE
    5a2b:	45 4e 49 41 45 4e 4e 4f 45 4e 4f 4e 45 4e 4f 52     ENIAENNOENONENOR
    5a3b:	45 4e 53 45 45 4e 54 48 45 4e 54 53 45 50 45 45     ENSEENTHENTSEPEE
    5a4b:	45 50 49 44 45 52 43 45 45 52 4d 53 45 52 4e 53     EPIDERCEERMSERNS
    5a5b:	45 52 52 41 45 52 52 59 45 52 53 45 45 53 4c 41     ERRAERRYERSEESLA
    5a6b:	45 53 4f 4c 45 53 54 41 45 53 54 53 45 53 54 59     ESOLESTAESTSESTY
    5a7b:	45 54 48 53 45 54 52 41 45 58 45 53 45 58 54 53     ETHSETRAEXESEXTS
    5a8b:	48 41 4e 45 48 41 4e 4b 48 41 57 53 48 45 42 45     HANEHANKHAWSHEBE
    5a9b:	48 45 43 41 48 45 45 53 48 45 46 54 48 45 47 4e     HECAHEESHEFTHEGN
    5aab:	48 45 49 52 48 45 4d 45 48 45 4f 4c 48 45 52 45     HEIRHEMEHEOLHERE
    5abb:	48 45 52 4d 48 45 53 45 48 45 54 41 48 45 57 53     HERMHESEHETAHEWS
    5acb:	48 45 57 59 48 49 43 4b 48 49 45 46 48 49 47 48     HEWYHICKHIEFHIGH
    5adb:	48 49 4c 4c 48 49 4e 45 48 49 4e 47 48 49 4e 4b     HILLHINEHINGHINK
    5aeb:	48 49 4e 53 48 49 4f 4c 48 49 52 44 48 4f 4c 45     HINSHIOLHIRDHOLE
    5afb:	48 4f 4e 47 48 4f 52 4e 48 4f 52 50 48 4f 53 45     HONGHORNHORPHOSE
    5b0b:	48 4f 55 53 48 52 45 45 48 52 45 57 48 52 4f 42     HOUSHREEHREWHROB
    5b1b:	48 52 4f 45 48 52 4f 57 48 52 55 4d 48 55 44 53     HROEHROWHRUMHUDS
    5b2b:	48 55 47 53 48 55 4a 41 48 55 4d 42 48 55 4d 50     HUGSHUJAHUMBHUMP
    5b3b:	48 55 4e 4b 48 55 59 41 48 59 4d 45 49 41 52 41     HUNKHUYAHYMEIARA
    5b4b:	49 42 49 41 49 43 41 4c 49 43 4b 53 49 44 41 4c     IBIAICALICKSIDAL
    5b5b:	49 44 45 44 49 44 45 53 49 45 52 53 49 46 46 53     IDEDIDESIERSIFFS
    5b6b:	49 47 45 52 49 47 48 54 49 47 4f 4e 49 4c 44 45     IGERIGHTIGONILDE
    5b7b:	49 4c 45 44 49 4c 45 52 49 4c 45 53 49 4c 4c 53     ILEDILERILESILLS
    5b8b:	49 4c 54 48 49 4c 54 53 49 4d 45 44 49 4d 45 52     ILTHILTSIMEDIMER
    5b9b:	49 4d 45 53 49 4d 49 44 49 4e 43 54 49 4e 45 41     IMESIMIDINCTINEA
    5bab:	49 4e 45 44 49 4e 45 53 49 4e 47 45 49 4e 47 53     INEDINESINGEINGS
    5bbb:	49 4e 4e 59 49 4e 54 53 49 50 53 59 49 52 45 44     INNYINTSIPSYIRED
    5bcb:	49 52 45 53 49 54 41 4e 49 54 43 48 49 54 45 52     IRESITANITCHITER
    5bdb:	49 54 48 45 49 54 49 53 49 54 4c 45 49 54 54 59     ITHEITISITLEITTY
    5beb:	49 5a 5a 59 4f 41 44 53 4f 41 44 59 4f 41 53 54     IZZYOADSOADYOAST
    5bfb:	4f 44 41 59 4f 44 44 59 4f 45 41 53 4f 45 46 4c     ODAYODDYOEASOEFL
    5c0b:	4f 46 46 53 4f 47 41 53 4f 49 4c 45 4f 49 4c 53     OFFSOGASOILEOILS
    5c1b:	4f 4b 41 59 4f 4b 45 44 4f 4b 45 4e 4f 4b 45 53     OKAYOKEDOKENOKES
    5c2b:	4f 4c 41 4e 4f 4c 41 52 4f 4c 4c 53 4f 4c 4c 59     OLANOLAROLLSOLLY
    5c3b:	4f 4c 55 53 4f 4c 59 4c 4f 4d 42 53 4f 4d 45 53     OLUSOLYLOMBSOMES
    5c4b:	4f 4e 41 4c 4f 4e 45 44 4f 4e 45 52 4f 4e 45 53     ONALONEDONERONES
    5c5b:	4f 4e 47 41 4f 4e 47 53 4f 4e 49 43 4f 4e 4e 45     ONGAONGSONICONNE
    5c6b:	4f 4e 55 53 4f 4f 4c 53 4f 4f 54 48 4f 4f 54 53     ONUSOOLSOOTHOOTS
    5c7b:	4f 50 41 5a 4f 50 45 44 4f 50 45 45 4f 50 45 52     OPAZOPEDOPEEOPER
    5c8b:	4f 50 45 53 4f 50 49 43 4f 50 4f 47 4f 51 55 45     OPESOPICOPOGOQUE
    5c9b:	4f 52 43 48 4f 52 49 49 4f 52 52 53 4f 52 53 45     ORCHORIIORRSORSE
    5cab:	4f 52 53 4b 4f 52 53 4f 4f 52 54 45 4f 52 54 53     ORSKORSOORTEORTS
    5cbb:	4f 52 55 53 4f 54 41 4c 4f 54 45 44 4f 54 45 4d     ORUSOTALOTEDOTEM
    5ccb:	4f 54 45 52 4f 54 45 53 4f 55 43 48 4f 55 47 48     OTEROTESOUCHOUGH
    5cdb:	4f 55 52 53 4f 55 54 53 4f 57 45 44 4f 57 45 4c     OURSOUTSOWEDOWEL
    5ceb:	4f 57 45 52 4f 57 4e 53 4f 58 49 43 4f 58 49 4e     OWEROWNSOXICOXIN
    5cfb:	4f 59 45 44 52 41 43 45 52 41 43 4b 52 41 43 54     OYEDRACERACKRACT
    5d0b:	52 41 44 45 52 41 49 4c 52 41 49 4e 52 41 49 54     RADERAILRAINRAIT
    5d1b:	52 41 4d 50 52 41 4d 53 52 41 4e 53 52 41 50 53     RAMPRAMSRANSRAPS
    5d2b:	52 41 53 48 52 41 53 53 52 41 56 45 52 41 57 4c     RASHRASSRAVERAWL
    5d3b:	52 41 59 53 52 45 41 44 52 45 41 53 52 45 41 54     RAYSREADREASREAT
    5d4b:	52 45 45 44 52 45 45 4e 52 45 45 53 52 45 4b 53     REEDREENREESREKS
    5d5b:	52 45 4e 44 52 45 53 53 52 45 57 53 52 45 59 53     RENDRESSREWSREYS
    5d6b:	52 49 41 44 52 49 41 4c 52 49 42 45 52 49 43 45     RIADRIALRIBERICE
    5d7b:	52 49 43 4b 52 49 45 44 52 49 45 52 52 49 45 53     RICKRIEDRIERRIES
    5d8b:	52 49 4b 45 52 49 4c 4c 52 49 4d 53 52 49 4e 45     RIKERILLRIMSRINE
    5d9b:	52 49 4f 53 52 49 50 45 52 49 50 53 52 49 54 45     RIOSRIPERIPSRITE
    5dab:	52 4f 41 54 52 4f 4c 4c 52 4f 4d 50 52 4f 4e 41     ROATROLLROMPRONA
    5dbb:	52 4f 4e 53 52 4f 4f 50 52 4f 50 45 52 4f 54 48     RONSROOPROPEROTH
    5dcb:	52 4f 54 53 52 4f 55 54 52 4f 56 45 52 4f 57 53     ROTSROUTROVEROWS
    5ddb:	52 4f 59 53 52 55 43 45 52 55 43 4b 52 55 45 44     ROYSRUCERUCKRUED
    5deb:	52 55 45 52 52 55 45 53 52 55 47 53 52 55 4c 4c     RUERRUESRUGSRULL
    5dfb:	52 55 4c 59 52 55 4d 50 52 55 4e 4b 52 55 53 53     RULYRUMPRUNKRUSS
    5e0b:	52 55 53 54 52 55 54 48 52 59 4d 41 52 59 53 54     RUSTRUTHRYMARYST
    5e1b:	55 42 41 4c 55 42 41 53 55 42 42 59 55 42 45 44     UBALUBASUBBYUBED
    5e2b:	55 42 45 52 55 42 45 53 55 43 4b 53 55 46 54 53     UBERUBESUCKSUFTS
    5e3b:	55 46 54 59 55 4c 49 50 55 4c 4c 45 55 4d 49 44     UFTYULIPULLEUMID
    5e4b:	55 4d 4d 59 55 4d 4f 52 55 4e 41 53 55 4e 45 44     UMMYUMORUNASUNED
    5e5b:	55 4e 45 52 55 4e 45 53 55 4e 49 43 55 4e 4e 59     UNERUNESUNICUNNY
    5e6b:	55 51 55 45 55 52 42 4f 55 52 44 53 55 52 46 53     UQUEURBOURDSURFS
    5e7b:	55 52 46 59 55 52 4e 53 55 52 50 53 55 53 48 59     URFYURNSURPSUSHY
    5e8b:	55 53 4b 53 55 54 4f 52 55 54 54 49 55 54 54 59     USKSUTORUTTIUTTY
    5e9b:	55 54 55 53 55 58 45 53 57 41 49 4e 57 41 4e 47     UTUSUXESWAINWANG
    5eab:	57 41 54 53 57 45 41 4b 57 45 45 44 57 45 45 4e     WATSWEAKWEEDWEEN
    5ebb:	57 45 45 54 57 45 52 50 57 49 43 45 57 49 47 53     WEETWERPWICEWIGS
    5ecb:	57 49 4c 4c 57 49 4e 45 57 49 4e 4b 57 49 4e 53     WILLWINEWINKWINS
    5edb:	57 49 52 4c 57 49 53 54 57 49 54 53 57 49 58 54     WIRLWISTWITSWIXT
    5eeb:	59 49 4e 47 59 4b 45 53 59 50 41 4c 59 50 45 44     YINGYKESYPALYPED
    5efb:	59 50 45 53 59 50 4f 53 59 52 4f 53 44 44 45 52     YPESYPOSYROSDDER
    5f0b:	48 4c 41 4e 4b 41 53 45 4c 43 45 52 4c 45 4d 41     HLANKASELCERLEMA
    5f1b:	4c 4e 41 45 4c 4e 41 52 4c 54 52 41 4d 42 45 4c     LNAELNARLTRAMBEL
    5f2b:	4d 42 45 52 4d 42 52 41 4d 49 41 4b 4d 50 45 44     MBERMBRAMIAKMPED
    5f3b:	4e 41 50 54 4e 41 52 4d 4e 42 41 52 4e 42 49 44     NAPTNARMNBARNBID
    5f4b:	4e 43 41 50 4e 43 4c 45 4e 43 55 54 4e 44 45 52     NCAPNCLENCUTNDER
    5f5b:	4e 44 49 44 4e 44 55 45 4e 46 45 44 4e 46 49 54     NDIDNDUENFEDNFIT
    5f6b:	4e 46 49 58 4e 49 46 59 4e 49 4f 4e 4e 49 54 45     NFIXNIFYNIONNITE
    5f7b:	4e 49 54 53 4e 49 54 59 4e 4a 41 4d 4e 4c 41 59     NITSNITYNJAMNLAY
    5f8b:	4e 4c 49 54 4e 4d 41 4e 4e 4d 45 54 4e 50 45 47     NLITNMANNMETNPEG
    5f9b:	4e 50 45 4e 4e 50 49 4e 4e 52 49 47 4e 53 41 59     NPENNPINNRIGNSAY
    5fab:	4e 53 45 54 4e 53 45 58 4e 54 49 45 4e 54 49 4c     NSETNSEXNTIENTIL
    5fbb:	4e 57 45 44 4e 57 4f 4e 4e 5a 49 50 50 45 4e 44     NWEDNWONNZIPPEND
    5fcb:	50 50 45 44 50 50 45 52 50 53 45 54 52 42 41 4e     PPEDPPERPSETRBAN
    5fdb:	52 45 44 4f 52 47 45 44 52 47 45 52 52 47 45 53     REDORGEDRGERRGES
    5feb:	52 49 41 4c 52 49 4e 45 53 41 47 45 53 45 52 53     RIALRINESAGESERS
    5ffb:	53 48 45 52 53 49 4e 47 53 55 41 4c 53 55 52 50     SHERSINGSUALSURP
    600b:	53 55 52 59 54 45 52 49 54 49 4c 45 54 54 45 52     SURYTERITILETTER
    601b:	56 45 41 53 56 55 4c 41 41 47 41 4c 41 47 55 45     VEASVULAAGALAGUE
    602b:	41 47 55 53 41 4c 45 53 41 4c 45 54 41 4c 49 44     AGUSALESALETALID
    603b:	41 4c 4f 52 41 4c 53 45 41 4c 55 45 41 4c 56 45     ALORALSEALUEALVE
    604b:	41 4d 50 53 41 4d 50 59 41 4e 44 41 41 4e 45 53     AMPSAMPYANDAANES
    605b:	41 50 49 44 41 50 4f 52 41 52 41 53 41 52 49 41     APIDAPORARASARIA
    606b:	41 52 49 58 41 52 55 53 41 52 56 45 41 53 45 53     ARIXARUSARVEASES
    607b:	41 53 54 53 41 53 54 59 41 54 49 43 41 55 4c 54     ASTSASTYATICAULT
    608b:	41 55 4e 54 41 58 45 53 45 44 49 43 45 45 50 53     AUNTAXESEDICEEPS
    609b:	45 45 52 53 45 45 52 59 45 47 41 4e 45 47 45 53     EERSEERYEGANEGES
    60ab:	45 49 4c 53 45 49 4e 53 45 49 4e 59 45 4c 41 52     EILSEINSEINYELAR
    60bb:	45 4c 44 53 45 4c 55 4d 45 4e 41 45 45 4e 41 4c     ELDSELUMENAEENAL
    60cb:	45 4e 44 53 45 4e 47 45 45 4e 49 4e 45 4e 4f 4d     ENDSENGEENINENOM
    60db:	45 4e 54 53 45 4e 55 45 45 52 42 53 45 52 47 45     ENTSENUEERBSERGE
    60eb:	45 52 53 45 45 52 53 4f 45 52 53 54 45 52 54 55     ERSEERSOERSTERTU
    60fb:	45 52 56 45 45 53 54 41 45 53 54 53 45 54 43 48     ERVEESTAESTSETCH
    610b:	45 54 45 52 45 58 45 44 45 58 45 53 49 41 4c 53     ETEREXEDEXESIALS
    611b:	49 41 4e 44 49 42 45 53 49 43 41 52 49 43 45 44     IANDIBESICARICED
    612b:	49 43 45 53 49 44 45 4f 49 45 57 53 49 45 57 59     ICESIDEOIEWSIEWY
    613b:	49 47 49 4c 49 47 4f 52 49 4c 45 52 49 4c 4c 41     IGILIGORILERILLA
    614b:	49 4c 4c 49 49 4d 45 4e 49 4e 45 53 49 4e 49 43     ILLIIMENINESINIC
    615b:	49 4e 59 4c 49 4f 4c 41 49 4f 4c 53 49 50 45 52     INYLIOLAIOLSIPER
    616b:	49 52 41 4c 49 52 45 4f 49 52 47 41 49 52 54 55     IRALIREOIRGAIRTU
    617b:	49 52 55 53 49 53 41 53 49 53 45 44 49 53 45 53     IRUSISASISEDISES
    618b:	49 53 49 54 49 53 4f 52 49 53 54 41 49 53 54 41     ISITISORISTAISTA
    619b:	49 54 41 45 49 54 41 4c 49 54 54 41 49 56 41 53     ITAEITALITTAIVAS
    61ab:	49 56 49 44 49 58 45 4e 4f 43 41 42 4f 43 41 4c     IVIDIXENOCABOCAL
    61bb:	4f 44 4b 41 4f 47 55 45 4f 49 43 45 4f 49 44 53     ODKAOGUEOICEOIDS
    61cb:	4f 49 4c 45 4f 4c 41 52 4f 4c 45 53 4f 4c 54 53     OILEOLAROLESOLTS
    61db:	4f 4c 56 41 4f 4d 45 52 4f 4d 49 54 4f 54 45 44     OLVAOMEROMITOTED
    61eb:	4f 54 45 52 4f 54 45 53 4f 55 43 48 4f 55 47 45     OTEROTESOUCHOUGE
    61fb:	4f 57 45 44 4f 57 45 4c 4f 57 45 52 55 4c 56 41     OWEDOWELOWERULVA
    620b:	59 49 4e 47 41 43 4b 45 41 43 4b 4f 41 43 4b 59     YINGACKEACKOACKY
    621b:	41 44 45 44 41 44 45 52 41 44 45 53 41 44 47 45     ADEDADERADESADGE
    622b:	41 44 49 53 41 46 45 52 41 46 54 53 41 47 45 44     ADISAFERAFTSAGED
    623b:	41 47 45 52 41 47 45 53 41 47 4f 4e 41 48 4f 4f     AGERAGESAGONAHOO
    624b:	41 49 46 53 41 49 4c 53 41 49 4e 53 41 49 53 54     AIFSAILSAINSAIST
    625b:	41 49 54 53 41 49 56 45 41 4b 45 44 41 4b 45 4e     AITSAIVEAKEDAKEN
    626b:	41 4b 45 53 41 4c 44 4f 41 4c 45 44 41 4c 45 53     AKESALDOALEDALES
    627b:	41 4c 4b 53 41 4c 4c 53 41 4c 4c 59 41 4c 54 5a     ALKSALLSALLYALTZ
    628b:	41 4e 44 53 41 4e 45 44 41 4e 45 53 41 4e 4b 53     ANDSANEDANESANKS
    629b:	41 4e 4c 59 41 4e 4e 41 41 4e 54 53 41 52 44 53     ANLYANNAANTSARDS
    62ab:	41 52 45 53 41 52 45 5a 41 52 4d 53 41 52 4e 53     ARESAREZARMSARNS
    62bb:	41 52 50 53 41 52 54 53 41 52 54 59 41 53 48 59     ARPSARTSARTYASHY
    62cb:	41 53 50 53 41 53 54 45 41 54 43 48 41 54 45 52     ASPSASTEATCHATER
    62db:	41 54 54 53 41 56 45 44 41 56 45 52 41 56 45 53     ATTSAVEDAVERAVES
    62eb:	41 58 45 44 41 58 45 4e 41 58 45 53 41 5a 4f 4f     AXEDAXENAXESAZOO
    62fb:	45 41 4c 44 45 41 4c 53 45 41 4e 53 45 41 52 53     EALDEALSEANSEARS
    630b:	45 41 52 59 45 41 56 45 45 42 42 59 45 42 45 52     EARYEAVEEBBYEBER
    631b:	45 44 47 45 45 45 44 53 45 45 44 59 45 45 4b 53     EDGEEEDSEEDYEEKS
    632b:	45 45 4e 53 45 45 4e 59 45 45 50 53 45 45 50 59     EENSEENYEEPSEEPY
    633b:	45 45 53 54 45 46 54 53 45 49 47 48 45 49 52 44     EESTEFTSEIGHEIRD
    634b:	45 49 52 53 45 4b 41 53 45 4c 44 53 45 4c 4c 53     EIRSEKASELDSELLS
    635b:	45 4c 4c 59 45 4c 53 48 45 4c 54 53 45 4e 43 48     ELLYELSHELTSENCH
    636b:	45 4e 44 53 45 52 53 48 45 54 4c 59 48 41 43 4b     ENDSERSHETLYHACK
    637b:	48 41 4c 45 48 41 4d 53 48 41 50 53 48 41 52 46     HALEHAMSHAPSHARF
    638b:	48 41 54 53 48 45 41 4c 48 45 41 54 48 45 45 4c     HATSHEALHEATHEEL
    639b:	48 45 45 4e 48 45 4c 4b 48 45 4c 4d 48 45 4c 50     HEENHELKHELMHELP
    63ab:	48 45 4e 53 48 45 52 45 48 45 54 53 48 49 43 48     HENSHEREHETSHICH
    63bb:	48 49 46 46 48 49 4c 45 48 49 4d 53 48 49 4e 45     HIFFHILEHIMSHINE
    63cb:	48 49 4e 53 48 49 4e 59 48 49 50 53 48 49 50 54     HINSHINYHIPSHIPT
    63db:	48 49 52 4c 48 49 52 53 48 49 53 48 48 49 53 4b     HIRLHIRSHISHHISK
    63eb:	48 49 53 54 48 49 54 45 48 49 54 53 48 49 54 59     HISTHITEHITSHITY
    63fb:	48 4f 4c 45 48 4f 4d 50 48 4f 4f 50 48 4f 50 53     HOLEHOMPHOOPHOPS
    640b:	48 4f 52 45 48 4f 52 4c 48 4f 53 45 48 4f 53 4f     HOREHORLHOSEHOSO
    641b:	48 53 4c 45 48 55 50 53 49 43 4b 53 49 44 45 4e     HSLEHUPSICKSIDEN
    642b:	49 44 45 52 49 44 45 53 49 44 4f 57 49 44 54 48     IDERIDESIDOWIDTH
    643b:	49 45 4c 44 49 47 48 54 49 4b 49 53 49 4c 44 53     IELDIGHTIKISILDS
    644b:	49 4c 45 44 49 4c 45 53 49 4c 4c 53 49 4c 4c 59     ILEDILESILLSILLY
    645b:	49 4c 54 53 49 4d 50 53 49 4d 50 59 49 4e 43 45     ILTSIMPSIMPYINCE
    646b:	49 4e 43 48 49 4e 44 53 49 4e 44 59 49 4e 45 44     INCHINDSINDYINED
    647b:	49 4e 45 53 49 4e 47 53 49 4e 4b 53 49 4e 4f 53     INESINGSINKSINOS
    648b:	49 4e 5a 45 49 50 45 44 49 50 45 52 49 50 45 53     INZEIPEDIPERIPES
    649b:	49 52 45 44 49 52 45 52 49 52 45 53 49 52 52 41     IREDIRERIRESIRRA
    64ab:	49 53 45 44 49 53 45 52 49 53 45 53 49 53 50 53     ISEDISERISESISPS
    64bb:	49 53 50 59 49 54 43 48 49 54 48 45 49 54 48 59     ISPYITCHITHEITHY
    64cb:	49 54 54 59 49 56 45 44 49 56 45 53 49 5a 45 4e     ITTYIVEDIVESIZEN
    64db:	4f 41 4c 44 4f 44 47 45 4f 4b 45 4e 4f 4c 44 53     OALDODGEOKENOLDS
    64eb:	4f 4c 46 53 4f 4d 41 4e 4f 4d 42 53 4f 4d 45 4e     OLFSOMANOMBSOMEN
    64fb:	4f 4e 4b 53 4f 4e 4b 59 4f 4f 44 53 4f 4f 44 59     ONKSONKYOODSOODY
    650b:	4f 4f 45 44 4f 4f 45 52 4f 4f 46 53 4f 4f 4c 53     OOEDOOEROOFSOOLS
    651b:	4f 4f 50 53 4f 4f 5a 59 4f 52 44 53 4f 52 44 59     OOPSOOZYORDSORDY
    652b:	4f 52 4b 53 4f 52 4c 44 4f 52 4d 53 4f 52 4d 59     ORKSORLDORMSORMY
    653b:	4f 52 52 59 4f 52 53 45 4f 52 53 54 4f 52 54 48     ORRYORSEORSTORTH
    654b:	4f 55 4c 44 4f 55 4e 44 4f 56 45 4e 4f 57 45 44     OULDOUNDOVENOWED
    655b:	52 41 43 4b 52 41 50 53 52 41 54 48 52 45 41 4b     RACKRAPSRATHREAK
    656b:	52 45 43 4b 52 45 4e 53 52 45 53 54 52 49 4e 47     RECKRENSRESTRING
    657b:	52 49 53 54 52 49 54 45 52 49 54 53 52 4f 4e 47     RISTRITERITSRONG
    658b:	52 4f 54 45 52 4f 54 48 52 55 4e 47 52 59 45 52     ROTEROTHRUNGRYER
    659b:	52 59 4c 59 55 52 53 54 55 53 53 59 45 42 45 43     RYLYURSTUSSYEBEC
    65ab:	45 4e 49 41 45 4e 4f 4e 45 52 49 43 45 52 4f 58     ENIAENONERICEROX
    65bb:	52 45 46 53 54 45 52 4d 59 4c 45 4d 59 4c 4f 4c     REFSTERMYLEMYLOL
    65cb:	41 43 48 54 41 48 4f 4f 41 4b 4b 41 41 4d 45 4e     ACHTAHOOAKKAAMEN
    65db:	41 4e 4b 53 41 50 4f 4b 41 50 4f 4e 41 50 50 59     ANKSAPOKAPONAPPY
    65eb:	41 52 44 53 41 52 4e 53 41 57 45 44 41 57 4c 53     ARDSARNSAWEDAWLS
    65fb:	41 57 4e 53 41 57 50 53 45 41 48 53 45 41 4e 53     AWNSAWPSEAHSEANS
    660b:	45 41 52 4e 45 41 52 53 45 41 53 54 45 47 47 53     EARNEARSEASTEGGS
    661b:	45 4c 4c 53 45 4c 50 53 45 4e 54 41 45 53 45 53     ELLSELPSENTAESES
    662b:	45 54 49 53 49 45 4c 44 49 4b 45 53 4f 42 42 4f     ETISIELDIKESOBBO
    663b:	4f 44 45 4c 4f 44 4c 45 4f 47 49 43 4f 47 49 53     ODELODLEOGICOGIS
    664b:	4f 4b 45 44 4f 4b 45 4c 4f 4b 45 53 4f 4c 4b 53     OKEDOKELOKESOLKS
    665b:	4f 4e 4b 53 4f 55 4e 47 4f 55 52 53 4f 55 54 48     ONKSOUNGOURSOUTH
    666b:	4f 57 4c 53 55 43 43 41 55 43 4b 59 55 4b 4b 59     OWLSUCCAUCKYUKKY
    667b:	55 4c 41 4e 55 4d 4d 59 55 52 54 53 41 49 52 45     ULANUMMYURTSAIRE
    668b:	41 4d 49 41 41 50 50 59 41 52 46 53 41 59 49 4e     AMIAAPPYARFSAYIN
    669b:	41 5a 45 4e 45 42 45 43 45 42 52 41 45 42 55 53     AZENEBECEBRAEBUS
    66ab:	45 52 4f 53 45 53 54 53 45 53 54 59 45 54 41 53     EROSESTSESTYETAS
    66bb:	49 42 45 54 49 4c 43 48 49 4e 43 53 49 4e 45 53     IBETILCHINCSINES
    66cb:	49 4e 47 53 49 4e 47 59 49 50 50 59 49 54 49 53     INGSINGYIPPYITIS
    66db:	4c 4f 54 59 4f 4e 41 4c 4f 4e 45 44 4f 4e 45 53     LOTYONALONEDONES
    66eb:	4f 4f 49 44 4f 4f 4d 53 4f 52 43 48 4f 52 49 4c     OOIDOOMSORCHORIL
	...

000066fc <a5_monthShortNames_P>:
    66fc:	4a 41 4e 46 45 42 4d 41 52 41 50 52 4d 41 59 4a     JANFEBMARAPRMAYJ
    670c:	55 4e 4a 55 4c 41 55 47 53 45 50 4f 43 54 4e 4f     UNJULAUGSEPOCTNO
    671c:	56 44 45 43 00                                      VDEC.

00006721 <dayNames_P>:
    6721:	b5 00 ae 00 a7 00 9f 00 95 00 8c 00 85 00 7c 00     ..............|.

00006731 <monthShortNames_P>:
    6731:	45 72 72 4a 61 6e 46 65 62 4d 61 72 41 70 72 4d     ErrJanFebMarAprM
    6741:	61 79 4a 75 6e 4a 75 6c 41 75 67 53 65 70 4f 63     ayJunJulAugSepOc
    6751:	74 4e 6f 76 44 65 63 00                             tNovDec.

00006759 <port_to_output_PGM>:
    6759:	00 00 22 00 25 00 28 00 2b 00                       ..".%.(.+.

00006763 <digital_pin_to_port_PGM>:
    6763:	02 02 02 02 02 02 02 02 04 04 04 04 04 04 04 04     ................
    6773:	03 03 03 03 03 03 03 03 01 01 01 01 01 01 01 01     ................

00006783 <digital_pin_to_bit_mask_PGM>:
    6783:	01 02 04 08 10 20 40 80 01 02 04 08 10 20 40 80     ..... @...... @.
    6793:	01 02 04 08 10 20 40 80 80 40 20 10 08 04 02 01     ..... @..@ .....

000067a3 <digital_pin_to_timer_PGM>:
    67a3:	00 00 00 02 03 00 00 00 00 00 00 00 05 04 09 08     ................
	...

000067c4 <__ctors_start>:
__ctors_start():
    67c4:	30 4a       	sbci	r19, 0xA0	; 160

000067c6 <__ctors_end>:
__dtors_end():
    67c6:	11 24       	eor	r1, r1
    67c8:	1f be       	out	0x3f, r1	; 63
    67ca:	cf ef       	ldi	r28, 0xFF	; 255
    67cc:	d0 e1       	ldi	r29, 0x10	; 16
    67ce:	de bf       	out	0x3e, r29	; 62
    67d0:	cd bf       	out	0x3d, r28	; 61

000067d2 <__do_copy_data>:
__do_copy_data():
/home/jenkins/workspace/avr-gcc-staging/label/debian7-x86_64/gcc-build/avr/avr5/libgcc/../../../../gcc/libgcc/config/avr/lib1funcs.S:2409
    67d2:	14 e0       	ldi	r17, 0x04	; 4
/home/jenkins/workspace/avr-gcc-staging/label/debian7-x86_64/gcc-build/avr/avr5/libgcc/../../../../gcc/libgcc/config/avr/lib1funcs.S:2410
    67d4:	a0 e0       	ldi	r26, 0x00	; 0
/home/jenkins/workspace/avr-gcc-staging/label/debian7-x86_64/gcc-build/avr/avr5/libgcc/../../../../gcc/libgcc/config/avr/lib1funcs.S:2411
    67d6:	b1 e0       	ldi	r27, 0x01	; 1
/home/jenkins/workspace/avr-gcc-staging/label/debian7-x86_64/gcc-build/avr/avr5/libgcc/../../../../gcc/libgcc/config/avr/lib1funcs.S:2412
    67d8:	ee e8       	ldi	r30, 0x8E	; 142
/home/jenkins/workspace/avr-gcc-staging/label/debian7-x86_64/gcc-build/avr/avr5/libgcc/../../../../gcc/libgcc/config/avr/lib1funcs.S:2413
    67da:	fd ea       	ldi	r31, 0xAD	; 173
/home/jenkins/workspace/avr-gcc-staging/label/debian7-x86_64/gcc-build/avr/avr5/libgcc/../../../../gcc/libgcc/config/avr/lib1funcs.S:2414
    67dc:	02 c0       	rjmp	.+4      	; 0x67e2 <__do_copy_data+0x10>
/home/jenkins/workspace/avr-gcc-staging/label/debian7-x86_64/gcc-build/avr/avr5/libgcc/../../../../gcc/libgcc/config/avr/lib1funcs.S:2417
    67de:	05 90       	lpm	r0, Z+
/home/jenkins/workspace/avr-gcc-staging/label/debian7-x86_64/gcc-build/avr/avr5/libgcc/../../../../gcc/libgcc/config/avr/lib1funcs.S:2422
    67e0:	0d 92       	st	X+, r0
/home/jenkins/workspace/avr-gcc-staging/label/debian7-x86_64/gcc-build/avr/avr5/libgcc/../../../../gcc/libgcc/config/avr/lib1funcs.S:2424
    67e2:	aa 3b       	cpi	r26, 0xBA	; 186
/home/jenkins/workspace/avr-gcc-staging/label/debian7-x86_64/gcc-build/avr/avr5/libgcc/../../../../gcc/libgcc/config/avr/lib1funcs.S:2425
    67e4:	b1 07       	cpc	r27, r17
/home/jenkins/workspace/avr-gcc-staging/label/debian7-x86_64/gcc-build/avr/avr5/libgcc/../../../../gcc/libgcc/config/avr/lib1funcs.S:2426
    67e6:	d9 f7       	brne	.-10     	; 0x67de <__do_copy_data+0xc>

000067e8 <__do_clear_bss>:
__do_clear_bss():
/home/jenkins/workspace/avr-gcc-staging/label/debian7-x86_64/gcc-build/avr/avr5/libgcc/../../../../gcc/libgcc/config/avr/lib1funcs.S:2441
    67e8:	28 e0       	ldi	r18, 0x08	; 8
/home/jenkins/workspace/avr-gcc-staging/label/debian7-x86_64/gcc-build/avr/avr5/libgcc/../../../../gcc/libgcc/config/avr/lib1funcs.S:2442
    67ea:	aa eb       	ldi	r26, 0xBA	; 186
/home/jenkins/workspace/avr-gcc-staging/label/debian7-x86_64/gcc-build/avr/avr5/libgcc/../../../../gcc/libgcc/config/avr/lib1funcs.S:2443
    67ec:	b4 e0       	ldi	r27, 0x04	; 4
/home/jenkins/workspace/avr-gcc-staging/label/debian7-x86_64/gcc-build/avr/avr5/libgcc/../../../../gcc/libgcc/config/avr/lib1funcs.S:2444
    67ee:	01 c0       	rjmp	.+2      	; 0x67f2 <.do_clear_bss_start>

000067f0 <.do_clear_bss_loop>:
/home/jenkins/workspace/avr-gcc-staging/label/debian7-x86_64/gcc-build/avr/avr5/libgcc/../../../../gcc/libgcc/config/avr/lib1funcs.S:2446
    67f0:	1d 92       	st	X+, r1

000067f2 <.do_clear_bss_start>:
/home/jenkins/workspace/avr-gcc-staging/label/debian7-x86_64/gcc-build/avr/avr5/libgcc/../../../../gcc/libgcc/config/avr/lib1funcs.S:2448
    67f2:	ab 3f       	cpi	r26, 0xFB	; 251
/home/jenkins/workspace/avr-gcc-staging/label/debian7-x86_64/gcc-build/avr/avr5/libgcc/../../../../gcc/libgcc/config/avr/lib1funcs.S:2449
    67f4:	b2 07       	cpc	r27, r18
/home/jenkins/workspace/avr-gcc-staging/label/debian7-x86_64/gcc-build/avr/avr5/libgcc/../../../../gcc/libgcc/config/avr/lib1funcs.S:2450
    67f6:	e1 f7       	brne	.-8      	; 0x67f0 <.do_clear_bss_loop>

000067f8 <__do_global_ctors>:
__do_global_ctors():
/home/jenkins/workspace/avr-gcc-staging/label/debian7-x86_64/gcc-build/avr/avr5/libgcc/../../../../gcc/libgcc/config/avr/lib1funcs.S:2466
    67f8:	13 e3       	ldi	r17, 0x33	; 51
/home/jenkins/workspace/avr-gcc-staging/label/debian7-x86_64/gcc-build/avr/avr5/libgcc/../../../../gcc/libgcc/config/avr/lib1funcs.S:2467
    67fa:	c3 ee       	ldi	r28, 0xE3	; 227
/home/jenkins/workspace/avr-gcc-staging/label/debian7-x86_64/gcc-build/avr/avr5/libgcc/../../../../gcc/libgcc/config/avr/lib1funcs.S:2468
    67fc:	d3 e3       	ldi	r29, 0x33	; 51
/home/jenkins/workspace/avr-gcc-staging/label/debian7-x86_64/gcc-build/avr/avr5/libgcc/../../../../gcc/libgcc/config/avr/lib1funcs.S:2472
    67fe:	04 c0       	rjmp	.+8      	; 0x6808 <__do_global_ctors+0x10>
/home/jenkins/workspace/avr-gcc-staging/label/debian7-x86_64/gcc-build/avr/avr5/libgcc/../../../../gcc/libgcc/config/avr/lib1funcs.S:2474
    6800:	21 97       	sbiw	r28, 0x01	; 1
/home/jenkins/workspace/avr-gcc-staging/label/debian7-x86_64/gcc-build/avr/avr5/libgcc/../../../../gcc/libgcc/config/avr/lib1funcs.S:2480
    6802:	fe 01       	movw	r30, r28
/home/jenkins/workspace/avr-gcc-staging/label/debian7-x86_64/gcc-build/avr/avr5/libgcc/../../../../gcc/libgcc/config/avr/lib1funcs.S:2481
    6804:	0e 94 a4 56 	call	0xad48	; 0xad48 <__tablejump2__>
/home/jenkins/workspace/avr-gcc-staging/label/debian7-x86_64/gcc-build/avr/avr5/libgcc/../../../../gcc/libgcc/config/avr/lib1funcs.S:2483
    6808:	c2 3e       	cpi	r28, 0xE2	; 226
/home/jenkins/workspace/avr-gcc-staging/label/debian7-x86_64/gcc-build/avr/avr5/libgcc/../../../../gcc/libgcc/config/avr/lib1funcs.S:2484
    680a:	d1 07       	cpc	r29, r17
/home/jenkins/workspace/avr-gcc-staging/label/debian7-x86_64/gcc-build/avr/avr5/libgcc/../../../../gcc/libgcc/config/avr/lib1funcs.S:2489
    680c:	c9 f7       	brne	.-14     	; 0x6800 <__do_global_ctors+0x8>
    680e:	0e 94 c8 4a 	call	0x9590	; 0x9590 <main>
    6812:	0c 94 c5 56 	jmp	0xad8a	; 0xad8a <_exit>

00006816 <__bad_interrupt>:
__vector_22():
    6816:	0c 94 00 00 	jmp	0	; 0x0 <__vectors>

0000681a <TwoWire::onRequestService()>:
onRequestService():
/tmp/claude-1000/-home-ngranado-code-AlphaClock/a04e4601-07d0-434a-ba88-eb280e7d56e2/scratchpad/a15/packages/MightyCore/hardware/avr/3.1.0/libraries/Wire/src/Wire.cpp:366
  // !!! this will kill any pending pre-master sendTo() activity
  txBufferIndex = 0;
  txBufferLength = 0;
  // alert user program
  user_onRequest();
}
    681a:	08 95       	ret

0000681c <TwoWire::onReceiveService(unsigned char*, int)>:
onReceiveService():
/tmp/claude-1000/-home-ngranado-code-AlphaClock/a04e4601-07d0-434a-ba88-eb280e7d56e2/scratchpad/a15/packages/MightyCore/hardware/avr/3.1.0/libraries/Wire/src/Wire.cpp:351
  // set rx iterator vars
  rxBufferIndex = 0;
  rxBufferLength = numBytes;
  // alert user program
  user_onReceive(numBytes);
}
    681c:	08 95       	ret

0000681e <TwoWire::endTransmission(unsigned char) [clone .constprop.31]>:
endTransmission():
/tmp/claude-1000/-home-ngranado-code-AlphaClock/a04e4601-07d0-434a-ba88-eb280e7d56e2/scratchpad/a15/packages/MightyCore/hardware/avr/3.1.0/libraries/Wire/src/Wire.cpp:222
//  the bus tenure has been properly ended with a STOP. It
//  is very possible to leave the bus in a hung state if
//  no call to endTransmission(true) is made. Some I2C
//  devices will behave oddly if they do not see a STOP.
//
uint8_t TwoWire::endTransmission(uint8_t sendStop)
    681e:	28 2f       	mov	r18, r24
/tmp/claude-1000/-home-ngranado-code-AlphaClock/a04e4601-07d0-434a-ba88-eb280e7d56e2/scratchpad/a15/packages/MightyCore/hardware/avr/3.1.0/libraries/Wire/src/Wire.cpp:225
{
  // transmit buffer (blocking)
  uint8_t ret = twi_writeTo(txAddress, txBuffer, txBufferLength, 1, sendStop);
    6820:	90 91 eb 08 	lds	r25, 0x08EB	; 0x8008eb <TwoWire::txBufferLength>
/tmp/claude-1000/-home-ngranado-code-AlphaClock/a04e4601-07d0-434a-ba88-eb280e7d56e2/scratchpad/a15/packages/MightyCore/hardware/avr/3.1.0/libraries/Wire/src/utility/twi.c:269
 */
uint8_t twi_writeTo(uint8_t address, uint8_t* data, uint8_t length, uint8_t wait, uint8_t sendStop)
{
  // ensure data will fit into buffer
  if(TWI_BUFFER_SIZE < length){
    return 1;
    6824:	81 e0       	ldi	r24, 0x01	; 1
twi_writeTo():
/tmp/claude-1000/-home-ngranado-code-AlphaClock/a04e4601-07d0-434a-ba88-eb280e7d56e2/scratchpad/a15/packages/MightyCore/hardware/avr/3.1.0/libraries/Wire/src/utility/twi.c:268
 *          5 .. timeout
 */
uint8_t twi_writeTo(uint8_t address, uint8_t* data, uint8_t length, uint8_t wait, uint8_t sendStop)
{
  // ensure data will fit into buffer
  if(TWI_BUFFER_SIZE < length){
    6826:	91 32       	cpi	r25, 0x21	; 33
    6828:	08 f0       	brcs	.+2      	; 0x682c <TwoWire::endTransmission(unsigned char) [clone .constprop.31]+0xe>
    682a:	42 c0       	rjmp	.+132    	; 0x68b0 <TwoWire::endTransmission(unsigned char) [clone .constprop.31]+0x92>
/tmp/claude-1000/-home-ngranado-code-AlphaClock/a04e4601-07d0-434a-ba88-eb280e7d56e2/scratchpad/a15/packages/MightyCore/hardware/avr/3.1.0/libraries/Wire/src/utility/twi.c:282
        twi_handleTimeout(twi_do_reset_on_timeout);
        return (5);
      }
    }
  #else
    while(TWI_READY != twi_state){
    682c:	80 91 ea 08 	lds	r24, 0x08EA	; 0x8008ea <twi_state>
    6830:	81 11       	cpse	r24, r1
    6832:	fc cf       	rjmp	.-8      	; 0x682c <TwoWire::endTransmission(unsigned char) [clone .constprop.31]+0xe>
endTransmission():
/tmp/claude-1000/-home-ngranado-code-AlphaClock/a04e4601-07d0-434a-ba88-eb280e7d56e2/scratchpad/a15/packages/MightyCore/hardware/avr/3.1.0/libraries/Wire/src/Wire.cpp:225
    6834:	80 91 a9 07 	lds	r24, 0x07A9	; 0x8007a9 <TwoWire::txAddress>
twi_writeTo():
/tmp/claude-1000/-home-ngranado-code-AlphaClock/a04e4601-07d0-434a-ba88-eb280e7d56e2/scratchpad/a15/packages/MightyCore/hardware/avr/3.1.0/libraries/Wire/src/utility/twi.c:287
      continue;
    }
  #endif

  twi_state = TWI_MTX;
    6838:	32 e0       	ldi	r19, 0x02	; 2
    683a:	30 93 ea 08 	sts	0x08EA, r19	; 0x8008ea <twi_state>
/tmp/claude-1000/-home-ngranado-code-AlphaClock/a04e4601-07d0-434a-ba88-eb280e7d56e2/scratchpad/a15/packages/MightyCore/hardware/avr/3.1.0/libraries/Wire/src/utility/twi.c:288
  twi_sendStop = sendStop;
    683e:	20 93 e9 08 	sts	0x08E9, r18	; 0x8008e9 <twi_sendStop>
/tmp/claude-1000/-home-ngranado-code-AlphaClock/a04e4601-07d0-434a-ba88-eb280e7d56e2/scratchpad/a15/packages/MightyCore/hardware/avr/3.1.0/libraries/Wire/src/utility/twi.c:290
  // reset error state (0xFF.. no error occurred)
  twi_error = 0xFF;
    6842:	2f ef       	ldi	r18, 0xFF	; 255
    6844:	20 93 87 07 	sts	0x0787, r18	; 0x800787 <twi_error>
/tmp/claude-1000/-home-ngranado-code-AlphaClock/a04e4601-07d0-434a-ba88-eb280e7d56e2/scratchpad/a15/packages/MightyCore/hardware/avr/3.1.0/libraries/Wire/src/utility/twi.c:293

  // initialize buffer iteration vars
  twi_masterBuffer = data;
    6848:	29 e8       	ldi	r18, 0x89	; 137
    684a:	37 e0       	ldi	r19, 0x07	; 7
    684c:	30 93 86 07 	sts	0x0786, r19	; 0x800786 <twi_masterBuffer+0x1>
    6850:	20 93 85 07 	sts	0x0785, r18	; 0x800785 <twi_masterBuffer>
/tmp/claude-1000/-home-ngranado-code-AlphaClock/a04e4601-07d0-434a-ba88-eb280e7d56e2/scratchpad/a15/packages/MightyCore/hardware/avr/3.1.0/libraries/Wire/src/utility/twi.c:294
  twi_masterBufferIndex = 0;
    6854:	10 92 84 07 	sts	0x0784, r1	; 0x800784 <twi_masterBufferIndex>
/tmp/claude-1000/-home-ngranado-code-AlphaClock/a04e4601-07d0-434a-ba88-eb280e7d56e2/scratchpad/a15/packages/MightyCore/hardware/avr/3.1.0/libraries/Wire/src/utility/twi.c:295
  twi_masterBufferLength = length;
    6858:	90 93 83 07 	sts	0x0783, r25	; 0x800783 <twi_masterBufferLength>
/tmp/claude-1000/-home-ngranado-code-AlphaClock/a04e4601-07d0-434a-ba88-eb280e7d56e2/scratchpad/a15/packages/MightyCore/hardware/avr/3.1.0/libraries/Wire/src/utility/twi.c:298

  // build sla+w, slave device address + w bit
  twi_slarw = TW_WRITE;
    685c:	10 92 82 07 	sts	0x0782, r1	; 0x800782 <twi_slarw>
/tmp/claude-1000/-home-ngranado-code-AlphaClock/a04e4601-07d0-434a-ba88-eb280e7d56e2/scratchpad/a15/packages/MightyCore/hardware/avr/3.1.0/libraries/Wire/src/utility/twi.c:299
  twi_slarw |= address << 1;
    6860:	90 91 82 07 	lds	r25, 0x0782	; 0x800782 <twi_slarw>
    6864:	88 0f       	add	r24, r24
    6866:	89 2b       	or	r24, r25
    6868:	80 93 82 07 	sts	0x0782, r24	; 0x800782 <twi_slarw>
/tmp/claude-1000/-home-ngranado-code-AlphaClock/a04e4601-07d0-434a-ba88-eb280e7d56e2/scratchpad/a15/packages/MightyCore/hardware/avr/3.1.0/libraries/Wire/src/utility/twi.c:304

  // if we're in a repeated start, then we've already sent the START
  // in the ISR. Don't do it again.
  //
  if (true == twi_inRepStart) {
    686c:	80 91 e8 08 	lds	r24, 0x08E8	; 0x8008e8 <twi_inRepStart>
    6870:	81 30       	cpi	r24, 0x01	; 1
    6872:	29 f5       	brne	.+74     	; 0x68be <TwoWire::endTransmission(unsigned char) [clone .constprop.31]+0xa0>
/tmp/claude-1000/-home-ngranado-code-AlphaClock/a04e4601-07d0-434a-ba88-eb280e7d56e2/scratchpad/a15/packages/MightyCore/hardware/avr/3.1.0/libraries/Wire/src/utility/twi.c:311
    // (@@@ we hope), and the TWI statemachine is just waiting for the address byte.
    // We need to remove ourselves from the repeated start state before we enable interrupts,
    // since the ISR is ASYNC, and we could get confused if we hit the ISR before cleaning
    // up. Also, don't enable the START interrupt. There may be one pending from the 
    // repeated start that we sent ourselves, and that would really confuse things.
    twi_inRepStart = false; // Remember, we're dealing with an ASYNC ISR
    6874:	10 92 e8 08 	sts	0x08E8, r1	; 0x8008e8 <twi_inRepStart>
/tmp/claude-1000/-home-ngranado-code-AlphaClock/a04e4601-07d0-434a-ba88-eb280e7d56e2/scratchpad/a15/packages/MightyCore/hardware/avr/3.1.0/libraries/Wire/src/utility/twi.c:322
          return (5);
        }
      } while(TWCR & _BV(TWWC));
    #else
      do {
        TWDR = twi_slarw;
    6878:	80 91 82 07 	lds	r24, 0x0782	; 0x800782 <twi_slarw>
    687c:	80 93 bb 00 	sts	0x00BB, r24	; 0x8000bb <__DATA_REGION_ORIGIN__+0x5b>
/tmp/claude-1000/-home-ngranado-code-AlphaClock/a04e4601-07d0-434a-ba88-eb280e7d56e2/scratchpad/a15/packages/MightyCore/hardware/avr/3.1.0/libraries/Wire/src/utility/twi.c:323
      } while(TWCR & _BV(TWWC));
    6880:	80 91 bc 00 	lds	r24, 0x00BC	; 0x8000bc <__DATA_REGION_ORIGIN__+0x5c>
    6884:	83 fd       	sbrc	r24, 3
    6886:	f8 cf       	rjmp	.-16     	; 0x6878 <TwoWire::endTransmission(unsigned char) [clone .constprop.31]+0x5a>
/tmp/claude-1000/-home-ngranado-code-AlphaClock/a04e4601-07d0-434a-ba88-eb280e7d56e2/scratchpad/a15/packages/MightyCore/hardware/avr/3.1.0/libraries/Wire/src/utility/twi.c:325
    #endif
    TWCR = _BV(TWINT) | _BV(TWEA) | _BV(TWEN) | _BV(TWIE);  // enable INTs, but not START
    6888:	85 ec       	ldi	r24, 0xC5	; 197
/tmp/claude-1000/-home-ngranado-code-AlphaClock/a04e4601-07d0-434a-ba88-eb280e7d56e2/scratchpad/a15/packages/MightyCore/hardware/avr/3.1.0/libraries/Wire/src/utility/twi.c:329
  }
  else
    // send start condition
    TWCR = _BV(TWINT) | _BV(TWEA) | _BV(TWEN) | _BV(TWIE) | _BV(TWSTA); // enable INTs
    688a:	80 93 bc 00 	sts	0x00BC, r24	; 0x8000bc <__DATA_REGION_ORIGIN__+0x5c>
/tmp/claude-1000/-home-ngranado-code-AlphaClock/a04e4601-07d0-434a-ba88-eb280e7d56e2/scratchpad/a15/packages/MightyCore/hardware/avr/3.1.0/libraries/Wire/src/utility/twi.c:341
        twi_handleTimeout(twi_do_reset_on_timeout);
        return (5);
      }
    }
  #else
    while(wait && (TWI_MTX == twi_state)){
    688e:	80 91 ea 08 	lds	r24, 0x08EA	; 0x8008ea <twi_state>
    6892:	82 30       	cpi	r24, 0x02	; 2
    6894:	e1 f3       	breq	.-8      	; 0x688e <TwoWire::endTransmission(unsigned char) [clone .constprop.31]+0x70>
/tmp/claude-1000/-home-ngranado-code-AlphaClock/a04e4601-07d0-434a-ba88-eb280e7d56e2/scratchpad/a15/packages/MightyCore/hardware/avr/3.1.0/libraries/Wire/src/utility/twi.c:346
      continue;
    }
  #endif

  if (twi_error == 0xFF)
    6896:	80 91 87 07 	lds	r24, 0x0787	; 0x800787 <twi_error>
    689a:	8f 3f       	cpi	r24, 0xFF	; 255
    689c:	91 f0       	breq	.+36     	; 0x68c2 <TwoWire::endTransmission(unsigned char) [clone .constprop.31]+0xa4>
/tmp/claude-1000/-home-ngranado-code-AlphaClock/a04e4601-07d0-434a-ba88-eb280e7d56e2/scratchpad/a15/packages/MightyCore/hardware/avr/3.1.0/libraries/Wire/src/utility/twi.c:348
    return 0; // success
  else if (twi_error == TW_MT_SLA_NACK)
    689e:	80 91 87 07 	lds	r24, 0x0787	; 0x800787 <twi_error>
    68a2:	80 32       	cpi	r24, 0x20	; 32
    68a4:	81 f0       	breq	.+32     	; 0x68c6 <TwoWire::endTransmission(unsigned char) [clone .constprop.31]+0xa8>
/tmp/claude-1000/-home-ngranado-code-AlphaClock/a04e4601-07d0-434a-ba88-eb280e7d56e2/scratchpad/a15/packages/MightyCore/hardware/avr/3.1.0/libraries/Wire/src/utility/twi.c:350
    return 2; // error: address send, nack received
  else if (twi_error == TW_MT_DATA_NACK)
    68a6:	80 91 87 07 	lds	r24, 0x0787	; 0x800787 <twi_error>
    68aa:	80 33       	cpi	r24, 0x30	; 48
    68ac:	71 f0       	breq	.+28     	; 0x68ca <TwoWire::endTransmission(unsigned char) [clone .constprop.31]+0xac>
endTransmission():
/tmp/claude-1000/-home-ngranado-code-AlphaClock/a04e4601-07d0-434a-ba88-eb280e7d56e2/scratchpad/a15/packages/MightyCore/hardware/avr/3.1.0/libraries/Wire/src/utility/twi.c:353
    return 3; // error: data send, nack received
  else
    return 4; // other twi error
    68ae:	84 e0       	ldi	r24, 0x04	; 4
/tmp/claude-1000/-home-ngranado-code-AlphaClock/a04e4601-07d0-434a-ba88-eb280e7d56e2/scratchpad/a15/packages/MightyCore/hardware/avr/3.1.0/libraries/Wire/src/Wire.cpp:227
  // reset tx buffer iterator vars
  txBufferIndex = 0;
    68b0:	10 92 ec 08 	sts	0x08EC, r1	; 0x8008ec <TwoWire::txBufferIndex>
/tmp/claude-1000/-home-ngranado-code-AlphaClock/a04e4601-07d0-434a-ba88-eb280e7d56e2/scratchpad/a15/packages/MightyCore/hardware/avr/3.1.0/libraries/Wire/src/Wire.cpp:228
  txBufferLength = 0;
    68b4:	10 92 eb 08 	sts	0x08EB, r1	; 0x8008eb <TwoWire::txBufferLength>
/tmp/claude-1000/-home-ngranado-code-AlphaClock/a04e4601-07d0-434a-ba88-eb280e7d56e2/scratchpad/a15/packages/MightyCore/hardware/avr/3.1.0/libraries/Wire/src/Wire.cpp:230
  // indicate that we are done transmitting
  transmitting = 0;
    68b8:	10 92 88 07 	sts	0x0788, r1	; 0x800788 <TwoWire::transmitting>
/tmp/claude-1000/-home-ngranado-code-AlphaClock/a04e4601-07d0-434a-ba88-eb280e7d56e2/scratchpad/a15/packages/MightyCore/hardware/avr/3.1.0/libraries/Wire/src/Wire.cpp:232
  return ret;
}
    68bc:	08 95       	ret
twi_writeTo():
/tmp/claude-1000/-home-ngranado-code-AlphaClock/a04e4601-07d0-434a-ba88-eb280e7d56e2/scratchpad/a15/packages/MightyCore/hardware/avr/3.1.0/libraries/Wire/src/utility/twi.c:329
    #endif
    TWCR = _BV(TWINT) | _BV(TWEA) | _BV(TWEN) | _BV(TWIE);  // enable INTs, but not START
  }
  else
    // send start condition
    TWCR = _BV(TWINT) | _BV(TWEA) | _BV(TWEN) | _BV(TWIE) | _BV(TWSTA); // enable INTs
    68be:	85 ee       	ldi	r24, 0xE5	; 229
    68c0:	e4 cf       	rjmp	.-56     	; 0x688a <TwoWire::endTransmission(unsigned char) [clone .constprop.31]+0x6c>
endTransmission():
/tmp/claude-1000/-home-ngranado-code-AlphaClock/a04e4601-07d0-434a-ba88-eb280e7d56e2/scratchpad/a15/packages/MightyCore/hardware/avr/3.1.0/libraries/Wire/src/utility/twi.c:347
      continue;
    }
  #endif

  if (twi_error == 0xFF)
    return 0; // success
    68c2:	80 e0       	ldi	r24, 0x00	; 0
    68c4:	f5 cf       	rjmp	.-22     	; 0x68b0 <TwoWire::endTransmission(unsigned char) [clone .constprop.31]+0x92>
/tmp/claude-1000/-home-ngranado-code-AlphaClock/a04e4601-07d0-434a-ba88-eb280e7d56e2/scratchpad/a15/packages/MightyCore/hardware/avr/3.1.0/libraries/Wire/src/utility/twi.c:349
  else if (twi_error == TW_MT_SLA_NACK)
    return 2; // error: address send, nack received
    68c6:	82 e0       	ldi	r24, 0x02	; 2
    68c8:	f3 cf       	rjmp	.-26     	; 0x68b0 <TwoWire::endTransmission(unsigned char) [clone .constprop.31]+0x92>
/tmp/claude-1000/-home-ngranado-code-AlphaClock/a04e4601-07d0-434a-ba88-eb280e7d56e2/scratchpad/a15/packages/MightyCore/hardware/avr/3.1.0/libraries/Wire/src/utility/twi.c:351
  else if (twi_error == TW_MT_DATA_NACK)
    return 3; // error: data send, nack received
    68ca:	83 e0       	ldi	r24, 0x03	; 3
    68cc:	f1 cf       	rjmp	.-30     	; 0x68b0 <TwoWire::endTransmission(unsigned char) [clone .constprop.31]+0x92>

000068ce <TwoWire::available()>:
available():
/tmp/claude-1000/-home-ngranado-code-AlphaClock/a04e4601-07d0-434a-ba88-eb280e7d56e2/scratchpad/a15/packages/MightyCore/hardware/avr/3.1.0/libraries/Wire/src/Wire.cpp:290
// must be called in:
// slave rx event callback
// or after requestFrom(address, numBytes)
int TwoWire::available(void)
{
  return rxBufferLength - rxBufferIndex;
    68ce:	80 91 ed 08 	lds	r24, 0x08ED	; 0x8008ed <TwoWire::rxBufferLength>
    68d2:	90 91 ee 08 	lds	r25, 0x08EE	; 0x8008ee <TwoWire::rxBufferIndex>
/tmp/claude-1000/-home-ngranado-code-AlphaClock/a04e4601-07d0-434a-ba88-eb280e7d56e2/scratchpad/a15/packages/MightyCore/hardware/avr/3.1.0/libraries/Wire/src/Wire.cpp:291
}
    68d6:	89 1b       	sub	r24, r25
    68d8:	99 0b       	sbc	r25, r25
    68da:	08 95       	ret

000068dc <Print::write(unsigned char const*, unsigned int)>:
write():
/tmp/claude-1000/-home-ngranado-code-AlphaClock/a04e4601-07d0-434a-ba88-eb280e7d56e2/scratchpad/a15/packages/MightyCore/hardware/avr/3.1.0/cores/MCUdude_corefiles/Print.cpp:35

// Public Methods //////////////////////////////////////////////////////////////

/* default implementation: may be overridden */
size_t Print::write(const uint8_t *buffer, size_t size)
{
    68dc:	af 92       	push	r10
    68de:	bf 92       	push	r11
    68e0:	cf 92       	push	r12
    68e2:	df 92       	push	r13
    68e4:	ef 92       	push	r14
    68e6:	ff 92       	push	r15
    68e8:	0f 93       	push	r16
    68ea:	1f 93       	push	r17
    68ec:	cf 93       	push	r28
    68ee:	df 93       	push	r29
    68f0:	6c 01       	movw	r12, r24
    68f2:	7b 01       	movw	r14, r22
    68f4:	8b 01       	movw	r16, r22
    68f6:	04 0f       	add	r16, r20
    68f8:	15 1f       	adc	r17, r21
    68fa:	eb 01       	movw	r28, r22
    68fc:	5e 01       	movw	r10, r28
    68fe:	ae 18       	sub	r10, r14
    6900:	bf 08       	sbc	r11, r15
/tmp/claude-1000/-home-ngranado-code-AlphaClock/a04e4601-07d0-434a-ba88-eb280e7d56e2/scratchpad/a15/packages/MightyCore/hardware/avr/3.1.0/cores/MCUdude_corefiles/Print.cpp:37
  size_t n = 0;
  while (size--) {
    6902:	c0 17       	cp	r28, r16
    6904:	d1 07       	cpc	r29, r17
    6906:	59 f0       	breq	.+22     	; 0x691e <Print::write(unsigned char const*, unsigned int)+0x42>
/tmp/claude-1000/-home-ngranado-code-AlphaClock/a04e4601-07d0-434a-ba88-eb280e7d56e2/scratchpad/a15/packages/MightyCore/hardware/avr/3.1.0/cores/MCUdude_corefiles/Print.cpp:38
    if (write(*buffer++)) n++;
    6908:	69 91       	ld	r22, Y+
    690a:	d6 01       	movw	r26, r12
    690c:	ed 91       	ld	r30, X+
    690e:	fc 91       	ld	r31, X
    6910:	01 90       	ld	r0, Z+
    6912:	f0 81       	ld	r31, Z
    6914:	e0 2d       	mov	r30, r0
    6916:	c6 01       	movw	r24, r12
    6918:	09 95       	icall
    691a:	89 2b       	or	r24, r25
    691c:	79 f7       	brne	.-34     	; 0x68fc <Print::write(unsigned char const*, unsigned int)+0x20>
/tmp/claude-1000/-home-ngranado-code-AlphaClock/a04e4601-07d0-434a-ba88-eb280e7d56e2/scratchpad/a15/packages/MightyCore/hardware/avr/3.1.0/cores/MCUdude_corefiles/Print.cpp:42
    else break;
  }
  return n;
}
    691e:	c5 01       	movw	r24, r10
    6920:	df 91       	pop	r29
    6922:	cf 91       	pop	r28
    6924:	1f 91       	pop	r17
    6926:	0f 91       	pop	r16
    6928:	ff 90       	pop	r15
    692a:	ef 90       	pop	r14
    692c:	df 90       	pop	r13
    692e:	cf 90       	pop	r12
    6930:	bf 90       	pop	r11
    6932:	af 90       	pop	r10
    6934:	08 95       	ret

00006936 <HardwareSerial::availableForWrite()>:
availableForWrite():
/tmp/claude-1000/-home-ngranado-code-AlphaClock/a04e4601-07d0-434a-ba88-eb280e7d56e2/scratchpad/a15/packages/MightyCore/hardware/avr/3.1.0/cores/MCUdude_corefiles/HardwareSerial.cpp:195
{
  tx_buffer_index_t head;
  tx_buffer_index_t tail;

  TX_BUFFER_ATOMIC {
    head = _tx_buffer_head;
    6936:	fc 01       	movw	r30, r24
    6938:	53 8d       	ldd	r21, Z+27	; 0x1b
/tmp/claude-1000/-home-ngranado-code-AlphaClock/a04e4601-07d0-434a-ba88-eb280e7d56e2/scratchpad/a15/packages/MightyCore/hardware/avr/3.1.0/cores/MCUdude_corefiles/HardwareSerial.cpp:196
    tail = _tx_buffer_tail;
    693a:	44 8d       	ldd	r20, Z+28	; 0x1c
    693c:	25 2f       	mov	r18, r21
    693e:	30 e0       	ldi	r19, 0x00	; 0
    6940:	84 2f       	mov	r24, r20
    6942:	90 e0       	ldi	r25, 0x00	; 0
/tmp/claude-1000/-home-ngranado-code-AlphaClock/a04e4601-07d0-434a-ba88-eb280e7d56e2/scratchpad/a15/packages/MightyCore/hardware/avr/3.1.0/cores/MCUdude_corefiles/HardwareSerial.cpp:198
  }
  if (head >= tail) return SERIAL_TX_BUFFER_SIZE - 1 - head + tail;
    6944:	82 1b       	sub	r24, r18
    6946:	93 0b       	sbc	r25, r19
    6948:	54 17       	cp	r21, r20
    694a:	10 f0       	brcs	.+4      	; 0x6950 <HardwareSerial::availableForWrite()+0x1a>
    694c:	cf 96       	adiw	r24, 0x3f	; 63
    694e:	08 95       	ret
/tmp/claude-1000/-home-ngranado-code-AlphaClock/a04e4601-07d0-434a-ba88-eb280e7d56e2/scratchpad/a15/packages/MightyCore/hardware/avr/3.1.0/cores/MCUdude_corefiles/HardwareSerial.cpp:199
  return tail - head - 1;
    6950:	01 97       	sbiw	r24, 0x01	; 1
/tmp/claude-1000/-home-ngranado-code-AlphaClock/a04e4601-07d0-434a-ba88-eb280e7d56e2/scratchpad/a15/packages/MightyCore/hardware/avr/3.1.0/cores/MCUdude_corefiles/HardwareSerial.cpp:200
}
    6952:	08 95       	ret

00006954 <HardwareSerial::read()>:
read():
/tmp/claude-1000/-home-ngranado-code-AlphaClock/a04e4601-07d0-434a-ba88-eb280e7d56e2/scratchpad/a15/packages/MightyCore/hardware/avr/3.1.0/cores/MCUdude_corefiles/HardwareSerial.cpp:178
    return _rx_buffer[_rx_buffer_tail];
  }
}

int HardwareSerial::read(void)
{
    6954:	fc 01       	movw	r30, r24
/tmp/claude-1000/-home-ngranado-code-AlphaClock/a04e4601-07d0-434a-ba88-eb280e7d56e2/scratchpad/a15/packages/MightyCore/hardware/avr/3.1.0/cores/MCUdude_corefiles/HardwareSerial.cpp:180
  // if the head isn't ahead of the tail, we don't have any characters
  if (_rx_buffer_head == _rx_buffer_tail) {
    6956:	91 8d       	ldd	r25, Z+25	; 0x19
    6958:	82 8d       	ldd	r24, Z+26	; 0x1a
    695a:	98 17       	cp	r25, r24
    695c:	61 f0       	breq	.+24     	; 0x6976 <HardwareSerial::read()+0x22>
/tmp/claude-1000/-home-ngranado-code-AlphaClock/a04e4601-07d0-434a-ba88-eb280e7d56e2/scratchpad/a15/packages/MightyCore/hardware/avr/3.1.0/cores/MCUdude_corefiles/HardwareSerial.cpp:183
    return -1;
  } else {
    unsigned char c = _rx_buffer[_rx_buffer_tail];
    695e:	a2 8d       	ldd	r26, Z+26	; 0x1a
    6960:	ae 0f       	add	r26, r30
    6962:	bf 2f       	mov	r27, r31
    6964:	b1 1d       	adc	r27, r1
    6966:	5d 96       	adiw	r26, 0x1d	; 29
    6968:	8c 91       	ld	r24, X
/tmp/claude-1000/-home-ngranado-code-AlphaClock/a04e4601-07d0-434a-ba88-eb280e7d56e2/scratchpad/a15/packages/MightyCore/hardware/avr/3.1.0/cores/MCUdude_corefiles/HardwareSerial.cpp:184
    _rx_buffer_tail = (rx_buffer_index_t)(_rx_buffer_tail + 1) % SERIAL_RX_BUFFER_SIZE;
    696a:	92 8d       	ldd	r25, Z+26	; 0x1a
    696c:	9f 5f       	subi	r25, 0xFF	; 255
    696e:	9f 73       	andi	r25, 0x3F	; 63
    6970:	92 8f       	std	Z+26, r25	; 0x1a
/tmp/claude-1000/-home-ngranado-code-AlphaClock/a04e4601-07d0-434a-ba88-eb280e7d56e2/scratchpad/a15/packages/MightyCore/hardware/avr/3.1.0/cores/MCUdude_corefiles/HardwareSerial.cpp:185
    return c;
    6972:	90 e0       	ldi	r25, 0x00	; 0
    6974:	08 95       	ret
/tmp/claude-1000/-home-ngranado-code-AlphaClock/a04e4601-07d0-434a-ba88-eb280e7d56e2/scratchpad/a15/packages/MightyCore/hardware/avr/3.1.0/cores/MCUdude_corefiles/HardwareSerial.cpp:181

int HardwareSerial::read(void)
{
  // if the head isn't ahead of the tail, we don't have any characters
  if (_rx_buffer_head == _rx_buffer_tail) {
    return -1;
    6976:	8f ef       	ldi	r24, 0xFF	; 255
    6978:	9f ef       	ldi	r25, 0xFF	; 255
/tmp/claude-1000/-home-ngranado-code-AlphaClock/a04e4601-07d0-434a-ba88-eb280e7d56e2/scratchpad/a15/packages/MightyCore/hardware/avr/3.1.0/cores/MCUdude_corefiles/HardwareSerial.cpp:187
  } else {
    unsigned char c = _rx_buffer[_rx_buffer_tail];
    _rx_buffer_tail = (rx_buffer_index_t)(_rx_buffer_tail + 1) % SERIAL_RX_BUFFER_SIZE;
    return c;
  }
}
    697a:	08 95       	ret

0000697c <HardwareSerial::peek()>:
peek():
/tmp/claude-1000/-home-ngranado-code-AlphaClock/a04e4601-07d0-434a-ba88-eb280e7d56e2/scratchpad/a15/packages/MightyCore/hardware/avr/3.1.0/cores/MCUdude_corefiles/HardwareSerial.cpp:169
{
  return ((unsigned int)(SERIAL_RX_BUFFER_SIZE + _rx_buffer_head - _rx_buffer_tail)) % SERIAL_RX_BUFFER_SIZE;
}

int HardwareSerial::peek(void)
{
    697c:	fc 01       	movw	r30, r24
/tmp/claude-1000/-home-ngranado-code-AlphaClock/a04e4601-07d0-434a-ba88-eb280e7d56e2/scratchpad/a15/packages/MightyCore/hardware/avr/3.1.0/cores/MCUdude_corefiles/HardwareSerial.cpp:170
  if (_rx_buffer_head == _rx_buffer_tail) {
    697e:	91 8d       	ldd	r25, Z+25	; 0x19
    6980:	82 8d       	ldd	r24, Z+26	; 0x1a
    6982:	98 17       	cp	r25, r24
    6984:	31 f0       	breq	.+12     	; 0x6992 <HardwareSerial::peek()+0x16>
/tmp/claude-1000/-home-ngranado-code-AlphaClock/a04e4601-07d0-434a-ba88-eb280e7d56e2/scratchpad/a15/packages/MightyCore/hardware/avr/3.1.0/cores/MCUdude_corefiles/HardwareSerial.cpp:173
    return -1;
  } else {
    return _rx_buffer[_rx_buffer_tail];
    6986:	82 8d       	ldd	r24, Z+26	; 0x1a
    6988:	e8 0f       	add	r30, r24
    698a:	f1 1d       	adc	r31, r1
    698c:	85 8d       	ldd	r24, Z+29	; 0x1d
    698e:	90 e0       	ldi	r25, 0x00	; 0
    6990:	08 95       	ret
/tmp/claude-1000/-home-ngranado-code-AlphaClock/a04e4601-07d0-434a-ba88-eb280e7d56e2/scratchpad/a15/packages/MightyCore/hardware/avr/3.1.0/cores/MCUdude_corefiles/HardwareSerial.cpp:171
}

int HardwareSerial::peek(void)
{
  if (_rx_buffer_head == _rx_buffer_tail) {
    return -1;
    6992:	8f ef       	ldi	r24, 0xFF	; 255
    6994:	9f ef       	ldi	r25, 0xFF	; 255
/tmp/claude-1000/-home-ngranado-code-AlphaClock/a04e4601-07d0-434a-ba88-eb280e7d56e2/scratchpad/a15/packages/MightyCore/hardware/avr/3.1.0/cores/MCUdude_corefiles/HardwareSerial.cpp:175
  } else {
    return _rx_buffer[_rx_buffer_tail];
  }
}
    6996:	08 95       	ret

00006998 <HardwareSerial::available()>:
available():
/tmp/claude-1000/-home-ngranado-code-AlphaClock/a04e4601-07d0-434a-ba88-eb280e7d56e2/scratchpad/a15/packages/MightyCore/hardware/avr/3.1.0/cores/MCUdude_corefiles/HardwareSerial.cpp:164
  // clear any received data
  _rx_buffer_head = _rx_buffer_tail;
}

int HardwareSerial::available(void)
{
    6998:	fc 01       	movw	r30, r24
/tmp/claude-1000/-home-ngranado-code-AlphaClock/a04e4601-07d0-434a-ba88-eb280e7d56e2/scratchpad/a15/packages/MightyCore/hardware/avr/3.1.0/cores/MCUdude_corefiles/HardwareSerial.cpp:165
  return ((unsigned int)(SERIAL_RX_BUFFER_SIZE + _rx_buffer_head - _rx_buffer_tail)) % SERIAL_RX_BUFFER_SIZE;
    699a:	91 8d       	ldd	r25, Z+25	; 0x19
    699c:	22 8d       	ldd	r18, Z+26	; 0x1a
    699e:	89 2f       	mov	r24, r25
    69a0:	90 e0       	ldi	r25, 0x00	; 0
    69a2:	80 5c       	subi	r24, 0xC0	; 192
    69a4:	9f 4f       	sbci	r25, 0xFF	; 255
    69a6:	82 1b       	sub	r24, r18
    69a8:	91 09       	sbc	r25, r1
/tmp/claude-1000/-home-ngranado-code-AlphaClock/a04e4601-07d0-434a-ba88-eb280e7d56e2/scratchpad/a15/packages/MightyCore/hardware/avr/3.1.0/cores/MCUdude_corefiles/HardwareSerial.cpp:166
}
    69aa:	8f 73       	andi	r24, 0x3F	; 63
    69ac:	99 27       	eor	r25, r25
    69ae:	08 95       	ret

000069b0 <Serial1_available()>:
Serial1_available():
/tmp/claude-1000/-home-ngranado-code-AlphaClock/a04e4601-07d0-434a-ba88-eb280e7d56e2/scratchpad/a15/packages/MightyCore/hardware/avr/3.1.0/cores/MCUdude_corefiles/HardwareSerial1.cpp:68
HardwareSerial Serial1(&UBRR1H, &UBRR1L, &UCSR1A, &UCSR1B, &UCSR1C, &UDR1);

// Function that can be weakly referenced by serialEventRun to prevent
// pulling in this file if it's not otherwise used.
bool Serial1_available() {
  return Serial1.available();
    69b0:	8a ea       	ldi	r24, 0xAA	; 170
    69b2:	97 e0       	ldi	r25, 0x07	; 7
    69b4:	0e 94 cc 34 	call	0x6998	; 0x6998 <HardwareSerial::available()>
    69b8:	21 e0       	ldi	r18, 0x01	; 1
    69ba:	89 2b       	or	r24, r25
    69bc:	09 f4       	brne	.+2      	; 0x69c0 <Serial1_available()+0x10>
    69be:	20 e0       	ldi	r18, 0x00	; 0
/tmp/claude-1000/-home-ngranado-code-AlphaClock/a04e4601-07d0-434a-ba88-eb280e7d56e2/scratchpad/a15/packages/MightyCore/hardware/avr/3.1.0/cores/MCUdude_corefiles/HardwareSerial1.cpp:69
}
    69c0:	82 2f       	mov	r24, r18
    69c2:	08 95       	ret

000069c4 <Serial0_available()>:
Serial0_available():
/tmp/claude-1000/-home-ngranado-code-AlphaClock/a04e4601-07d0-434a-ba88-eb280e7d56e2/scratchpad/a15/packages/MightyCore/hardware/avr/3.1.0/cores/MCUdude_corefiles/HardwareSerial0.cpp:76
#endif

// Function that can be weakly referenced by serialEventRun to prevent
// pulling in this file if it's not otherwise used.
bool Serial0_available() {
  return Serial.available();
    69c4:	87 e4       	ldi	r24, 0x47	; 71
    69c6:	98 e0       	ldi	r25, 0x08	; 8
    69c8:	0e 94 cc 34 	call	0x6998	; 0x6998 <HardwareSerial::available()>
    69cc:	21 e0       	ldi	r18, 0x01	; 1
    69ce:	89 2b       	or	r24, r25
    69d0:	09 f4       	brne	.+2      	; 0x69d4 <Serial0_available()+0x10>
    69d2:	20 e0       	ldi	r18, 0x00	; 0
/tmp/claude-1000/-home-ngranado-code-AlphaClock/a04e4601-07d0-434a-ba88-eb280e7d56e2/scratchpad/a15/packages/MightyCore/hardware/avr/3.1.0/cores/MCUdude_corefiles/HardwareSerial0.cpp:77
}
    69d4:	82 2f       	mov	r24, r18
    69d6:	08 95       	ret

000069d8 <HardwareSerial::_tx_udr_empty_irq()>:
_tx_udr_empty_irq():
/tmp/claude-1000/-home-ngranado-code-AlphaClock/a04e4601-07d0-434a-ba88-eb280e7d56e2/scratchpad/a15/packages/MightyCore/hardware/avr/3.1.0/cores/MCUdude_corefiles/HardwareSerial.cpp:90
#endif

// Actual interrupt handlers //////////////////////////////////////////////////////////////

void HardwareSerial::_tx_udr_empty_irq(void)
{
    69d8:	fc 01       	movw	r30, r24
/tmp/claude-1000/-home-ngranado-code-AlphaClock/a04e4601-07d0-434a-ba88-eb280e7d56e2/scratchpad/a15/packages/MightyCore/hardware/avr/3.1.0/cores/MCUdude_corefiles/HardwareSerial.cpp:93
  // If interrupts are enabled, there must be more data in the output
  // buffer. Send the next byte
  unsigned char c = _tx_buffer[_tx_buffer_tail];
    69da:	a4 8d       	ldd	r26, Z+28	; 0x1c
    69dc:	a8 0f       	add	r26, r24
    69de:	b9 2f       	mov	r27, r25
    69e0:	b1 1d       	adc	r27, r1
    69e2:	a3 5a       	subi	r26, 0xA3	; 163
    69e4:	bf 4f       	sbci	r27, 0xFF	; 255
    69e6:	2c 91       	ld	r18, X
/tmp/claude-1000/-home-ngranado-code-AlphaClock/a04e4601-07d0-434a-ba88-eb280e7d56e2/scratchpad/a15/packages/MightyCore/hardware/avr/3.1.0/cores/MCUdude_corefiles/HardwareSerial.cpp:94
  _tx_buffer_tail = (_tx_buffer_tail + 1) % SERIAL_TX_BUFFER_SIZE;
    69e8:	84 8d       	ldd	r24, Z+28	; 0x1c
    69ea:	90 e0       	ldi	r25, 0x00	; 0
    69ec:	01 96       	adiw	r24, 0x01	; 1
    69ee:	8f 73       	andi	r24, 0x3F	; 63
    69f0:	99 27       	eor	r25, r25
    69f2:	84 8f       	std	Z+28, r24	; 0x1c
/tmp/claude-1000/-home-ngranado-code-AlphaClock/a04e4601-07d0-434a-ba88-eb280e7d56e2/scratchpad/a15/packages/MightyCore/hardware/avr/3.1.0/cores/MCUdude_corefiles/HardwareSerial.cpp:96

  *_udr = c;
    69f4:	a6 89       	ldd	r26, Z+22	; 0x16
    69f6:	b7 89       	ldd	r27, Z+23	; 0x17
    69f8:	2c 93       	st	X, r18
/tmp/claude-1000/-home-ngranado-code-AlphaClock/a04e4601-07d0-434a-ba88-eb280e7d56e2/scratchpad/a15/packages/MightyCore/hardware/avr/3.1.0/cores/MCUdude_corefiles/HardwareSerial.cpp:104
  // location". This makes sure flush() won't return until the bytes
  // actually got written. Other r/w bits are preserved, and zeroes
  // written to the rest.

  #ifdef MPCM0
    *_ucsra = ((*_ucsra) & ((1 << U2X0) | (1 << MPCM0))) | (1 << TXC0);
    69fa:	a0 89       	ldd	r26, Z+16	; 0x10
    69fc:	b1 89       	ldd	r27, Z+17	; 0x11
    69fe:	8c 91       	ld	r24, X
    6a00:	83 70       	andi	r24, 0x03	; 3
    6a02:	80 64       	ori	r24, 0x40	; 64
    6a04:	8c 93       	st	X, r24
/tmp/claude-1000/-home-ngranado-code-AlphaClock/a04e4601-07d0-434a-ba88-eb280e7d56e2/scratchpad/a15/packages/MightyCore/hardware/avr/3.1.0/cores/MCUdude_corefiles/HardwareSerial.cpp:109
  #else
    *_ucsra = ((*_ucsra) & ((1 << U2X0) | (1 << TXC0)));
  #endif

  if (_tx_buffer_head == _tx_buffer_tail) {
    6a06:	93 8d       	ldd	r25, Z+27	; 0x1b
    6a08:	84 8d       	ldd	r24, Z+28	; 0x1c
    6a0a:	98 13       	cpse	r25, r24
    6a0c:	06 c0       	rjmp	.+12     	; 0x6a1a <HardwareSerial::_tx_udr_empty_irq()+0x42>
/tmp/claude-1000/-home-ngranado-code-AlphaClock/a04e4601-07d0-434a-ba88-eb280e7d56e2/scratchpad/a15/packages/MightyCore/hardware/avr/3.1.0/cores/MCUdude_corefiles/HardwareSerial.cpp:111
    // Buffer empty, so disable interrupts
    *_ucsrb &= ~_BV(UDRIE0);
    6a0e:	02 88       	ldd	r0, Z+18	; 0x12
    6a10:	f3 89       	ldd	r31, Z+19	; 0x13
    6a12:	e0 2d       	mov	r30, r0
    6a14:	80 81       	ld	r24, Z
    6a16:	8f 7d       	andi	r24, 0xDF	; 223
    6a18:	80 83       	st	Z, r24
/tmp/claude-1000/-home-ngranado-code-AlphaClock/a04e4601-07d0-434a-ba88-eb280e7d56e2/scratchpad/a15/packages/MightyCore/hardware/avr/3.1.0/cores/MCUdude_corefiles/HardwareSerial.cpp:113
  }
}
    6a1a:	08 95       	ret

00006a1c <HardwareSerial::write(unsigned char)>:
write():
/tmp/claude-1000/-home-ngranado-code-AlphaClock/a04e4601-07d0-434a-ba88-eb280e7d56e2/scratchpad/a15/packages/MightyCore/hardware/avr/3.1.0/cores/MCUdude_corefiles/HardwareSerial.cpp:223
  // If we get here, nothing is queued anymore (DRIE is disabled) and
  // the hardware finished tranmission (TXC is set).
}

size_t HardwareSerial::write(uint8_t c)
{
    6a1c:	ef 92       	push	r14
    6a1e:	ff 92       	push	r15
    6a20:	0f 93       	push	r16
    6a22:	1f 93       	push	r17
    6a24:	cf 93       	push	r28
    6a26:	df 93       	push	r29
    6a28:	ec 01       	movw	r28, r24
/tmp/claude-1000/-home-ngranado-code-AlphaClock/a04e4601-07d0-434a-ba88-eb280e7d56e2/scratchpad/a15/packages/MightyCore/hardware/avr/3.1.0/cores/MCUdude_corefiles/HardwareSerial.cpp:224
  _written = true;
    6a2a:	81 e0       	ldi	r24, 0x01	; 1
    6a2c:	88 8f       	std	Y+24, r24	; 0x18
/tmp/claude-1000/-home-ngranado-code-AlphaClock/a04e4601-07d0-434a-ba88-eb280e7d56e2/scratchpad/a15/packages/MightyCore/hardware/avr/3.1.0/cores/MCUdude_corefiles/HardwareSerial.cpp:229
  // If the buffer and the data register is empty, just write the byte
  // to the data register and be done. This shortcut helps
  // significantly improve the effective datarate at high (>
  // 500kbit/s) bitrates, where interrupt overhead becomes a slowdown.
  if (_tx_buffer_head == _tx_buffer_tail && bit_is_set(*_ucsra, UDRE0)) {
    6a2e:	9b 8d       	ldd	r25, Y+27	; 0x1b
    6a30:	8c 8d       	ldd	r24, Y+28	; 0x1c
    6a32:	98 13       	cpse	r25, r24
    6a34:	1a c0       	rjmp	.+52     	; 0x6a6a <HardwareSerial::write(unsigned char)+0x4e>
    6a36:	e8 89       	ldd	r30, Y+16	; 0x10
    6a38:	f9 89       	ldd	r31, Y+17	; 0x11
    6a3a:	80 81       	ld	r24, Z
    6a3c:	85 ff       	sbrs	r24, 5
    6a3e:	15 c0       	rjmp	.+42     	; 0x6a6a <HardwareSerial::write(unsigned char)+0x4e>
/tmp/claude-1000/-home-ngranado-code-AlphaClock/a04e4601-07d0-434a-ba88-eb280e7d56e2/scratchpad/a15/packages/MightyCore/hardware/avr/3.1.0/cores/MCUdude_corefiles/HardwareSerial.cpp:238
    // So writing UDR must happen first.
    // Writing UDR and clearing TC must be done atomically, otherwise
    // interrupts might delay the TXC clear so the byte written to UDR
    // is transmitted (setting TXC) before clearing TXC. Then TXC will
    // be cleared when no bytes are left, causing flush() to hang
    ATOMIC_BLOCK(ATOMIC_RESTORESTATE) {
    6a40:	9f b7       	in	r25, 0x3f	; 63
__iCliRetVal():
/tmp/claude-1000/-home-ngranado-code-AlphaClock/a04e4601-07d0-434a-ba88-eb280e7d56e2/scratchpad/a15/packages/arduino/tools/avr-gcc/7.3.0-atmel3.6.1-arduino7/avr/include/util/atomic.h:50
    return 1;
}

static __inline__ uint8_t __iCliRetVal(void)
{
    cli();
    6a42:	f8 94       	cli
write():
/tmp/claude-1000/-home-ngranado-code-AlphaClock/a04e4601-07d0-434a-ba88-eb280e7d56e2/scratchpad/a15/packages/MightyCore/hardware/avr/3.1.0/cores/MCUdude_corefiles/HardwareSerial.cpp:239
      *_udr = c;
    6a44:	ee 89       	ldd	r30, Y+22	; 0x16
    6a46:	ff 89       	ldd	r31, Y+23	; 0x17
    6a48:	60 83       	st	Z, r22
/tmp/claude-1000/-home-ngranado-code-AlphaClock/a04e4601-07d0-434a-ba88-eb280e7d56e2/scratchpad/a15/packages/MightyCore/hardware/avr/3.1.0/cores/MCUdude_corefiles/HardwareSerial.cpp:241
      #ifdef MPCM0
        *_ucsra = ((*_ucsra) & ((1 << U2X0) | (1 << MPCM0))) | (1 << TXC0);
    6a4a:	e8 89       	ldd	r30, Y+16	; 0x10
    6a4c:	f9 89       	ldd	r31, Y+17	; 0x11
    6a4e:	80 81       	ld	r24, Z
    6a50:	83 70       	andi	r24, 0x03	; 3
    6a52:	80 64       	ori	r24, 0x40	; 64
/tmp/claude-1000/-home-ngranado-code-AlphaClock/a04e4601-07d0-434a-ba88-eb280e7d56e2/scratchpad/a15/packages/MightyCore/hardware/avr/3.1.0/cores/MCUdude_corefiles/HardwareSerial.cpp:271
  // make atomic to prevent execution of ISR between setting the
  // head pointer and setting the interrupt flag resulting in buffer
  // retransmission
  ATOMIC_BLOCK(ATOMIC_RESTORESTATE) {
    _tx_buffer_head = i;
    *_ucsrb |= _BV(UDRIE0);
    6a54:	80 83       	st	Z, r24
__iRestore():
/tmp/claude-1000/-home-ngranado-code-AlphaClock/a04e4601-07d0-434a-ba88-eb280e7d56e2/scratchpad/a15/packages/arduino/tools/avr-gcc/7.3.0-atmel3.6.1-arduino7/avr/include/util/atomic.h:70
    (void)__s;
}

static __inline__ void __iRestore(const  uint8_t *__s)
{
    SREG = *__s;
    6a56:	9f bf       	out	0x3f, r25	; 63
write():
/tmp/claude-1000/-home-ngranado-code-AlphaClock/a04e4601-07d0-434a-ba88-eb280e7d56e2/scratchpad/a15/packages/MightyCore/hardware/avr/3.1.0/cores/MCUdude_corefiles/HardwareSerial.cpp:275
  }
  
  return 1;
}
    6a58:	81 e0       	ldi	r24, 0x01	; 1
    6a5a:	90 e0       	ldi	r25, 0x00	; 0
    6a5c:	df 91       	pop	r29
    6a5e:	cf 91       	pop	r28
    6a60:	1f 91       	pop	r17
    6a62:	0f 91       	pop	r16
    6a64:	ff 90       	pop	r15
    6a66:	ef 90       	pop	r14
    6a68:	08 95       	ret
    6a6a:	f6 2e       	mov	r15, r22
/tmp/claude-1000/-home-ngranado-code-AlphaClock/a04e4601-07d0-434a-ba88-eb280e7d56e2/scratchpad/a15/packages/MightyCore/hardware/avr/3.1.0/cores/MCUdude_corefiles/HardwareSerial.cpp:248
        *_ucsra = ((*_ucsra) & ((1 << U2X0) | (1 << TXC0)));
      #endif
    }
    return 1;
  }
  tx_buffer_index_t i = (_tx_buffer_head + 1) % SERIAL_TX_BUFFER_SIZE;
    6a6c:	0b 8d       	ldd	r16, Y+27	; 0x1b
    6a6e:	10 e0       	ldi	r17, 0x00	; 0
    6a70:	0f 5f       	subi	r16, 0xFF	; 255
    6a72:	1f 4f       	sbci	r17, 0xFF	; 255
    6a74:	0f 73       	andi	r16, 0x3F	; 63
    6a76:	11 27       	eor	r17, r17
    6a78:	e0 2e       	mov	r14, r16
/tmp/claude-1000/-home-ngranado-code-AlphaClock/a04e4601-07d0-434a-ba88-eb280e7d56e2/scratchpad/a15/packages/MightyCore/hardware/avr/3.1.0/cores/MCUdude_corefiles/HardwareSerial.cpp:252

  // If the output buffer is full, there's nothing for it other than to 
  // wait for the interrupt handler to empty it a bit
  while (i == _tx_buffer_tail) {
    6a7a:	8c 8d       	ldd	r24, Y+28	; 0x1c
    6a7c:	8e 11       	cpse	r24, r14
    6a7e:	0c c0       	rjmp	.+24     	; 0x6a98 <HardwareSerial::write(unsigned char)+0x7c>
/tmp/claude-1000/-home-ngranado-code-AlphaClock/a04e4601-07d0-434a-ba88-eb280e7d56e2/scratchpad/a15/packages/MightyCore/hardware/avr/3.1.0/cores/MCUdude_corefiles/HardwareSerial.cpp:253
    if (bit_is_clear(SREG, SREG_I)) {
    6a80:	0f b6       	in	r0, 0x3f	; 63
    6a82:	07 fc       	sbrc	r0, 7
    6a84:	fa cf       	rjmp	.-12     	; 0x6a7a <HardwareSerial::write(unsigned char)+0x5e>
/tmp/claude-1000/-home-ngranado-code-AlphaClock/a04e4601-07d0-434a-ba88-eb280e7d56e2/scratchpad/a15/packages/MightyCore/hardware/avr/3.1.0/cores/MCUdude_corefiles/HardwareSerial.cpp:258
      // Interrupts are disabled, so we'll have to poll the data
      // register empty flag ourselves. If it is set, pretend an
      // interrupt has happened and call the handler to free up
      // space for us.
      if(bit_is_set(*_ucsra, UDRE0))
    6a86:	e8 89       	ldd	r30, Y+16	; 0x10
    6a88:	f9 89       	ldd	r31, Y+17	; 0x11
    6a8a:	80 81       	ld	r24, Z
    6a8c:	85 ff       	sbrs	r24, 5
    6a8e:	f5 cf       	rjmp	.-22     	; 0x6a7a <HardwareSerial::write(unsigned char)+0x5e>
/tmp/claude-1000/-home-ngranado-code-AlphaClock/a04e4601-07d0-434a-ba88-eb280e7d56e2/scratchpad/a15/packages/MightyCore/hardware/avr/3.1.0/cores/MCUdude_corefiles/HardwareSerial.cpp:259
        _tx_udr_empty_irq();
    6a90:	ce 01       	movw	r24, r28
    6a92:	0e 94 ec 34 	call	0x69d8	; 0x69d8 <HardwareSerial::_tx_udr_empty_irq()>
    6a96:	f1 cf       	rjmp	.-30     	; 0x6a7a <HardwareSerial::write(unsigned char)+0x5e>
/tmp/claude-1000/-home-ngranado-code-AlphaClock/a04e4601-07d0-434a-ba88-eb280e7d56e2/scratchpad/a15/packages/MightyCore/hardware/avr/3.1.0/cores/MCUdude_corefiles/HardwareSerial.cpp:265
    } else {
      // nop, the interrupt handler will free up space for us
    }
  }

  _tx_buffer[_tx_buffer_head] = c;
    6a98:	eb 8d       	ldd	r30, Y+27	; 0x1b
    6a9a:	ec 0f       	add	r30, r28
    6a9c:	fd 2f       	mov	r31, r29
    6a9e:	f1 1d       	adc	r31, r1
    6aa0:	e3 5a       	subi	r30, 0xA3	; 163
    6aa2:	ff 4f       	sbci	r31, 0xFF	; 255
    6aa4:	f0 82       	st	Z, r15
/tmp/claude-1000/-home-ngranado-code-AlphaClock/a04e4601-07d0-434a-ba88-eb280e7d56e2/scratchpad/a15/packages/MightyCore/hardware/avr/3.1.0/cores/MCUdude_corefiles/HardwareSerial.cpp:269
  // make atomic to prevent execution of ISR between setting the
  // head pointer and setting the interrupt flag resulting in buffer
  // retransmission
  ATOMIC_BLOCK(ATOMIC_RESTORESTATE) {
    6aa6:	9f b7       	in	r25, 0x3f	; 63
__iCliRetVal():
/tmp/claude-1000/-home-ngranado-code-AlphaClock/a04e4601-07d0-434a-ba88-eb280e7d56e2/scratchpad/a15/packages/arduino/tools/avr-gcc/7.3.0-atmel3.6.1-arduino7/avr/include/util/atomic.h:50
    return 1;
}

static __inline__ uint8_t __iCliRetVal(void)
{
    cli();
    6aa8:	f8 94       	cli
write():
/tmp/claude-1000/-home-ngranado-code-AlphaClock/a04e4601-07d0-434a-ba88-eb280e7d56e2/scratchpad/a15/packages/MightyCore/hardware/avr/3.1.0/cores/MCUdude_corefiles/HardwareSerial.cpp:270
    _tx_buffer_head = i;
    6aaa:	0b 8f       	std	Y+27, r16	; 0x1b
/tmp/claude-1000/-home-ngranado-code-AlphaClock/a04e4601-07d0-434a-ba88-eb280e7d56e2/scratchpad/a15/packages/MightyCore/hardware/avr/3.1.0/cores/MCUdude_corefiles/HardwareSerial.cpp:271
    *_ucsrb |= _BV(UDRIE0);
    6aac:	ea 89       	ldd	r30, Y+18	; 0x12
    6aae:	fb 89       	ldd	r31, Y+19	; 0x13
    6ab0:	80 81       	ld	r24, Z
    6ab2:	80 62       	ori	r24, 0x20	; 32
    6ab4:	cf cf       	rjmp	.-98     	; 0x6a54 <HardwareSerial::write(unsigned char)+0x38>

00006ab6 <HardwareSerial::flush()>:
flush():
/tmp/claude-1000/-home-ngranado-code-AlphaClock/a04e4601-07d0-434a-ba88-eb280e7d56e2/scratchpad/a15/packages/MightyCore/hardware/avr/3.1.0/cores/MCUdude_corefiles/HardwareSerial.cpp:203
  if (head >= tail) return SERIAL_TX_BUFFER_SIZE - 1 - head + tail;
  return tail - head - 1;
}

void HardwareSerial::flush()
{
    6ab6:	cf 93       	push	r28
    6ab8:	df 93       	push	r29
    6aba:	ec 01       	movw	r28, r24
/tmp/claude-1000/-home-ngranado-code-AlphaClock/a04e4601-07d0-434a-ba88-eb280e7d56e2/scratchpad/a15/packages/MightyCore/hardware/avr/3.1.0/cores/MCUdude_corefiles/HardwareSerial.cpp:207
  // If we have never written a byte, no need to flush. This special
  // case is needed since there is no way to force the TXC (transmit
  // complete) bit to 1 during initialization
  if (!_written)
    6abc:	88 8d       	ldd	r24, Y+24	; 0x18
    6abe:	88 23       	and	r24, r24
    6ac0:	b9 f0       	breq	.+46     	; 0x6af0 <HardwareSerial::flush()+0x3a>
/tmp/claude-1000/-home-ngranado-code-AlphaClock/a04e4601-07d0-434a-ba88-eb280e7d56e2/scratchpad/a15/packages/MightyCore/hardware/avr/3.1.0/cores/MCUdude_corefiles/HardwareSerial.cpp:210
    return;

  while (bit_is_set(*_ucsrb, UDRIE0) || bit_is_clear(*_ucsra, TXC0)) {
    6ac2:	aa 89       	ldd	r26, Y+18	; 0x12
    6ac4:	bb 89       	ldd	r27, Y+19	; 0x13
    6ac6:	e8 89       	ldd	r30, Y+16	; 0x10
    6ac8:	f9 89       	ldd	r31, Y+17	; 0x11
    6aca:	8c 91       	ld	r24, X
    6acc:	85 fd       	sbrc	r24, 5
    6ace:	03 c0       	rjmp	.+6      	; 0x6ad6 <HardwareSerial::flush()+0x20>
    6ad0:	80 81       	ld	r24, Z
    6ad2:	86 fd       	sbrc	r24, 6
    6ad4:	0d c0       	rjmp	.+26     	; 0x6af0 <HardwareSerial::flush()+0x3a>
/tmp/claude-1000/-home-ngranado-code-AlphaClock/a04e4601-07d0-434a-ba88-eb280e7d56e2/scratchpad/a15/packages/MightyCore/hardware/avr/3.1.0/cores/MCUdude_corefiles/HardwareSerial.cpp:211
    if (bit_is_clear(SREG, SREG_I) && bit_is_set(*_ucsrb, UDRIE0))
    6ad6:	0f b6       	in	r0, 0x3f	; 63
    6ad8:	07 fc       	sbrc	r0, 7
    6ada:	f7 cf       	rjmp	.-18     	; 0x6aca <HardwareSerial::flush()+0x14>
    6adc:	8c 91       	ld	r24, X
    6ade:	85 ff       	sbrs	r24, 5
    6ae0:	f2 cf       	rjmp	.-28     	; 0x6ac6 <HardwareSerial::flush()+0x10>
/tmp/claude-1000/-home-ngranado-code-AlphaClock/a04e4601-07d0-434a-ba88-eb280e7d56e2/scratchpad/a15/packages/MightyCore/hardware/avr/3.1.0/cores/MCUdude_corefiles/HardwareSerial.cpp:215
      // Interrupts are globally disabled, but the DR empty
      // interrupt should be enabled, so poll the DR empty flag to
      // prevent deadlock
      if (bit_is_set(*_ucsra, UDRE0))
    6ae2:	80 81       	ld	r24, Z
    6ae4:	85 ff       	sbrs	r24, 5
    6ae6:	ed cf       	rjmp	.-38     	; 0x6ac2 <HardwareSerial::flush()+0xc>
/tmp/claude-1000/-home-ngranado-code-AlphaClock/a04e4601-07d0-434a-ba88-eb280e7d56e2/scratchpad/a15/packages/MightyCore/hardware/avr/3.1.0/cores/MCUdude_corefiles/HardwareSerial.cpp:216
        _tx_udr_empty_irq();
    6ae8:	ce 01       	movw	r24, r28
    6aea:	0e 94 ec 34 	call	0x69d8	; 0x69d8 <HardwareSerial::_tx_udr_empty_irq()>
    6aee:	e9 cf       	rjmp	.-46     	; 0x6ac2 <HardwareSerial::flush()+0xc>
/tmp/claude-1000/-home-ngranado-code-AlphaClock/a04e4601-07d0-434a-ba88-eb280e7d56e2/scratchpad/a15/packages/MightyCore/hardware/avr/3.1.0/cores/MCUdude_corefiles/HardwareSerial.cpp:220
  }
  // If we get here, nothing is queued anymore (DRIE is disabled) and
  // the hardware finished tranmission (TXC is set).
}
    6af0:	df 91       	pop	r29
    6af2:	cf 91       	pop	r28
    6af4:	08 95       	ret

00006af6 <serialEventRun()>:
serialEventRun():
/tmp/claude-1000/-home-ngranado-code-AlphaClock/a04e4601-07d0-434a-ba88-eb280e7d56e2/scratchpad/a15/packages/MightyCore/hardware/avr/3.1.0/cores/MCUdude_corefiles/HardwareSerial.cpp:67
#endif

void serialEventRun(void)
{
#if defined(HAVE_HWSERIAL0)
  if (Serial0_available && serialEvent && Serial0_available()) serialEvent();
    6af6:	80 e0       	ldi	r24, 0x00	; 0
    6af8:	90 e0       	ldi	r25, 0x00	; 0
    6afa:	89 2b       	or	r24, r25
    6afc:	29 f0       	breq	.+10     	; 0x6b08 <serialEventRun()+0x12>
    6afe:	0e 94 e2 34 	call	0x69c4	; 0x69c4 <Serial0_available()>
    6b02:	81 11       	cpse	r24, r1
    6b04:	0e 94 00 00 	call	0	; 0x0 <__vectors>
/tmp/claude-1000/-home-ngranado-code-AlphaClock/a04e4601-07d0-434a-ba88-eb280e7d56e2/scratchpad/a15/packages/MightyCore/hardware/avr/3.1.0/cores/MCUdude_corefiles/HardwareSerial.cpp:70
#endif
#if defined(HAVE_HWSERIAL1)
  if (Serial1_available && serialEvent1 && Serial1_available()) serialEvent1();
    6b08:	80 e0       	ldi	r24, 0x00	; 0
    6b0a:	90 e0       	ldi	r25, 0x00	; 0
    6b0c:	89 2b       	or	r24, r25
    6b0e:	29 f0       	breq	.+10     	; 0x6b1a <serialEventRun()+0x24>
    6b10:	0e 94 d8 34 	call	0x69b0	; 0x69b0 <Serial1_available()>
    6b14:	81 11       	cpse	r24, r1
    6b16:	0c 94 00 00 	jmp	0	; 0x0 <__vectors>
/tmp/claude-1000/-home-ngranado-code-AlphaClock/a04e4601-07d0-434a-ba88-eb280e7d56e2/scratchpad/a15/packages/MightyCore/hardware/avr/3.1.0/cores/MCUdude_corefiles/HardwareSerial.cpp:78
  if (Serial2_available && serialEvent2 && Serial2_available()) serialEvent2();
#endif
#if defined(HAVE_HWSERIAL3)
  if (Serial3_available && serialEvent3 && Serial3_available()) serialEvent3();
#endif
}
    6b1a:	08 95       	ret

00006b1c <adjustTime(long)>:
adjustTime():
/tmp/claude-1000/-home-ngranado-code-AlphaClock/a04e4601-07d0-434a-ba88-eb280e7d56e2/scratchpad/ard/libraries/Time/Time.cpp:302
  tm.Minute = min;
  tm.Second = sec;
  setTime(makeTime(tm));
}

void adjustTime(long adjustment) {
    6b1c:	0f 93       	push	r16
    6b1e:	1f 93       	push	r17
/tmp/claude-1000/-home-ngranado-code-AlphaClock/a04e4601-07d0-434a-ba88-eb280e7d56e2/scratchpad/ard/libraries/Time/Time.cpp:303
  sysTime += adjustment;
    6b20:	00 91 e8 06 	lds	r16, 0x06E8	; 0x8006e8 <sysTime>
    6b24:	10 91 e9 06 	lds	r17, 0x06E9	; 0x8006e9 <sysTime+0x1>
    6b28:	20 91 ea 06 	lds	r18, 0x06EA	; 0x8006ea <sysTime+0x2>
    6b2c:	30 91 eb 06 	lds	r19, 0x06EB	; 0x8006eb <sysTime+0x3>
    6b30:	dc 01       	movw	r26, r24
    6b32:	cb 01       	movw	r24, r22
    6b34:	80 0f       	add	r24, r16
    6b36:	91 1f       	adc	r25, r17
    6b38:	a2 1f       	adc	r26, r18
    6b3a:	b3 1f       	adc	r27, r19
    6b3c:	80 93 e8 06 	sts	0x06E8, r24	; 0x8006e8 <sysTime>
    6b40:	90 93 e9 06 	sts	0x06E9, r25	; 0x8006e9 <sysTime+0x1>
    6b44:	a0 93 ea 06 	sts	0x06EA, r26	; 0x8006ea <sysTime+0x2>
    6b48:	b0 93 eb 06 	sts	0x06EB, r27	; 0x8006eb <sysTime+0x3>
/tmp/claude-1000/-home-ngranado-code-AlphaClock/a04e4601-07d0-434a-ba88-eb280e7d56e2/scratchpad/ard/libraries/Time/Time.cpp:304
}
    6b4c:	1f 91       	pop	r17
    6b4e:	0f 91       	pop	r16
    6b50:	08 95       	ret

00006b52 <setTime(unsigned long)>:
setTime():
/tmp/claude-1000/-home-ngranado-code-AlphaClock/a04e4601-07d0-434a-ba88-eb280e7d56e2/scratchpad/ard/libraries/Time/Time.cpp:280
#ifdef TIME_DRIFT_INFO
 if(sysUnsyncedTime == 0) 
   sysUnsyncedTime = t;   // store the time of the first call to set a valid Time   
#endif

  sysTime = (uint32_t)t;  
    6b52:	60 93 e8 06 	sts	0x06E8, r22	; 0x8006e8 <sysTime>
    6b56:	70 93 e9 06 	sts	0x06E9, r23	; 0x8006e9 <sysTime+0x1>
    6b5a:	80 93 ea 06 	sts	0x06EA, r24	; 0x8006ea <sysTime+0x2>
    6b5e:	90 93 eb 06 	sts	0x06EB, r25	; 0x8006eb <sysTime+0x3>
/tmp/claude-1000/-home-ngranado-code-AlphaClock/a04e4601-07d0-434a-ba88-eb280e7d56e2/scratchpad/ard/libraries/Time/Time.cpp:281
  nextSyncTime = (uint32_t)t + syncInterval;
    6b62:	64 5d       	subi	r22, 0xD4	; 212
    6b64:	7e 4f       	sbci	r23, 0xFE	; 254
    6b66:	8f 4f       	sbci	r24, 0xFF	; 255
    6b68:	9f 4f       	sbci	r25, 0xFF	; 255
    6b6a:	60 93 e4 06 	sts	0x06E4, r22	; 0x8006e4 <nextSyncTime>
    6b6e:	70 93 e5 06 	sts	0x06E5, r23	; 0x8006e5 <nextSyncTime+0x1>
    6b72:	80 93 e6 06 	sts	0x06E6, r24	; 0x8006e6 <nextSyncTime+0x2>
    6b76:	90 93 e7 06 	sts	0x06E7, r25	; 0x8006e7 <nextSyncTime+0x3>
/tmp/claude-1000/-home-ngranado-code-AlphaClock/a04e4601-07d0-434a-ba88-eb280e7d56e2/scratchpad/ard/libraries/Time/Time.cpp:282
  Status = timeSet;
    6b7a:	82 e0       	ldi	r24, 0x02	; 2
    6b7c:	90 e0       	ldi	r25, 0x00	; 0
    6b7e:	90 93 ef 06 	sts	0x06EF, r25	; 0x8006ef <Status+0x1>
    6b82:	80 93 ee 06 	sts	0x06EE, r24	; 0x8006ee <Status>
millis():
/tmp/claude-1000/-home-ngranado-code-AlphaClock/a04e4601-07d0-434a-ba88-eb280e7d56e2/scratchpad/a15/packages/MightyCore/hardware/avr/3.1.0/cores/MCUdude_corefiles/wiring.c:218
}

unsigned long millis()
{
  unsigned long m;
  uint8_t oldSREG = SREG;
    6b86:	2f b7       	in	r18, 0x3f	; 63
/tmp/claude-1000/-home-ngranado-code-AlphaClock/a04e4601-07d0-434a-ba88-eb280e7d56e2/scratchpad/a15/packages/MightyCore/hardware/avr/3.1.0/cores/MCUdude_corefiles/wiring.c:222

  // disable interrupts while we read timer0_millis or we might get an
  // inconsistent value (e.g. in the middle of a write to timer0_millis)
  cli();
    6b88:	f8 94       	cli
/tmp/claude-1000/-home-ngranado-code-AlphaClock/a04e4601-07d0-434a-ba88-eb280e7d56e2/scratchpad/a15/packages/MightyCore/hardware/avr/3.1.0/cores/MCUdude_corefiles/wiring.c:223
  m = timer0_millis;
    6b8a:	80 91 5e 07 	lds	r24, 0x075E	; 0x80075e <timer0_millis>
    6b8e:	90 91 5f 07 	lds	r25, 0x075F	; 0x80075f <timer0_millis+0x1>
    6b92:	a0 91 60 07 	lds	r26, 0x0760	; 0x800760 <timer0_millis+0x2>
    6b96:	b0 91 61 07 	lds	r27, 0x0761	; 0x800761 <timer0_millis+0x3>
/tmp/claude-1000/-home-ngranado-code-AlphaClock/a04e4601-07d0-434a-ba88-eb280e7d56e2/scratchpad/a15/packages/MightyCore/hardware/avr/3.1.0/cores/MCUdude_corefiles/wiring.c:224
  SREG = oldSREG;
    6b9a:	2f bf       	out	0x3f, r18	; 63
setTime():
/tmp/claude-1000/-home-ngranado-code-AlphaClock/a04e4601-07d0-434a-ba88-eb280e7d56e2/scratchpad/ard/libraries/Time/Time.cpp:283
  prevMillis = millis();  // restart counting from now (thanks to Korman for this fix)
    6b9c:	80 93 85 06 	sts	0x0685, r24	; 0x800685 <prevMillis>
    6ba0:	90 93 86 06 	sts	0x0686, r25	; 0x800686 <prevMillis+0x1>
    6ba4:	a0 93 87 06 	sts	0x0687, r26	; 0x800687 <prevMillis+0x2>
    6ba8:	b0 93 88 06 	sts	0x0688, r27	; 0x800688 <prevMillis+0x3>
/tmp/claude-1000/-home-ngranado-code-AlphaClock/a04e4601-07d0-434a-ba88-eb280e7d56e2/scratchpad/ard/libraries/Time/Time.cpp:284
} 
    6bac:	08 95       	ret

00006bae <now()>:
now():
/tmp/claude-1000/-home-ngranado-code-AlphaClock/a04e4601-07d0-434a-ba88-eb280e7d56e2/scratchpad/ard/libraries/Time/Time.cpp:250
#ifdef TIME_DRIFT_INFO   // define this to get drift data
time_t sysUnsyncedTime = 0; // the time sysTime unadjusted by sync  
#endif


time_t now() {
    6bae:	0f 93       	push	r16
    6bb0:	1f 93       	push	r17
millis():
/tmp/claude-1000/-home-ngranado-code-AlphaClock/a04e4601-07d0-434a-ba88-eb280e7d56e2/scratchpad/a15/packages/MightyCore/hardware/avr/3.1.0/cores/MCUdude_corefiles/wiring.c:218
}

unsigned long millis()
{
  unsigned long m;
  uint8_t oldSREG = SREG;
    6bb2:	8f b7       	in	r24, 0x3f	; 63
/tmp/claude-1000/-home-ngranado-code-AlphaClock/a04e4601-07d0-434a-ba88-eb280e7d56e2/scratchpad/a15/packages/MightyCore/hardware/avr/3.1.0/cores/MCUdude_corefiles/wiring.c:222

  // disable interrupts while we read timer0_millis or we might get an
  // inconsistent value (e.g. in the middle of a write to timer0_millis)
  cli();
    6bb4:	f8 94       	cli
/tmp/claude-1000/-home-ngranado-code-AlphaClock/a04e4601-07d0-434a-ba88-eb280e7d56e2/scratchpad/a15/packages/MightyCore/hardware/avr/3.1.0/cores/MCUdude_corefiles/wiring.c:223
  m = timer0_millis;
    6bb6:	00 91 5e 07 	lds	r16, 0x075E	; 0x80075e <timer0_millis>
    6bba:	10 91 5f 07 	lds	r17, 0x075F	; 0x80075f <timer0_millis+0x1>
    6bbe:	20 91 60 07 	lds	r18, 0x0760	; 0x800760 <timer0_millis+0x2>
    6bc2:	30 91 61 07 	lds	r19, 0x0761	; 0x800761 <timer0_millis+0x3>
/tmp/claude-1000/-home-ngranado-code-AlphaClock/a04e4601-07d0-434a-ba88-eb280e7d56e2/scratchpad/a15/packages/MightyCore/hardware/avr/3.1.0/cores/MCUdude_corefiles/wiring.c:224
  SREG = oldSREG;
    6bc6:	8f bf       	out	0x3f, r24	; 63
now():
/tmp/claude-1000/-home-ngranado-code-AlphaClock/a04e4601-07d0-434a-ba88-eb280e7d56e2/scratchpad/ard/libraries/Time/Time.cpp:252
	// calculate number of seconds passed since last call to now()
  while (millis() - prevMillis >= 1000) {
    6bc8:	40 91 85 06 	lds	r20, 0x0685	; 0x800685 <prevMillis>
    6bcc:	50 91 86 06 	lds	r21, 0x0686	; 0x800686 <prevMillis+0x1>
    6bd0:	60 91 87 06 	lds	r22, 0x0687	; 0x800687 <prevMillis+0x2>
    6bd4:	70 91 88 06 	lds	r23, 0x0688	; 0x800688 <prevMillis+0x3>
    6bd8:	04 1b       	sub	r16, r20
    6bda:	15 0b       	sbc	r17, r21
    6bdc:	26 0b       	sbc	r18, r22
    6bde:	37 0b       	sbc	r19, r23
    6be0:	80 91 e8 06 	lds	r24, 0x06E8	; 0x8006e8 <sysTime>
    6be4:	90 91 e9 06 	lds	r25, 0x06E9	; 0x8006e9 <sysTime+0x1>
    6be8:	a0 91 ea 06 	lds	r26, 0x06EA	; 0x8006ea <sysTime+0x2>
    6bec:	b0 91 eb 06 	lds	r27, 0x06EB	; 0x8006eb <sysTime+0x3>
    6bf0:	08 3e       	cpi	r16, 0xE8	; 232
    6bf2:	13 40       	sbci	r17, 0x03	; 3
    6bf4:	21 05       	cpc	r18, r1
    6bf6:	31 05       	cpc	r19, r1
    6bf8:	c0 f0       	brcs	.+48     	; 0x6c2a <now()+0x7c>
/tmp/claude-1000/-home-ngranado-code-AlphaClock/a04e4601-07d0-434a-ba88-eb280e7d56e2/scratchpad/ard/libraries/Time/Time.cpp:254
		// millis() and prevMillis are both unsigned ints thus the subtraction will always be the absolute value of the difference
    sysTime++;
    6bfa:	01 96       	adiw	r24, 0x01	; 1
    6bfc:	a1 1d       	adc	r26, r1
    6bfe:	b1 1d       	adc	r27, r1
    6c00:	80 93 e8 06 	sts	0x06E8, r24	; 0x8006e8 <sysTime>
    6c04:	90 93 e9 06 	sts	0x06E9, r25	; 0x8006e9 <sysTime+0x1>
    6c08:	a0 93 ea 06 	sts	0x06EA, r26	; 0x8006ea <sysTime+0x2>
    6c0c:	b0 93 eb 06 	sts	0x06EB, r27	; 0x8006eb <sysTime+0x3>
/tmp/claude-1000/-home-ngranado-code-AlphaClock/a04e4601-07d0-434a-ba88-eb280e7d56e2/scratchpad/ard/libraries/Time/Time.cpp:255
    prevMillis += 1000;	
    6c10:	48 51       	subi	r20, 0x18	; 24
    6c12:	5c 4f       	sbci	r21, 0xFC	; 252
    6c14:	6f 4f       	sbci	r22, 0xFF	; 255
    6c16:	7f 4f       	sbci	r23, 0xFF	; 255
    6c18:	40 93 85 06 	sts	0x0685, r20	; 0x800685 <prevMillis>
    6c1c:	50 93 86 06 	sts	0x0686, r21	; 0x800686 <prevMillis+0x1>
    6c20:	60 93 87 06 	sts	0x0687, r22	; 0x800687 <prevMillis+0x2>
    6c24:	70 93 88 06 	sts	0x0688, r23	; 0x800688 <prevMillis+0x3>
    6c28:	c4 cf       	rjmp	.-120    	; 0x6bb2 <now()+0x4>
/tmp/claude-1000/-home-ngranado-code-AlphaClock/a04e4601-07d0-434a-ba88-eb280e7d56e2/scratchpad/ard/libraries/Time/Time.cpp:260
#ifdef TIME_DRIFT_INFO
    sysUnsyncedTime++; // this can be compared to the synced time to measure long term drift     
#endif
  }
  if (nextSyncTime <= sysTime) {
    6c2a:	40 91 e4 06 	lds	r20, 0x06E4	; 0x8006e4 <nextSyncTime>
    6c2e:	50 91 e5 06 	lds	r21, 0x06E5	; 0x8006e5 <nextSyncTime+0x1>
    6c32:	60 91 e6 06 	lds	r22, 0x06E6	; 0x8006e6 <nextSyncTime+0x2>
    6c36:	70 91 e7 06 	lds	r23, 0x06E7	; 0x8006e7 <nextSyncTime+0x3>
    6c3a:	84 17       	cp	r24, r20
    6c3c:	95 07       	cpc	r25, r21
    6c3e:	a6 07       	cpc	r26, r22
    6c40:	b7 07       	cpc	r27, r23
    6c42:	70 f0       	brcs	.+28     	; 0x6c60 <now()+0xb2>
/tmp/claude-1000/-home-ngranado-code-AlphaClock/a04e4601-07d0-434a-ba88-eb280e7d56e2/scratchpad/ard/libraries/Time/Time.cpp:261
    if (getTimePtr != 0) {
    6c44:	e0 91 ec 06 	lds	r30, 0x06EC	; 0x8006ec <getTimePtr>
    6c48:	f0 91 ed 06 	lds	r31, 0x06ED	; 0x8006ed <getTimePtr+0x1>
    6c4c:	30 97       	sbiw	r30, 0x00	; 0
    6c4e:	41 f0       	breq	.+16     	; 0x6c60 <now()+0xb2>
/tmp/claude-1000/-home-ngranado-code-AlphaClock/a04e4601-07d0-434a-ba88-eb280e7d56e2/scratchpad/ard/libraries/Time/Time.cpp:262
      time_t t = getTimePtr();
    6c50:	09 95       	icall
/tmp/claude-1000/-home-ngranado-code-AlphaClock/a04e4601-07d0-434a-ba88-eb280e7d56e2/scratchpad/ard/libraries/Time/Time.cpp:263
      if (t != 0) {
    6c52:	61 15       	cp	r22, r1
    6c54:	71 05       	cpc	r23, r1
    6c56:	81 05       	cpc	r24, r1
    6c58:	91 05       	cpc	r25, r1
    6c5a:	69 f0       	breq	.+26     	; 0x6c76 <now()+0xc8>
/tmp/claude-1000/-home-ngranado-code-AlphaClock/a04e4601-07d0-434a-ba88-eb280e7d56e2/scratchpad/ard/libraries/Time/Time.cpp:264
        setTime(t);
    6c5c:	0e 94 a9 35 	call	0x6b52	; 0x6b52 <setTime(unsigned long)>
/tmp/claude-1000/-home-ngranado-code-AlphaClock/a04e4601-07d0-434a-ba88-eb280e7d56e2/scratchpad/ard/libraries/Time/Time.cpp:271
        nextSyncTime = sysTime + syncInterval;
        Status = (Status == timeNotSet) ?  timeNotSet : timeNeedsSync;
      }
    }
  }  
  return (time_t)sysTime;
    6c60:	60 91 e8 06 	lds	r22, 0x06E8	; 0x8006e8 <sysTime>
    6c64:	70 91 e9 06 	lds	r23, 0x06E9	; 0x8006e9 <sysTime+0x1>
    6c68:	80 91 ea 06 	lds	r24, 0x06EA	; 0x8006ea <sysTime+0x2>
    6c6c:	90 91 eb 06 	lds	r25, 0x06EB	; 0x8006eb <sysTime+0x3>
/tmp/claude-1000/-home-ngranado-code-AlphaClock/a04e4601-07d0-434a-ba88-eb280e7d56e2/scratchpad/ard/libraries/Time/Time.cpp:272
}
    6c70:	1f 91       	pop	r17
    6c72:	0f 91       	pop	r16
    6c74:	08 95       	ret
/tmp/claude-1000/-home-ngranado-code-AlphaClock/a04e4601-07d0-434a-ba88-eb280e7d56e2/scratchpad/ard/libraries/Time/Time.cpp:266
    if (getTimePtr != 0) {
      time_t t = getTimePtr();
      if (t != 0) {
        setTime(t);
      } else {
        nextSyncTime = sysTime + syncInterval;
    6c76:	80 91 e8 06 	lds	r24, 0x06E8	; 0x8006e8 <sysTime>
    6c7a:	90 91 e9 06 	lds	r25, 0x06E9	; 0x8006e9 <sysTime+0x1>
    6c7e:	a0 91 ea 06 	lds	r26, 0x06EA	; 0x8006ea <sysTime+0x2>
    6c82:	b0 91 eb 06 	lds	r27, 0x06EB	; 0x8006eb <sysTime+0x3>
    6c86:	84 5d       	subi	r24, 0xD4	; 212
    6c88:	9e 4f       	sbci	r25, 0xFE	; 254
    6c8a:	af 4f       	sbci	r26, 0xFF	; 255
    6c8c:	bf 4f       	sbci	r27, 0xFF	; 255
    6c8e:	80 93 e4 06 	sts	0x06E4, r24	; 0x8006e4 <nextSyncTime>
    6c92:	90 93 e5 06 	sts	0x06E5, r25	; 0x8006e5 <nextSyncTime+0x1>
    6c96:	a0 93 e6 06 	sts	0x06E6, r26	; 0x8006e6 <nextSyncTime+0x2>
    6c9a:	b0 93 e7 06 	sts	0x06E7, r27	; 0x8006e7 <nextSyncTime+0x3>
/tmp/claude-1000/-home-ngranado-code-AlphaClock/a04e4601-07d0-434a-ba88-eb280e7d56e2/scratchpad/ard/libraries/Time/Time.cpp:267
        Status = (Status == timeNotSet) ?  timeNotSet : timeNeedsSync;
    6c9e:	81 e0       	ldi	r24, 0x01	; 1
    6ca0:	90 e0       	ldi	r25, 0x00	; 0
    6ca2:	20 91 ee 06 	lds	r18, 0x06EE	; 0x8006ee <Status>
    6ca6:	30 91 ef 06 	lds	r19, 0x06EF	; 0x8006ef <Status+0x1>
    6caa:	23 2b       	or	r18, r19
    6cac:	11 f4       	brne	.+4      	; 0x6cb2 <now()+0x104>
    6cae:	90 e0       	ldi	r25, 0x00	; 0
    6cb0:	80 e0       	ldi	r24, 0x00	; 0
    6cb2:	90 93 ef 06 	sts	0x06EF, r25	; 0x8006ef <Status+0x1>
    6cb6:	80 93 ee 06 	sts	0x06EE, r24	; 0x8006ee <Status>
    6cba:	d2 cf       	rjmp	.-92     	; 0x6c60 <now()+0xb2>

00006cbc <makeTime(tmElements_t const&)>:
makeTime():
/tmp/claude-1000/-home-ngranado-code-AlphaClock/a04e4601-07d0-434a-ba88-eb280e7d56e2/scratchpad/ard/libraries/Time/Time.cpp:204
  }
  tm.Month = month + 1;  // jan is month 1  
  tm.Day = time + 1;     // day of month
}

time_t makeTime(const tmElements_t &tm){   
    6cbc:	4f 92       	push	r4
    6cbe:	5f 92       	push	r5
    6cc0:	6f 92       	push	r6
    6cc2:	7f 92       	push	r7
    6cc4:	8f 92       	push	r8
    6cc6:	9f 92       	push	r9
    6cc8:	af 92       	push	r10
    6cca:	bf 92       	push	r11
    6ccc:	cf 92       	push	r12
    6cce:	df 92       	push	r13
    6cd0:	ef 92       	push	r14
    6cd2:	ff 92       	push	r15
    6cd4:	0f 93       	push	r16
    6cd6:	1f 93       	push	r17
    6cd8:	cf 93       	push	r28
    6cda:	df 93       	push	r29
    6cdc:	fc 01       	movw	r30, r24
/tmp/claude-1000/-home-ngranado-code-AlphaClock/a04e4601-07d0-434a-ba88-eb280e7d56e2/scratchpad/ard/libraries/Time/Time.cpp:213
  
  int i;
  uint32_t seconds;

  // seconds from 1970 till 1 jan 00:00:00 of the given year
  seconds= tm.Year*(SECS_PER_DAY * 365);
    6cde:	16 81       	ldd	r17, Z+6	; 0x06
    6ce0:	a1 2f       	mov	r26, r17
    6ce2:	b0 e0       	ldi	r27, 0x00	; 0
    6ce4:	20 e8       	ldi	r18, 0x80	; 128
    6ce6:	33 e3       	ldi	r19, 0x33	; 51
    6ce8:	41 ee       	ldi	r20, 0xE1	; 225
    6cea:	51 e0       	ldi	r21, 0x01	; 1
    6cec:	0e 94 30 56 	call	0xac60	; 0xac60 <__muluhisi3>
    6cf0:	4b 01       	movw	r8, r22
    6cf2:	5c 01       	movw	r10, r24
    6cf4:	c2 eb       	ldi	r28, 0xB2	; 178
    6cf6:	d7 e0       	ldi	r29, 0x07	; 7
/tmp/claude-1000/-home-ngranado-code-AlphaClock/a04e4601-07d0-434a-ba88-eb280e7d56e2/scratchpad/ard/libraries/Time/Time.cpp:214
  for (i = 0; i < tm.Year; i++) {
    6cf8:	9d 01       	movw	r18, r26
/tmp/claude-1000/-home-ngranado-code-AlphaClock/a04e4601-07d0-434a-ba88-eb280e7d56e2/scratchpad/ard/libraries/Time/Time.cpp:215
    if (LEAP_YEAR(i)) {
    6cfa:	04 e6       	ldi	r16, 0x64	; 100
    6cfc:	10 e0       	ldi	r17, 0x00	; 0
    6cfe:	80 e9       	ldi	r24, 0x90	; 144
    6d00:	e8 2e       	mov	r14, r24
    6d02:	ff 24       	eor	r15, r15
    6d04:	f3 94       	inc	r15
/tmp/claude-1000/-home-ngranado-code-AlphaClock/a04e4601-07d0-434a-ba88-eb280e7d56e2/scratchpad/ard/libraries/Time/Time.cpp:214
  int i;
  uint32_t seconds;

  // seconds from 1970 till 1 jan 00:00:00 of the given year
  seconds= tm.Year*(SECS_PER_DAY * 365);
  for (i = 0; i < tm.Year; i++) {
    6d06:	ce 01       	movw	r24, r28
    6d08:	82 5b       	subi	r24, 0xB2	; 178
    6d0a:	97 40       	sbci	r25, 0x07	; 7
    6d0c:	82 17       	cp	r24, r18
    6d0e:	93 07       	cpc	r25, r19
    6d10:	9c f1       	brlt	.+102    	; 0x6d78 <makeTime(tmElements_t const&)+0xbc>
/tmp/claude-1000/-home-ngranado-code-AlphaClock/a04e4601-07d0-434a-ba88-eb280e7d56e2/scratchpad/ard/libraries/Time/Time.cpp:221
      seconds += SECS_PER_DAY;   // add extra days for leap years
    }
  }
  
  // add days for this year, months start from 1
  for (i = 1; i < tm.Month; i++) {
    6d12:	45 80       	ldd	r4, Z+5	; 0x05
    6d14:	51 2c       	mov	r5, r1
/tmp/claude-1000/-home-ngranado-code-AlphaClock/a04e4601-07d0-434a-ba88-eb280e7d56e2/scratchpad/ard/libraries/Time/Time.cpp:222
    if ( (i == 2) && LEAP_YEAR(tm.Year)) { 
    6d16:	2e 54       	subi	r18, 0x4E	; 78
    6d18:	38 4f       	sbci	r19, 0xF8	; 248
    6d1a:	c9 01       	movw	r24, r18
    6d1c:	64 e6       	ldi	r22, 0x64	; 100
    6d1e:	70 e0       	ldi	r23, 0x00	; 0
    6d20:	0e 94 90 56 	call	0xad20	; 0xad20 <__divmodhi4>
    6d24:	7c 01       	movw	r14, r24
    6d26:	c9 01       	movw	r24, r18
    6d28:	60 e9       	ldi	r22, 0x90	; 144
    6d2a:	71 e0       	ldi	r23, 0x01	; 1
    6d2c:	0e 94 90 56 	call	0xad20	; 0xad20 <__divmodhi4>
    6d30:	6c 01       	movw	r12, r24
    6d32:	08 e0       	ldi	r16, 0x08	; 8
    6d34:	12 e0       	ldi	r17, 0x02	; 2
/tmp/claude-1000/-home-ngranado-code-AlphaClock/a04e4601-07d0-434a-ba88-eb280e7d56e2/scratchpad/ard/libraries/Time/Time.cpp:221
      seconds += SECS_PER_DAY;   // add extra days for leap years
    }
  }
  
  // add days for this year, months start from 1
  for (i = 1; i < tm.Month; i++) {
    6d36:	c1 e0       	ldi	r28, 0x01	; 1
    6d38:	d0 e0       	ldi	r29, 0x00	; 0
/tmp/claude-1000/-home-ngranado-code-AlphaClock/a04e4601-07d0-434a-ba88-eb280e7d56e2/scratchpad/ard/libraries/Time/Time.cpp:222
    if ( (i == 2) && LEAP_YEAR(tm.Year)) { 
    6d3a:	39 01       	movw	r6, r18
    6d3c:	83 e0       	ldi	r24, 0x03	; 3
    6d3e:	68 22       	and	r6, r24
    6d40:	77 24       	eor	r7, r7
/tmp/claude-1000/-home-ngranado-code-AlphaClock/a04e4601-07d0-434a-ba88-eb280e7d56e2/scratchpad/ard/libraries/Time/Time.cpp:221
      seconds += SECS_PER_DAY;   // add extra days for leap years
    }
  }
  
  // add days for this year, months start from 1
  for (i = 1; i < tm.Month; i++) {
    6d42:	c4 15       	cp	r28, r4
    6d44:	d5 05       	cpc	r29, r5
    6d46:	0c f0       	brlt	.+2      	; 0x6d4a <makeTime(tmElements_t const&)+0x8e>
    6d48:	40 c0       	rjmp	.+128    	; 0x6dca <makeTime(tmElements_t const&)+0x10e>
/tmp/claude-1000/-home-ngranado-code-AlphaClock/a04e4601-07d0-434a-ba88-eb280e7d56e2/scratchpad/ard/libraries/Time/Time.cpp:222
    if ( (i == 2) && LEAP_YEAR(tm.Year)) { 
    6d4a:	c2 30       	cpi	r28, 0x02	; 2
    6d4c:	d1 05       	cpc	r29, r1
    6d4e:	71 f5       	brne	.+92     	; 0x6dac <makeTime(tmElements_t const&)+0xf0>
    6d50:	61 14       	cp	r6, r1
    6d52:	71 04       	cpc	r7, r1
    6d54:	59 f5       	brne	.+86     	; 0x6dac <makeTime(tmElements_t const&)+0xf0>
    6d56:	e1 14       	cp	r14, r1
    6d58:	f1 04       	cpc	r15, r1
    6d5a:	19 f4       	brne	.+6      	; 0x6d62 <makeTime(tmElements_t const&)+0xa6>
    6d5c:	c1 14       	cp	r12, r1
    6d5e:	d1 04       	cpc	r13, r1
    6d60:	29 f5       	brne	.+74     	; 0x6dac <makeTime(tmElements_t const&)+0xf0>
/tmp/claude-1000/-home-ngranado-code-AlphaClock/a04e4601-07d0-434a-ba88-eb280e7d56e2/scratchpad/ard/libraries/Time/Time.cpp:223
      seconds += SECS_PER_DAY * 29;
    6d62:	b0 e8       	ldi	r27, 0x80	; 128
    6d64:	8b 0e       	add	r8, r27
    6d66:	bb e3       	ldi	r27, 0x3B	; 59
    6d68:	9b 1e       	adc	r9, r27
    6d6a:	b6 e2       	ldi	r27, 0x26	; 38
    6d6c:	ab 1e       	adc	r10, r27
    6d6e:	b1 1c       	adc	r11, r1
/tmp/claude-1000/-home-ngranado-code-AlphaClock/a04e4601-07d0-434a-ba88-eb280e7d56e2/scratchpad/ard/libraries/Time/Time.cpp:221
      seconds += SECS_PER_DAY;   // add extra days for leap years
    }
  }
  
  // add days for this year, months start from 1
  for (i = 1; i < tm.Month; i++) {
    6d70:	21 96       	adiw	r28, 0x01	; 1
    6d72:	0f 5f       	subi	r16, 0xFF	; 255
    6d74:	1f 4f       	sbci	r17, 0xFF	; 255
    6d76:	e5 cf       	rjmp	.-54     	; 0x6d42 <makeTime(tmElements_t const&)+0x86>
/tmp/claude-1000/-home-ngranado-code-AlphaClock/a04e4601-07d0-434a-ba88-eb280e7d56e2/scratchpad/ard/libraries/Time/Time.cpp:215
  uint32_t seconds;

  // seconds from 1970 till 1 jan 00:00:00 of the given year
  seconds= tm.Year*(SECS_PER_DAY * 365);
  for (i = 0; i < tm.Year; i++) {
    if (LEAP_YEAR(i)) {
    6d78:	ce 01       	movw	r24, r28
    6d7a:	83 70       	andi	r24, 0x03	; 3
    6d7c:	99 27       	eor	r25, r25
    6d7e:	89 2b       	or	r24, r25
    6d80:	99 f4       	brne	.+38     	; 0x6da8 <makeTime(tmElements_t const&)+0xec>
    6d82:	ce 01       	movw	r24, r28
    6d84:	b8 01       	movw	r22, r16
    6d86:	0e 94 90 56 	call	0xad20	; 0xad20 <__divmodhi4>
    6d8a:	89 2b       	or	r24, r25
    6d8c:	31 f4       	brne	.+12     	; 0x6d9a <makeTime(tmElements_t const&)+0xde>
    6d8e:	ce 01       	movw	r24, r28
    6d90:	b7 01       	movw	r22, r14
    6d92:	0e 94 90 56 	call	0xad20	; 0xad20 <__divmodhi4>
    6d96:	89 2b       	or	r24, r25
    6d98:	39 f4       	brne	.+14     	; 0x6da8 <makeTime(tmElements_t const&)+0xec>
/tmp/claude-1000/-home-ngranado-code-AlphaClock/a04e4601-07d0-434a-ba88-eb280e7d56e2/scratchpad/ard/libraries/Time/Time.cpp:216
      seconds += SECS_PER_DAY;   // add extra days for leap years
    6d9a:	a0 e8       	ldi	r26, 0x80	; 128
    6d9c:	8a 0e       	add	r8, r26
    6d9e:	a1 e5       	ldi	r26, 0x51	; 81
    6da0:	9a 1e       	adc	r9, r26
    6da2:	a1 e0       	ldi	r26, 0x01	; 1
    6da4:	aa 1e       	adc	r10, r26
    6da6:	b1 1c       	adc	r11, r1
    6da8:	21 96       	adiw	r28, 0x01	; 1
    6daa:	ad cf       	rjmp	.-166    	; 0x6d06 <makeTime(tmElements_t const&)+0x4a>
/tmp/claude-1000/-home-ngranado-code-AlphaClock/a04e4601-07d0-434a-ba88-eb280e7d56e2/scratchpad/ard/libraries/Time/Time.cpp:225
  // add days for this year, months start from 1
  for (i = 1; i < tm.Month; i++) {
    if ( (i == 2) && LEAP_YEAR(tm.Year)) { 
      seconds += SECS_PER_DAY * 29;
    } else {
      seconds += SECS_PER_DAY * monthDays[i-1];  //monthDay array starts from 0
    6dac:	d8 01       	movw	r26, r16
    6dae:	8c 91       	ld	r24, X
    6db0:	a8 2f       	mov	r26, r24
    6db2:	b0 e0       	ldi	r27, 0x00	; 0
    6db4:	20 e8       	ldi	r18, 0x80	; 128
    6db6:	31 e5       	ldi	r19, 0x51	; 81
    6db8:	41 e0       	ldi	r20, 0x01	; 1
    6dba:	50 e0       	ldi	r21, 0x00	; 0
    6dbc:	0e 94 30 56 	call	0xac60	; 0xac60 <__muluhisi3>
    6dc0:	86 0e       	add	r8, r22
    6dc2:	97 1e       	adc	r9, r23
    6dc4:	a8 1e       	adc	r10, r24
    6dc6:	b9 1e       	adc	r11, r25
    6dc8:	d3 cf       	rjmp	.-90     	; 0x6d70 <makeTime(tmElements_t const&)+0xb4>
/tmp/claude-1000/-home-ngranado-code-AlphaClock/a04e4601-07d0-434a-ba88-eb280e7d56e2/scratchpad/ard/libraries/Time/Time.cpp:229
    }
  }
  seconds+= (tm.Day-1) * SECS_PER_DAY;
  seconds+= tm.Hour * SECS_PER_HOUR;
    6dca:	22 81       	ldd	r18, Z+2	; 0x02
    6dcc:	30 e0       	ldi	r19, 0x00	; 0
    6dce:	a0 e1       	ldi	r26, 0x10	; 16
    6dd0:	be e0       	ldi	r27, 0x0E	; 14
    6dd2:	0e 94 65 56 	call	0xacca	; 0xacca <__umulhisi3>
    6dd6:	6b 01       	movw	r12, r22
    6dd8:	7c 01       	movw	r14, r24
/tmp/claude-1000/-home-ngranado-code-AlphaClock/a04e4601-07d0-434a-ba88-eb280e7d56e2/scratchpad/ard/libraries/Time/Time.cpp:230
  seconds+= tm.Minute * SECS_PER_MIN;
    6dda:	21 81       	ldd	r18, Z+1	; 0x01
    6ddc:	30 e0       	ldi	r19, 0x00	; 0
    6dde:	ac e3       	ldi	r26, 0x3C	; 60
    6de0:	b0 e0       	ldi	r27, 0x00	; 0
    6de2:	0e 94 65 56 	call	0xacca	; 0xacca <__umulhisi3>
/tmp/claude-1000/-home-ngranado-code-AlphaClock/a04e4601-07d0-434a-ba88-eb280e7d56e2/scratchpad/ard/libraries/Time/Time.cpp:231
  seconds+= tm.Second;
    6de6:	c6 0e       	add	r12, r22
    6de8:	d7 1e       	adc	r13, r23
    6dea:	e8 1e       	adc	r14, r24
    6dec:	f9 1e       	adc	r15, r25
    6dee:	80 81       	ld	r24, Z
    6df0:	c8 0e       	add	r12, r24
    6df2:	d1 1c       	adc	r13, r1
    6df4:	e1 1c       	adc	r14, r1
    6df6:	f1 1c       	adc	r15, r1
/tmp/claude-1000/-home-ngranado-code-AlphaClock/a04e4601-07d0-434a-ba88-eb280e7d56e2/scratchpad/ard/libraries/Time/Time.cpp:228
      seconds += SECS_PER_DAY * 29;
    } else {
      seconds += SECS_PER_DAY * monthDays[i-1];  //monthDay array starts from 0
    }
  }
  seconds+= (tm.Day-1) * SECS_PER_DAY;
    6df8:	a4 81       	ldd	r26, Z+4	; 0x04
    6dfa:	a1 50       	subi	r26, 0x01	; 1
    6dfc:	bb 0b       	sbc	r27, r27
    6dfe:	20 e8       	ldi	r18, 0x80	; 128
    6e00:	31 e5       	ldi	r19, 0x51	; 81
    6e02:	41 e0       	ldi	r20, 0x01	; 1
    6e04:	50 e0       	ldi	r21, 0x00	; 0
    6e06:	0e 94 3b 56 	call	0xac76	; 0xac76 <__mulshisi3>
/tmp/claude-1000/-home-ngranado-code-AlphaClock/a04e4601-07d0-434a-ba88-eb280e7d56e2/scratchpad/ard/libraries/Time/Time.cpp:231
  seconds+= tm.Hour * SECS_PER_HOUR;
  seconds+= tm.Minute * SECS_PER_MIN;
  seconds+= tm.Second;
    6e0a:	6c 0d       	add	r22, r12
    6e0c:	7d 1d       	adc	r23, r13
    6e0e:	8e 1d       	adc	r24, r14
    6e10:	9f 1d       	adc	r25, r15
    6e12:	68 0d       	add	r22, r8
    6e14:	79 1d       	adc	r23, r9
    6e16:	8a 1d       	adc	r24, r10
    6e18:	9b 1d       	adc	r25, r11
/tmp/claude-1000/-home-ngranado-code-AlphaClock/a04e4601-07d0-434a-ba88-eb280e7d56e2/scratchpad/ard/libraries/Time/Time.cpp:233
  return (time_t)seconds; 
}
    6e1a:	df 91       	pop	r29
    6e1c:	cf 91       	pop	r28
    6e1e:	1f 91       	pop	r17
    6e20:	0f 91       	pop	r16
    6e22:	ff 90       	pop	r15
    6e24:	ef 90       	pop	r14
    6e26:	df 90       	pop	r13
    6e28:	cf 90       	pop	r12
    6e2a:	bf 90       	pop	r11
    6e2c:	af 90       	pop	r10
    6e2e:	9f 90       	pop	r9
    6e30:	8f 90       	pop	r8
    6e32:	7f 90       	pop	r7
    6e34:	6f 90       	pop	r6
    6e36:	5f 90       	pop	r5
    6e38:	4f 90       	pop	r4
    6e3a:	08 95       	ret

00006e3c <breakTime(unsigned long, tmElements_t&)>:
breakTime():
/tmp/claude-1000/-home-ngranado-code-AlphaClock/a04e4601-07d0-434a-ba88-eb280e7d56e2/scratchpad/ard/libraries/Time/Time.cpp:151
// leap year calculator expects year argument as years offset from 1970
#define LEAP_YEAR(Y)     ( ((1970+(Y))>0) && !((1970+(Y))%4) && ( ((1970+(Y))%100) || !((1970+(Y))%400) ) )

static  const uint8_t monthDays[]={31,28,31,30,31,30,31,31,30,31,30,31}; // API starts months from 1, this array starts from 0
 
void breakTime(time_t timeInput, tmElements_t &tm){
    6e3c:	6f 92       	push	r6
    6e3e:	7f 92       	push	r7
    6e40:	8f 92       	push	r8
    6e42:	9f 92       	push	r9
    6e44:	af 92       	push	r10
    6e46:	bf 92       	push	r11
    6e48:	cf 92       	push	r12
    6e4a:	df 92       	push	r13
    6e4c:	ef 92       	push	r14
    6e4e:	ff 92       	push	r15
    6e50:	0f 93       	push	r16
    6e52:	1f 93       	push	r17
    6e54:	cf 93       	push	r28
    6e56:	df 93       	push	r29
    6e58:	6b 01       	movw	r12, r22
    6e5a:	7c 01       	movw	r14, r24
    6e5c:	ea 01       	movw	r28, r20
/tmp/claude-1000/-home-ngranado-code-AlphaClock/a04e4601-07d0-434a-ba88-eb280e7d56e2/scratchpad/ard/libraries/Time/Time.cpp:162
  uint8_t month, monthLength;
  uint32_t time;
  unsigned long days;

  time = (uint32_t)timeInput;
  tm.Second = time % 60;
    6e5e:	8c e3       	ldi	r24, 0x3C	; 60
    6e60:	88 2e       	mov	r8, r24
    6e62:	91 2c       	mov	r9, r1
    6e64:	a1 2c       	mov	r10, r1
    6e66:	b1 2c       	mov	r11, r1
    6e68:	c7 01       	movw	r24, r14
    6e6a:	a5 01       	movw	r20, r10
    6e6c:	94 01       	movw	r18, r8
    6e6e:	0e 94 43 56 	call	0xac86	; 0xac86 <__udivmodsi4>
    6e72:	68 83       	st	Y, r22
/tmp/claude-1000/-home-ngranado-code-AlphaClock/a04e4601-07d0-434a-ba88-eb280e7d56e2/scratchpad/ard/libraries/Time/Time.cpp:164
  time /= 60; // now it is minutes
  tm.Minute = time % 60;
    6e74:	ca 01       	movw	r24, r20
    6e76:	b9 01       	movw	r22, r18
    6e78:	a5 01       	movw	r20, r10
    6e7a:	94 01       	movw	r18, r8
    6e7c:	0e 94 43 56 	call	0xac86	; 0xac86 <__udivmodsi4>
    6e80:	69 83       	std	Y+1, r22	; 0x01
/tmp/claude-1000/-home-ngranado-code-AlphaClock/a04e4601-07d0-434a-ba88-eb280e7d56e2/scratchpad/ard/libraries/Time/Time.cpp:165
  time /= 60; // now it is hours
    6e82:	c7 01       	movw	r24, r14
    6e84:	b6 01       	movw	r22, r12
    6e86:	20 e1       	ldi	r18, 0x10	; 16
    6e88:	3e e0       	ldi	r19, 0x0E	; 14
    6e8a:	40 e0       	ldi	r20, 0x00	; 0
    6e8c:	50 e0       	ldi	r21, 0x00	; 0
    6e8e:	0e 94 43 56 	call	0xac86	; 0xac86 <__udivmodsi4>
/tmp/claude-1000/-home-ngranado-code-AlphaClock/a04e4601-07d0-434a-ba88-eb280e7d56e2/scratchpad/ard/libraries/Time/Time.cpp:166
  tm.Hour = time % 24;
    6e92:	ca 01       	movw	r24, r20
    6e94:	b9 01       	movw	r22, r18
    6e96:	28 e1       	ldi	r18, 0x18	; 24
    6e98:	30 e0       	ldi	r19, 0x00	; 0
    6e9a:	40 e0       	ldi	r20, 0x00	; 0
    6e9c:	50 e0       	ldi	r21, 0x00	; 0
    6e9e:	0e 94 43 56 	call	0xac86	; 0xac86 <__udivmodsi4>
    6ea2:	6a 83       	std	Y+2, r22	; 0x02
/tmp/claude-1000/-home-ngranado-code-AlphaClock/a04e4601-07d0-434a-ba88-eb280e7d56e2/scratchpad/ard/libraries/Time/Time.cpp:167
  time /= 24; // now it is days
    6ea4:	c7 01       	movw	r24, r14
    6ea6:	b6 01       	movw	r22, r12
    6ea8:	20 e8       	ldi	r18, 0x80	; 128
    6eaa:	31 e5       	ldi	r19, 0x51	; 81
    6eac:	41 e0       	ldi	r20, 0x01	; 1
    6eae:	50 e0       	ldi	r21, 0x00	; 0
    6eb0:	0e 94 43 56 	call	0xac86	; 0xac86 <__udivmodsi4>
    6eb4:	69 01       	movw	r12, r18
    6eb6:	7a 01       	movw	r14, r20
/tmp/claude-1000/-home-ngranado-code-AlphaClock/a04e4601-07d0-434a-ba88-eb280e7d56e2/scratchpad/ard/libraries/Time/Time.cpp:168
  tm.Wday = ((time + 4) % 7) + 1;  // Sunday is day 1 
    6eb8:	ca 01       	movw	r24, r20
    6eba:	b9 01       	movw	r22, r18
    6ebc:	6c 5f       	subi	r22, 0xFC	; 252
    6ebe:	7f 4f       	sbci	r23, 0xFF	; 255
    6ec0:	8f 4f       	sbci	r24, 0xFF	; 255
    6ec2:	9f 4f       	sbci	r25, 0xFF	; 255
    6ec4:	27 e0       	ldi	r18, 0x07	; 7
    6ec6:	30 e0       	ldi	r19, 0x00	; 0
    6ec8:	40 e0       	ldi	r20, 0x00	; 0
    6eca:	50 e0       	ldi	r21, 0x00	; 0
    6ecc:	0e 94 43 56 	call	0xac86	; 0xac86 <__udivmodsi4>
    6ed0:	6f 5f       	subi	r22, 0xFF	; 255
    6ed2:	6b 83       	std	Y+3, r22	; 0x03
/tmp/claude-1000/-home-ngranado-code-AlphaClock/a04e4601-07d0-434a-ba88-eb280e7d56e2/scratchpad/ard/libraries/Time/Time.cpp:170
  
  year = 0;  
    6ed4:	40 e0       	ldi	r20, 0x00	; 0
/tmp/claude-1000/-home-ngranado-code-AlphaClock/a04e4601-07d0-434a-ba88-eb280e7d56e2/scratchpad/ard/libraries/Time/Time.cpp:171
  days = 0;
    6ed6:	81 2c       	mov	r8, r1
    6ed8:	91 2c       	mov	r9, r1
    6eda:	54 01       	movw	r10, r8
/tmp/claude-1000/-home-ngranado-code-AlphaClock/a04e4601-07d0-434a-ba88-eb280e7d56e2/scratchpad/ard/libraries/Time/Time.cpp:172
  while((unsigned)(days += (LEAP_YEAR(year) ? 366 : 365)) <= time) {
    6edc:	94 e6       	ldi	r25, 0x64	; 100
    6ede:	69 2e       	mov	r6, r25
    6ee0:	71 2c       	mov	r7, r1
    6ee2:	00 e9       	ldi	r16, 0x90	; 144
    6ee4:	11 e0       	ldi	r17, 0x01	; 1
    6ee6:	24 2f       	mov	r18, r20
    6ee8:	30 e0       	ldi	r19, 0x00	; 0
    6eea:	2e 54       	subi	r18, 0x4E	; 78
    6eec:	38 4f       	sbci	r19, 0xF8	; 248
    6eee:	f9 01       	movw	r30, r18
    6ef0:	e3 70       	andi	r30, 0x03	; 3
    6ef2:	ff 27       	eor	r31, r31
    6ef4:	30 97       	sbiw	r30, 0x00	; 0
    6ef6:	f9 f4       	brne	.+62     	; 0x6f36 <breakTime(unsigned long, tmElements_t&)+0xfa>
    6ef8:	c9 01       	movw	r24, r18
    6efa:	b3 01       	movw	r22, r6
    6efc:	0e 94 90 56 	call	0xad20	; 0xad20 <__divmodhi4>
    6f00:	89 2b       	or	r24, r25
    6f02:	31 f4       	brne	.+12     	; 0x6f10 <breakTime(unsigned long, tmElements_t&)+0xd4>
    6f04:	c9 01       	movw	r24, r18
    6f06:	b8 01       	movw	r22, r16
    6f08:	0e 94 90 56 	call	0xad20	; 0xad20 <__divmodhi4>
    6f0c:	89 2b       	or	r24, r25
    6f0e:	99 f4       	brne	.+38     	; 0x6f36 <breakTime(unsigned long, tmElements_t&)+0xfa>
    6f10:	8e e6       	ldi	r24, 0x6E	; 110
    6f12:	91 e0       	ldi	r25, 0x01	; 1
    6f14:	a0 e0       	ldi	r26, 0x00	; 0
    6f16:	b0 e0       	ldi	r27, 0x00	; 0
    6f18:	88 0e       	add	r8, r24
    6f1a:	99 1e       	adc	r9, r25
    6f1c:	aa 1e       	adc	r10, r26
    6f1e:	bb 1e       	adc	r11, r27
    6f20:	d5 01       	movw	r26, r10
    6f22:	c4 01       	movw	r24, r8
    6f24:	aa 27       	eor	r26, r26
    6f26:	bb 27       	eor	r27, r27
    6f28:	c8 16       	cp	r12, r24
    6f2a:	d9 06       	cpc	r13, r25
    6f2c:	ea 06       	cpc	r14, r26
    6f2e:	fb 06       	cpc	r15, r27
    6f30:	38 f0       	brcs	.+14     	; 0x6f40 <breakTime(unsigned long, tmElements_t&)+0x104>
/tmp/claude-1000/-home-ngranado-code-AlphaClock/a04e4601-07d0-434a-ba88-eb280e7d56e2/scratchpad/ard/libraries/Time/Time.cpp:173
    year++;
    6f32:	4f 5f       	subi	r20, 0xFF	; 255
    6f34:	d8 cf       	rjmp	.-80     	; 0x6ee6 <breakTime(unsigned long, tmElements_t&)+0xaa>
/tmp/claude-1000/-home-ngranado-code-AlphaClock/a04e4601-07d0-434a-ba88-eb280e7d56e2/scratchpad/ard/libraries/Time/Time.cpp:172
  time /= 24; // now it is days
  tm.Wday = ((time + 4) % 7) + 1;  // Sunday is day 1 
  
  year = 0;  
  days = 0;
  while((unsigned)(days += (LEAP_YEAR(year) ? 366 : 365)) <= time) {
    6f36:	8d e6       	ldi	r24, 0x6D	; 109
    6f38:	91 e0       	ldi	r25, 0x01	; 1
    6f3a:	a0 e0       	ldi	r26, 0x00	; 0
    6f3c:	b0 e0       	ldi	r27, 0x00	; 0
    6f3e:	ec cf       	rjmp	.-40     	; 0x6f18 <breakTime(unsigned long, tmElements_t&)+0xdc>
/tmp/claude-1000/-home-ngranado-code-AlphaClock/a04e4601-07d0-434a-ba88-eb280e7d56e2/scratchpad/ard/libraries/Time/Time.cpp:175
    year++;
  }
  tm.Year = year; // year is offset from 1970 
    6f40:	4e 83       	std	Y+6, r20	; 0x06
    6f42:	c9 01       	movw	r24, r18
    6f44:	64 e6       	ldi	r22, 0x64	; 100
    6f46:	70 e0       	ldi	r23, 0x00	; 0
    6f48:	0e 94 90 56 	call	0xad20	; 0xad20 <__divmodhi4>
    6f4c:	8c 01       	movw	r16, r24
    6f4e:	c9 01       	movw	r24, r18
    6f50:	60 e9       	ldi	r22, 0x90	; 144
    6f52:	71 e0       	ldi	r23, 0x01	; 1
    6f54:	0e 94 90 56 	call	0xad20	; 0xad20 <__divmodhi4>
/tmp/claude-1000/-home-ngranado-code-AlphaClock/a04e4601-07d0-434a-ba88-eb280e7d56e2/scratchpad/ard/libraries/Time/Time.cpp:177
  
  days -= LEAP_YEAR(year) ? 366 : 365;
    6f58:	30 97       	sbiw	r30, 0x00	; 0
    6f5a:	29 f4       	brne	.+10     	; 0x6f66 <breakTime(unsigned long, tmElements_t&)+0x12a>
    6f5c:	01 15       	cp	r16, r1
    6f5e:	11 05       	cpc	r17, r1
    6f60:	e1 f4       	brne	.+56     	; 0x6f9a <breakTime(unsigned long, tmElements_t&)+0x15e>
    6f62:	00 97       	sbiw	r24, 0x00	; 0
    6f64:	d1 f0       	breq	.+52     	; 0x6f9a <breakTime(unsigned long, tmElements_t&)+0x15e>
    6f66:	4d e6       	ldi	r20, 0x6D	; 109
    6f68:	51 e0       	ldi	r21, 0x01	; 1
    6f6a:	60 e0       	ldi	r22, 0x00	; 0
    6f6c:	70 e0       	ldi	r23, 0x00	; 0
    6f6e:	84 1a       	sub	r8, r20
    6f70:	95 0a       	sbc	r9, r21
    6f72:	a6 0a       	sbc	r10, r22
    6f74:	b7 0a       	sbc	r11, r23
/tmp/claude-1000/-home-ngranado-code-AlphaClock/a04e4601-07d0-434a-ba88-eb280e7d56e2/scratchpad/ard/libraries/Time/Time.cpp:178
  time  -= days; // now it is days in this year, starting at 0
    6f76:	c8 18       	sub	r12, r8
    6f78:	d9 08       	sbc	r13, r9
    6f7a:	ea 08       	sbc	r14, r10
    6f7c:	fb 08       	sbc	r15, r11
    6f7e:	a8 e0       	ldi	r26, 0x08	; 8
    6f80:	b2 e0       	ldi	r27, 0x02	; 2
/tmp/claude-1000/-home-ngranado-code-AlphaClock/a04e4601-07d0-434a-ba88-eb280e7d56e2/scratchpad/ard/libraries/Time/Time.cpp:183
  
  days=0;
  month=0;
  monthLength=0;
  for (month=0; month<12; month++) {
    6f82:	20 e0       	ldi	r18, 0x00	; 0
/tmp/claude-1000/-home-ngranado-code-AlphaClock/a04e4601-07d0-434a-ba88-eb280e7d56e2/scratchpad/ard/libraries/Time/Time.cpp:184
    if (month==1) { // february
    6f84:	21 30       	cpi	r18, 0x01	; 1
    6f86:	71 f4       	brne	.+28     	; 0x6fa4 <breakTime(unsigned long, tmElements_t&)+0x168>
/tmp/claude-1000/-home-ngranado-code-AlphaClock/a04e4601-07d0-434a-ba88-eb280e7d56e2/scratchpad/ard/libraries/Time/Time.cpp:185
      if (LEAP_YEAR(year)) {
    6f88:	30 97       	sbiw	r30, 0x00	; 0
    6f8a:	91 f5       	brne	.+100    	; 0x6ff0 <breakTime(unsigned long, tmElements_t&)+0x1b4>
    6f8c:	01 15       	cp	r16, r1
    6f8e:	11 05       	cpc	r17, r1
    6f90:	11 f4       	brne	.+4      	; 0x6f96 <breakTime(unsigned long, tmElements_t&)+0x15a>
    6f92:	00 97       	sbiw	r24, 0x00	; 0
    6f94:	69 f5       	brne	.+90     	; 0x6ff0 <breakTime(unsigned long, tmElements_t&)+0x1b4>
/tmp/claude-1000/-home-ngranado-code-AlphaClock/a04e4601-07d0-434a-ba88-eb280e7d56e2/scratchpad/ard/libraries/Time/Time.cpp:186
        monthLength=29;
    6f96:	4d e1       	ldi	r20, 0x1D	; 29
    6f98:	06 c0       	rjmp	.+12     	; 0x6fa6 <breakTime(unsigned long, tmElements_t&)+0x16a>
/tmp/claude-1000/-home-ngranado-code-AlphaClock/a04e4601-07d0-434a-ba88-eb280e7d56e2/scratchpad/ard/libraries/Time/Time.cpp:177
  while((unsigned)(days += (LEAP_YEAR(year) ? 366 : 365)) <= time) {
    year++;
  }
  tm.Year = year; // year is offset from 1970 
  
  days -= LEAP_YEAR(year) ? 366 : 365;
    6f9a:	4e e6       	ldi	r20, 0x6E	; 110
    6f9c:	51 e0       	ldi	r21, 0x01	; 1
    6f9e:	60 e0       	ldi	r22, 0x00	; 0
    6fa0:	70 e0       	ldi	r23, 0x00	; 0
    6fa2:	e5 cf       	rjmp	.-54     	; 0x6f6e <breakTime(unsigned long, tmElements_t&)+0x132>
/tmp/claude-1000/-home-ngranado-code-AlphaClock/a04e4601-07d0-434a-ba88-eb280e7d56e2/scratchpad/ard/libraries/Time/Time.cpp:191
        monthLength=29;
      } else {
        monthLength=28;
      }
    } else {
      monthLength = monthDays[month];
    6fa4:	4c 91       	ld	r20, X
/tmp/claude-1000/-home-ngranado-code-AlphaClock/a04e4601-07d0-434a-ba88-eb280e7d56e2/scratchpad/ard/libraries/Time/Time.cpp:194
    }
    
    if (time >= monthLength) {
    6fa6:	50 e0       	ldi	r21, 0x00	; 0
    6fa8:	70 e0       	ldi	r23, 0x00	; 0
    6faa:	60 e0       	ldi	r22, 0x00	; 0
    6fac:	31 e0       	ldi	r19, 0x01	; 1
    6fae:	32 0f       	add	r19, r18
    6fb0:	c4 16       	cp	r12, r20
    6fb2:	d5 06       	cpc	r13, r21
    6fb4:	e6 06       	cpc	r14, r22
    6fb6:	f7 06       	cpc	r15, r23
    6fb8:	40 f0       	brcs	.+16     	; 0x6fca <breakTime(unsigned long, tmElements_t&)+0x18e>
/tmp/claude-1000/-home-ngranado-code-AlphaClock/a04e4601-07d0-434a-ba88-eb280e7d56e2/scratchpad/ard/libraries/Time/Time.cpp:195
      time -= monthLength;
    6fba:	c4 1a       	sub	r12, r20
    6fbc:	d5 0a       	sbc	r13, r21
    6fbe:	e6 0a       	sbc	r14, r22
    6fc0:	f7 0a       	sbc	r15, r23
    6fc2:	11 96       	adiw	r26, 0x01	; 1
    6fc4:	23 2f       	mov	r18, r19
/tmp/claude-1000/-home-ngranado-code-AlphaClock/a04e4601-07d0-434a-ba88-eb280e7d56e2/scratchpad/ard/libraries/Time/Time.cpp:183
  time  -= days; // now it is days in this year, starting at 0
  
  days=0;
  month=0;
  monthLength=0;
  for (month=0; month<12; month++) {
    6fc6:	3c 30       	cpi	r19, 0x0C	; 12
    6fc8:	e9 f6       	brne	.-70     	; 0x6f84 <breakTime(unsigned long, tmElements_t&)+0x148>
/tmp/claude-1000/-home-ngranado-code-AlphaClock/a04e4601-07d0-434a-ba88-eb280e7d56e2/scratchpad/ard/libraries/Time/Time.cpp:200
      time -= monthLength;
    } else {
        break;
    }
  }
  tm.Month = month + 1;  // jan is month 1  
    6fca:	2f 5f       	subi	r18, 0xFF	; 255
    6fcc:	2d 83       	std	Y+5, r18	; 0x05
/tmp/claude-1000/-home-ngranado-code-AlphaClock/a04e4601-07d0-434a-ba88-eb280e7d56e2/scratchpad/ard/libraries/Time/Time.cpp:201
  tm.Day = time + 1;     // day of month
    6fce:	c3 94       	inc	r12
    6fd0:	cc 82       	std	Y+4, r12	; 0x04
/tmp/claude-1000/-home-ngranado-code-AlphaClock/a04e4601-07d0-434a-ba88-eb280e7d56e2/scratchpad/ard/libraries/Time/Time.cpp:202
}
    6fd2:	df 91       	pop	r29
    6fd4:	cf 91       	pop	r28
    6fd6:	1f 91       	pop	r17
    6fd8:	0f 91       	pop	r16
    6fda:	ff 90       	pop	r15
    6fdc:	ef 90       	pop	r14
    6fde:	df 90       	pop	r13
    6fe0:	cf 90       	pop	r12
    6fe2:	bf 90       	pop	r11
    6fe4:	af 90       	pop	r10
    6fe6:	9f 90       	pop	r9
    6fe8:	8f 90       	pop	r8
    6fea:	7f 90       	pop	r7
    6fec:	6f 90       	pop	r6
    6fee:	08 95       	ret
/tmp/claude-1000/-home-ngranado-code-AlphaClock/a04e4601-07d0-434a-ba88-eb280e7d56e2/scratchpad/ard/libraries/Time/Time.cpp:188
  for (month=0; month<12; month++) {
    if (month==1) { // february
      if (LEAP_YEAR(year)) {
        monthLength=29;
      } else {
        monthLength=28;
    6ff0:	4c e1       	ldi	r20, 0x1C	; 28
    6ff2:	d9 cf       	rjmp	.-78     	; 0x6fa6 <breakTime(unsigned long, tmElements_t&)+0x16a>

00006ff4 <refreshCache(unsigned long)>:
refreshCache():
/tmp/claude-1000/-home-ngranado-code-AlphaClock/a04e4601-07d0-434a-ba88-eb280e7d56e2/scratchpad/ard/libraries/Time/Time.cpp:42

static tmElements_t tm;          // a cache of time elements
static time_t cacheTime;   // the time the cache was updated
static uint32_t syncInterval = 300;  // time sync will be attempted after this many seconds

void refreshCache(time_t t) {
    6ff4:	cf 92       	push	r12
    6ff6:	df 92       	push	r13
    6ff8:	ef 92       	push	r14
    6ffa:	ff 92       	push	r15
/tmp/claude-1000/-home-ngranado-code-AlphaClock/a04e4601-07d0-434a-ba88-eb280e7d56e2/scratchpad/ard/libraries/Time/Time.cpp:43
  if (t != cacheTime) {
    6ffc:	c0 90 81 06 	lds	r12, 0x0681	; 0x800681 <cacheTime>
    7000:	d0 90 82 06 	lds	r13, 0x0682	; 0x800682 <cacheTime+0x1>
    7004:	e0 90 83 06 	lds	r14, 0x0683	; 0x800683 <cacheTime+0x2>
    7008:	f0 90 84 06 	lds	r15, 0x0684	; 0x800684 <cacheTime+0x3>
    700c:	c6 16       	cp	r12, r22
    700e:	d7 06       	cpc	r13, r23
    7010:	e8 06       	cpc	r14, r24
    7012:	f9 06       	cpc	r15, r25
    7014:	71 f0       	breq	.+28     	; 0x7032 <refreshCache(unsigned long)+0x3e>
    7016:	6b 01       	movw	r12, r22
    7018:	7c 01       	movw	r14, r24
/tmp/claude-1000/-home-ngranado-code-AlphaClock/a04e4601-07d0-434a-ba88-eb280e7d56e2/scratchpad/ard/libraries/Time/Time.cpp:44
    breakTime(t, tm); 
    701a:	40 ef       	ldi	r20, 0xF0	; 240
    701c:	56 e0       	ldi	r21, 0x06	; 6
    701e:	0e 94 1e 37 	call	0x6e3c	; 0x6e3c <breakTime(unsigned long, tmElements_t&)>
/tmp/claude-1000/-home-ngranado-code-AlphaClock/a04e4601-07d0-434a-ba88-eb280e7d56e2/scratchpad/ard/libraries/Time/Time.cpp:45
    cacheTime = t; 
    7022:	c0 92 81 06 	sts	0x0681, r12	; 0x800681 <cacheTime>
    7026:	d0 92 82 06 	sts	0x0682, r13	; 0x800682 <cacheTime+0x1>
    702a:	e0 92 83 06 	sts	0x0683, r14	; 0x800683 <cacheTime+0x2>
    702e:	f0 92 84 06 	sts	0x0684, r15	; 0x800684 <cacheTime+0x3>
/tmp/claude-1000/-home-ngranado-code-AlphaClock/a04e4601-07d0-434a-ba88-eb280e7d56e2/scratchpad/ard/libraries/Time/Time.cpp:47
  }
}
    7032:	ff 90       	pop	r15
    7034:	ef 90       	pop	r14
    7036:	df 90       	pop	r13
    7038:	cf 90       	pop	r12
    703a:	08 95       	ret

0000703c <second()>:
second():
/tmp/claude-1000/-home-ngranado-code-AlphaClock/a04e4601-07d0-434a-ba88-eb280e7d56e2/scratchpad/ard/libraries/Time/Time.cpp:98
  refreshCache(t);
  return tm.Minute;  
}

int second() {
  return second(now()); 
    703c:	0e 94 d7 35 	call	0x6bae	; 0x6bae <now()>
/tmp/claude-1000/-home-ngranado-code-AlphaClock/a04e4601-07d0-434a-ba88-eb280e7d56e2/scratchpad/ard/libraries/Time/Time.cpp:102
}

int second(time_t t) {  // the second for the given time
  refreshCache(t);
    7040:	0e 94 fa 37 	call	0x6ff4	; 0x6ff4 <refreshCache(unsigned long)>
/tmp/claude-1000/-home-ngranado-code-AlphaClock/a04e4601-07d0-434a-ba88-eb280e7d56e2/scratchpad/ard/libraries/Time/Time.cpp:103
  return tm.Second;
    7044:	80 91 f0 06 	lds	r24, 0x06F0	; 0x8006f0 <tm>
/tmp/claude-1000/-home-ngranado-code-AlphaClock/a04e4601-07d0-434a-ba88-eb280e7d56e2/scratchpad/ard/libraries/Time/Time.cpp:99
  return tm.Minute;  
}

int second() {
  return second(now()); 
}
    7048:	90 e0       	ldi	r25, 0x00	; 0
    704a:	08 95       	ret

0000704c <minute()>:
minute():
/tmp/claude-1000/-home-ngranado-code-AlphaClock/a04e4601-07d0-434a-ba88-eb280e7d56e2/scratchpad/ard/libraries/Time/Time.cpp:89
uint8_t isPM(time_t t) { // returns true if PM
  return (hour(t) >= 12); 
}

int minute() {
  return minute(now()); 
    704c:	0e 94 d7 35 	call	0x6bae	; 0x6bae <now()>
/tmp/claude-1000/-home-ngranado-code-AlphaClock/a04e4601-07d0-434a-ba88-eb280e7d56e2/scratchpad/ard/libraries/Time/Time.cpp:93
}

int minute(time_t t) { // the minute for the given time
  refreshCache(t);
    7050:	0e 94 fa 37 	call	0x6ff4	; 0x6ff4 <refreshCache(unsigned long)>
/tmp/claude-1000/-home-ngranado-code-AlphaClock/a04e4601-07d0-434a-ba88-eb280e7d56e2/scratchpad/ard/libraries/Time/Time.cpp:94
  return tm.Minute;  
    7054:	80 91 f1 06 	lds	r24, 0x06F1	; 0x8006f1 <tm+0x1>
/tmp/claude-1000/-home-ngranado-code-AlphaClock/a04e4601-07d0-434a-ba88-eb280e7d56e2/scratchpad/ard/libraries/Time/Time.cpp:90
  return (hour(t) >= 12); 
}

int minute() {
  return minute(now()); 
}
    7058:	90 e0       	ldi	r25, 0x00	; 0
    705a:	08 95       	ret

0000705c <hour()>:
hour():
/tmp/claude-1000/-home-ngranado-code-AlphaClock/a04e4601-07d0-434a-ba88-eb280e7d56e2/scratchpad/ard/libraries/Time/Time.cpp:50
    cacheTime = t; 
  }
}

int hour() { // the hour now 
  return hour(now()); 
    705c:	0e 94 d7 35 	call	0x6bae	; 0x6bae <now()>
/tmp/claude-1000/-home-ngranado-code-AlphaClock/a04e4601-07d0-434a-ba88-eb280e7d56e2/scratchpad/ard/libraries/Time/Time.cpp:54
}

int hour(time_t t) { // the hour for the given time
  refreshCache(t);
    7060:	0e 94 fa 37 	call	0x6ff4	; 0x6ff4 <refreshCache(unsigned long)>
/tmp/claude-1000/-home-ngranado-code-AlphaClock/a04e4601-07d0-434a-ba88-eb280e7d56e2/scratchpad/ard/libraries/Time/Time.cpp:55
  return tm.Hour;  
    7064:	80 91 f2 06 	lds	r24, 0x06F2	; 0x8006f2 <tm+0x2>
/tmp/claude-1000/-home-ngranado-code-AlphaClock/a04e4601-07d0-434a-ba88-eb280e7d56e2/scratchpad/ard/libraries/Time/Time.cpp:51
  }
}

int hour() { // the hour now 
  return hour(now()); 
}
    7068:	90 e0       	ldi	r25, 0x00	; 0
    706a:	08 95       	ret

0000706c <twi_stop>:
twi_stop():
/tmp/claude-1000/-home-ngranado-code-AlphaClock/a04e4601-07d0-434a-ba88-eb280e7d56e2/scratchpad/a15/packages/MightyCore/hardware/avr/3.1.0/libraries/Wire/src/utility/twi.c:436
 * Output   none
 */
void twi_stop(void)
{
  // send stop condition
  TWCR = _BV(TWEN) | _BV(TWIE) | _BV(TWEA) | _BV(TWINT) | _BV(TWSTO);
    706c:	85 ed       	ldi	r24, 0xD5	; 213
    706e:	80 93 bc 00 	sts	0x00BC, r24	; 0x8000bc <__DATA_REGION_ORIGIN__+0x5c>
/tmp/claude-1000/-home-ngranado-code-AlphaClock/a04e4601-07d0-434a-ba88-eb280e7d56e2/scratchpad/a15/packages/MightyCore/hardware/avr/3.1.0/libraries/Wire/src/utility/twi.c:456
          return;
        }
      }
    }
  #else
    while(TWCR & _BV(TWSTO)){
    7072:	80 91 bc 00 	lds	r24, 0x00BC	; 0x8000bc <__DATA_REGION_ORIGIN__+0x5c>
    7076:	84 fd       	sbrc	r24, 4
    7078:	fc cf       	rjmp	.-8      	; 0x7072 <twi_stop+0x6>
/tmp/claude-1000/-home-ngranado-code-AlphaClock/a04e4601-07d0-434a-ba88-eb280e7d56e2/scratchpad/a15/packages/MightyCore/hardware/avr/3.1.0/libraries/Wire/src/utility/twi.c:462
      continue;
    }
  #endif

  // update twi state
  twi_state = TWI_READY;
    707a:	10 92 ea 08 	sts	0x08EA, r1	; 0x8008ea <twi_state>
/tmp/claude-1000/-home-ngranado-code-AlphaClock/a04e4601-07d0-434a-ba88-eb280e7d56e2/scratchpad/a15/packages/MightyCore/hardware/avr/3.1.0/libraries/Wire/src/utility/twi.c:463
}
    707e:	08 95       	ret

00007080 <twi_transmit>:
twi_transmit():
/tmp/claude-1000/-home-ngranado-code-AlphaClock/a04e4601-07d0-434a-ba88-eb280e7d56e2/scratchpad/a15/packages/MightyCore/hardware/avr/3.1.0/libraries/Wire/src/utility/twi.c:371
uint8_t twi_transmit(const uint8_t* data, uint8_t length)
{
  uint8_t i;

  // ensure data will fit into buffer
  if(TWI_BUFFER_SIZE < (twi_txBufferLength+length)){
    7080:	20 91 5e 06 	lds	r18, 0x065E	; 0x80065e <twi_txBufferLength>
    7084:	26 0f       	add	r18, r22
    7086:	33 27       	eor	r19, r19
    7088:	33 1f       	adc	r19, r19
    708a:	21 32       	cpi	r18, 0x21	; 33
    708c:	31 05       	cpc	r19, r1
    708e:	ec f4       	brge	.+58     	; 0x70ca <twi_transmit+0x4a>
/tmp/claude-1000/-home-ngranado-code-AlphaClock/a04e4601-07d0-434a-ba88-eb280e7d56e2/scratchpad/a15/packages/MightyCore/hardware/avr/3.1.0/libraries/Wire/src/utility/twi.c:376
    return 1;
  }

  // ensure we are currently a slave transmitter
  if(TWI_STX != twi_state){
    7090:	20 91 ea 08 	lds	r18, 0x08EA	; 0x8008ea <twi_state>
    7094:	fc 01       	movw	r30, r24
    7096:	90 e0       	ldi	r25, 0x00	; 0
    7098:	80 e0       	ldi	r24, 0x00	; 0
    709a:	24 30       	cpi	r18, 0x04	; 4
    709c:	69 f0       	breq	.+26     	; 0x70b8 <twi_transmit+0x38>
/tmp/claude-1000/-home-ngranado-code-AlphaClock/a04e4601-07d0-434a-ba88-eb280e7d56e2/scratchpad/a15/packages/MightyCore/hardware/avr/3.1.0/libraries/Wire/src/utility/twi.c:377
    return 2;
    709e:	82 e0       	ldi	r24, 0x02	; 2
/tmp/claude-1000/-home-ngranado-code-AlphaClock/a04e4601-07d0-434a-ba88-eb280e7d56e2/scratchpad/a15/packages/MightyCore/hardware/avr/3.1.0/libraries/Wire/src/utility/twi.c:387
    twi_txBuffer[twi_txBufferLength+i] = data[i];
  }
  twi_txBufferLength += length;

  return 0;
}
    70a0:	08 95       	ret
/tmp/claude-1000/-home-ngranado-code-AlphaClock/a04e4601-07d0-434a-ba88-eb280e7d56e2/scratchpad/a15/packages/MightyCore/hardware/avr/3.1.0/libraries/Wire/src/utility/twi.c:382
    return 2;
  }

  // set length and copy data into tx buffer
  for(i = 0; i < length; ++i){
    twi_txBuffer[twi_txBufferLength+i] = data[i];
    70a2:	a0 91 5e 06 	lds	r26, 0x065E	; 0x80065e <twi_txBufferLength>
    70a6:	21 91       	ld	r18, Z+
    70a8:	ac 01       	movw	r20, r24
    70aa:	42 5c       	subi	r20, 0xC2	; 194
    70ac:	59 4f       	sbci	r21, 0xF9	; 249
    70ae:	a4 0f       	add	r26, r20
    70b0:	b5 2f       	mov	r27, r21
    70b2:	b1 1d       	adc	r27, r1
    70b4:	2c 93       	st	X, r18
    70b6:	01 96       	adiw	r24, 0x01	; 1
/tmp/claude-1000/-home-ngranado-code-AlphaClock/a04e4601-07d0-434a-ba88-eb280e7d56e2/scratchpad/a15/packages/MightyCore/hardware/avr/3.1.0/libraries/Wire/src/utility/twi.c:381
  if(TWI_STX != twi_state){
    return 2;
  }

  // set length and copy data into tx buffer
  for(i = 0; i < length; ++i){
    70b8:	86 17       	cp	r24, r22
    70ba:	98 f3       	brcs	.-26     	; 0x70a2 <twi_transmit+0x22>
/tmp/claude-1000/-home-ngranado-code-AlphaClock/a04e4601-07d0-434a-ba88-eb280e7d56e2/scratchpad/a15/packages/MightyCore/hardware/avr/3.1.0/libraries/Wire/src/utility/twi.c:384
    twi_txBuffer[twi_txBufferLength+i] = data[i];
  }
  twi_txBufferLength += length;
    70bc:	80 91 5e 06 	lds	r24, 0x065E	; 0x80065e <twi_txBufferLength>
    70c0:	68 0f       	add	r22, r24
    70c2:	60 93 5e 06 	sts	0x065E, r22	; 0x80065e <twi_txBufferLength>
    70c6:	80 e0       	ldi	r24, 0x00	; 0
    70c8:	08 95       	ret
/tmp/claude-1000/-home-ngranado-code-AlphaClock/a04e4601-07d0-434a-ba88-eb280e7d56e2/scratchpad/a15/packages/MightyCore/hardware/avr/3.1.0/libraries/Wire/src/utility/twi.c:372
{
  uint8_t i;

  // ensure data will fit into buffer
  if(TWI_BUFFER_SIZE < (twi_txBufferLength+length)){
    return 1;
    70ca:	81 e0       	ldi	r24, 0x01	; 1
    70cc:	08 95       	ret

000070ce <TwoWire::flush()>:
flush():
/tmp/claude-1000/-home-ngranado-code-AlphaClock/a04e4601-07d0-434a-ba88-eb280e7d56e2/scratchpad/a15/packages/MightyCore/hardware/avr/3.1.0/libraries/Wire/src/Wire.cpp:326
}

void TwoWire::flush(void)
{
  // XXX: to be implemented.
}
    70ce:	08 95       	ret

000070d0 <TwoWire::peek()>:
peek():
/tmp/claude-1000/-home-ngranado-code-AlphaClock/a04e4601-07d0-434a-ba88-eb280e7d56e2/scratchpad/a15/packages/MightyCore/hardware/avr/3.1.0/libraries/Wire/src/Wire.cpp:316
// or after requestFrom(address, numBytes)
int TwoWire::peek(void)
{
  int value = -1;

  if(rxBufferIndex < rxBufferLength){
    70d0:	e0 91 ee 08 	lds	r30, 0x08EE	; 0x8008ee <TwoWire::rxBufferIndex>
    70d4:	80 91 ed 08 	lds	r24, 0x08ED	; 0x8008ed <TwoWire::rxBufferLength>
    70d8:	e8 17       	cp	r30, r24
    70da:	30 f4       	brcc	.+12     	; 0x70e8 <TwoWire::peek()+0x18>
/tmp/claude-1000/-home-ngranado-code-AlphaClock/a04e4601-07d0-434a-ba88-eb280e7d56e2/scratchpad/a15/packages/MightyCore/hardware/avr/3.1.0/libraries/Wire/src/Wire.cpp:317
    value = rxBuffer[rxBufferIndex];
    70dc:	f0 e0       	ldi	r31, 0x00	; 0
    70de:	ee 59       	subi	r30, 0x9E	; 158
    70e0:	f8 4f       	sbci	r31, 0xF8	; 248
    70e2:	80 81       	ld	r24, Z
    70e4:	90 e0       	ldi	r25, 0x00	; 0
    70e6:	08 95       	ret
/tmp/claude-1000/-home-ngranado-code-AlphaClock/a04e4601-07d0-434a-ba88-eb280e7d56e2/scratchpad/a15/packages/MightyCore/hardware/avr/3.1.0/libraries/Wire/src/Wire.cpp:314
// must be called in:
// slave rx event callback
// or after requestFrom(address, numBytes)
int TwoWire::peek(void)
{
  int value = -1;
    70e8:	8f ef       	ldi	r24, 0xFF	; 255
    70ea:	9f ef       	ldi	r25, 0xFF	; 255
/tmp/claude-1000/-home-ngranado-code-AlphaClock/a04e4601-07d0-434a-ba88-eb280e7d56e2/scratchpad/a15/packages/MightyCore/hardware/avr/3.1.0/libraries/Wire/src/Wire.cpp:321
  if(rxBufferIndex < rxBufferLength){
    value = rxBuffer[rxBufferIndex];
  }

  return value;
}
    70ec:	08 95       	ret

000070ee <TwoWire::read()>:
read():
/tmp/claude-1000/-home-ngranado-code-AlphaClock/a04e4601-07d0-434a-ba88-eb280e7d56e2/scratchpad/a15/packages/MightyCore/hardware/avr/3.1.0/libraries/Wire/src/Wire.cpp:301
int TwoWire::read(void)
{
  int value = -1;

  // get each successive byte on each call
  if(rxBufferIndex < rxBufferLength){
    70ee:	90 91 ee 08 	lds	r25, 0x08EE	; 0x8008ee <TwoWire::rxBufferIndex>
    70f2:	80 91 ed 08 	lds	r24, 0x08ED	; 0x8008ed <TwoWire::rxBufferLength>
/tmp/claude-1000/-home-ngranado-code-AlphaClock/a04e4601-07d0-434a-ba88-eb280e7d56e2/scratchpad/a15/packages/MightyCore/hardware/avr/3.1.0/libraries/Wire/src/Wire.cpp:298
// must be called in:
// slave rx event callback
// or after requestFrom(address, numBytes)
int TwoWire::read(void)
{
  int value = -1;
    70f6:	2f ef       	ldi	r18, 0xFF	; 255
    70f8:	3f ef       	ldi	r19, 0xFF	; 255
/tmp/claude-1000/-home-ngranado-code-AlphaClock/a04e4601-07d0-434a-ba88-eb280e7d56e2/scratchpad/a15/packages/MightyCore/hardware/avr/3.1.0/libraries/Wire/src/Wire.cpp:301

  // get each successive byte on each call
  if(rxBufferIndex < rxBufferLength){
    70fa:	98 17       	cp	r25, r24
    70fc:	48 f4       	brcc	.+18     	; 0x7110 <TwoWire::read()+0x22>
/tmp/claude-1000/-home-ngranado-code-AlphaClock/a04e4601-07d0-434a-ba88-eb280e7d56e2/scratchpad/a15/packages/MightyCore/hardware/avr/3.1.0/libraries/Wire/src/Wire.cpp:302
    value = rxBuffer[rxBufferIndex];
    70fe:	e9 2f       	mov	r30, r25
    7100:	f0 e0       	ldi	r31, 0x00	; 0
    7102:	ee 59       	subi	r30, 0x9E	; 158
    7104:	f8 4f       	sbci	r31, 0xF8	; 248
    7106:	20 81       	ld	r18, Z
    7108:	30 e0       	ldi	r19, 0x00	; 0
/tmp/claude-1000/-home-ngranado-code-AlphaClock/a04e4601-07d0-434a-ba88-eb280e7d56e2/scratchpad/a15/packages/MightyCore/hardware/avr/3.1.0/libraries/Wire/src/Wire.cpp:303
    ++rxBufferIndex;
    710a:	9f 5f       	subi	r25, 0xFF	; 255
    710c:	90 93 ee 08 	sts	0x08EE, r25	; 0x8008ee <TwoWire::rxBufferIndex>
/tmp/claude-1000/-home-ngranado-code-AlphaClock/a04e4601-07d0-434a-ba88-eb280e7d56e2/scratchpad/a15/packages/MightyCore/hardware/avr/3.1.0/libraries/Wire/src/Wire.cpp:307
  }

  return value;
}
    7110:	c9 01       	movw	r24, r18
    7112:	08 95       	ret

00007114 <TwoWire::write(unsigned char const*, unsigned int)>:
write():
/tmp/claude-1000/-home-ngranado-code-AlphaClock/a04e4601-07d0-434a-ba88-eb280e7d56e2/scratchpad/a15/packages/MightyCore/hardware/avr/3.1.0/libraries/Wire/src/Wire.cpp:271

// must be called in:
// slave tx event callback
// or after beginTransmission(address)
size_t TwoWire::write(const uint8_t *data, size_t quantity)
{
    7114:	cf 92       	push	r12
    7116:	df 92       	push	r13
    7118:	ef 92       	push	r14
    711a:	ff 92       	push	r15
    711c:	0f 93       	push	r16
    711e:	1f 93       	push	r17
    7120:	cf 93       	push	r28
    7122:	df 93       	push	r29
    7124:	7c 01       	movw	r14, r24
    7126:	cb 01       	movw	r24, r22
    7128:	8a 01       	movw	r16, r20
/tmp/claude-1000/-home-ngranado-code-AlphaClock/a04e4601-07d0-434a-ba88-eb280e7d56e2/scratchpad/a15/packages/MightyCore/hardware/avr/3.1.0/libraries/Wire/src/Wire.cpp:272
  if(transmitting){
    712a:	20 91 88 07 	lds	r18, 0x0788	; 0x800788 <TwoWire::transmitting>
    712e:	22 23       	and	r18, r18
    7130:	89 f0       	breq	.+34     	; 0x7154 <TwoWire::write(unsigned char const*, unsigned int)+0x40>
    7132:	eb 01       	movw	r28, r22
    7134:	6b 01       	movw	r12, r22
    7136:	c4 0e       	add	r12, r20
    7138:	d5 1e       	adc	r13, r21
/tmp/claude-1000/-home-ngranado-code-AlphaClock/a04e4601-07d0-434a-ba88-eb280e7d56e2/scratchpad/a15/packages/MightyCore/hardware/avr/3.1.0/libraries/Wire/src/Wire.cpp:274
  // in master transmitter mode
    for(size_t i = 0; i < quantity; ++i){
    713a:	cc 15       	cp	r28, r12
    713c:	dd 05       	cpc	r29, r13
    713e:	69 f0       	breq	.+26     	; 0x715a <TwoWire::write(unsigned char const*, unsigned int)+0x46>
/tmp/claude-1000/-home-ngranado-code-AlphaClock/a04e4601-07d0-434a-ba88-eb280e7d56e2/scratchpad/a15/packages/MightyCore/hardware/avr/3.1.0/libraries/Wire/src/Wire.cpp:275
      write(data[i]);
    7140:	69 91       	ld	r22, Y+
    7142:	d7 01       	movw	r26, r14
    7144:	ed 91       	ld	r30, X+
    7146:	fc 91       	ld	r31, X
    7148:	01 90       	ld	r0, Z+
    714a:	f0 81       	ld	r31, Z
    714c:	e0 2d       	mov	r30, r0
    714e:	c7 01       	movw	r24, r14
    7150:	09 95       	icall
    7152:	f3 cf       	rjmp	.-26     	; 0x713a <TwoWire::write(unsigned char const*, unsigned int)+0x26>
/tmp/claude-1000/-home-ngranado-code-AlphaClock/a04e4601-07d0-434a-ba88-eb280e7d56e2/scratchpad/a15/packages/MightyCore/hardware/avr/3.1.0/libraries/Wire/src/Wire.cpp:280
    }
  }else{
  // in slave send mode
    // reply to master
    twi_transmit(data, quantity);
    7154:	64 2f       	mov	r22, r20
    7156:	0e 94 40 38 	call	0x7080	; 0x7080 <twi_transmit>
/tmp/claude-1000/-home-ngranado-code-AlphaClock/a04e4601-07d0-434a-ba88-eb280e7d56e2/scratchpad/a15/packages/MightyCore/hardware/avr/3.1.0/libraries/Wire/src/Wire.cpp:283
  }
  return quantity;
}
    715a:	c8 01       	movw	r24, r16
    715c:	df 91       	pop	r29
    715e:	cf 91       	pop	r28
    7160:	1f 91       	pop	r17
    7162:	0f 91       	pop	r16
    7164:	ff 90       	pop	r15
    7166:	ef 90       	pop	r14
    7168:	df 90       	pop	r13
    716a:	cf 90       	pop	r12
    716c:	08 95       	ret

0000716e <TwoWire::write(unsigned char)>:
/tmp/claude-1000/-home-ngranado-code-AlphaClock/a04e4601-07d0-434a-ba88-eb280e7d56e2/scratchpad/a15/packages/MightyCore/hardware/avr/3.1.0/libraries/Wire/src/Wire.cpp:246

// must be called in:
// slave tx event callback
// or after beginTransmission(address)
size_t TwoWire::write(uint8_t data)
{
    716e:	cf 93       	push	r28
    7170:	df 93       	push	r29
    7172:	1f 92       	push	r1
    7174:	cd b7       	in	r28, 0x3d	; 61
    7176:	de b7       	in	r29, 0x3e	; 62
    7178:	69 83       	std	Y+1, r22	; 0x01
/tmp/claude-1000/-home-ngranado-code-AlphaClock/a04e4601-07d0-434a-ba88-eb280e7d56e2/scratchpad/a15/packages/MightyCore/hardware/avr/3.1.0/libraries/Wire/src/Wire.cpp:247
  if(transmitting){
    717a:	20 91 88 07 	lds	r18, 0x0788	; 0x800788 <TwoWire::transmitting>
    717e:	22 23       	and	r18, r18
    7180:	f9 f0       	breq	.+62     	; 0x71c0 <TwoWire::write(unsigned char)+0x52>
/tmp/claude-1000/-home-ngranado-code-AlphaClock/a04e4601-07d0-434a-ba88-eb280e7d56e2/scratchpad/a15/packages/MightyCore/hardware/avr/3.1.0/libraries/Wire/src/Wire.cpp:250
  // in master transmitter mode
    // don't bother if buffer is full
    if(txBufferLength >= TWI_BUFFER_SIZE){
    7182:	20 91 eb 08 	lds	r18, 0x08EB	; 0x8008eb <TwoWire::txBufferLength>
    7186:	20 32       	cpi	r18, 0x20	; 32
    7188:	58 f0       	brcs	.+22     	; 0x71a0 <TwoWire::write(unsigned char)+0x32>
_ZN5Print13setWriteErrorEi():
/tmp/claude-1000/-home-ngranado-code-AlphaClock/a04e4601-07d0-434a-ba88-eb280e7d56e2/scratchpad/a15/packages/MightyCore/hardware/avr/3.1.0/cores/MCUdude_corefiles/Print.h:44
  private:
    int write_error;
    size_t printNumber(unsigned long, uint8_t);
    size_t printFloat(double, uint8_t);
  protected:
    void setWriteError(int err = 1) { write_error = err; }
    718a:	21 e0       	ldi	r18, 0x01	; 1
    718c:	30 e0       	ldi	r19, 0x00	; 0
    718e:	fc 01       	movw	r30, r24
    7190:	33 83       	std	Z+3, r19	; 0x03
    7192:	22 83       	std	Z+2, r18	; 0x02
write():
/tmp/claude-1000/-home-ngranado-code-AlphaClock/a04e4601-07d0-434a-ba88-eb280e7d56e2/scratchpad/a15/packages/MightyCore/hardware/avr/3.1.0/libraries/Wire/src/Wire.cpp:252
      setWriteError();
      return 0;
    7194:	90 e0       	ldi	r25, 0x00	; 0
    7196:	80 e0       	ldi	r24, 0x00	; 0
/tmp/claude-1000/-home-ngranado-code-AlphaClock/a04e4601-07d0-434a-ba88-eb280e7d56e2/scratchpad/a15/packages/MightyCore/hardware/avr/3.1.0/libraries/Wire/src/Wire.cpp:265
  // in slave send mode
    // reply to master
    twi_transmit(&data, 1);
  }
  return 1;
}
    7198:	0f 90       	pop	r0
    719a:	df 91       	pop	r29
    719c:	cf 91       	pop	r28
    719e:	08 95       	ret
/tmp/claude-1000/-home-ngranado-code-AlphaClock/a04e4601-07d0-434a-ba88-eb280e7d56e2/scratchpad/a15/packages/MightyCore/hardware/avr/3.1.0/libraries/Wire/src/Wire.cpp:255
    if(txBufferLength >= TWI_BUFFER_SIZE){
      setWriteError();
      return 0;
    }
    // put byte in tx buffer
    txBuffer[txBufferIndex] = data;
    71a0:	80 91 ec 08 	lds	r24, 0x08EC	; 0x8008ec <TwoWire::txBufferIndex>
    71a4:	e8 2f       	mov	r30, r24
    71a6:	f0 e0       	ldi	r31, 0x00	; 0
    71a8:	e7 57       	subi	r30, 0x77	; 119
    71aa:	f8 4f       	sbci	r31, 0xF8	; 248
    71ac:	99 81       	ldd	r25, Y+1	; 0x01
    71ae:	90 83       	st	Z, r25
/tmp/claude-1000/-home-ngranado-code-AlphaClock/a04e4601-07d0-434a-ba88-eb280e7d56e2/scratchpad/a15/packages/MightyCore/hardware/avr/3.1.0/libraries/Wire/src/Wire.cpp:256
    ++txBufferIndex;
    71b0:	8f 5f       	subi	r24, 0xFF	; 255
    71b2:	80 93 ec 08 	sts	0x08EC, r24	; 0x8008ec <TwoWire::txBufferIndex>
/tmp/claude-1000/-home-ngranado-code-AlphaClock/a04e4601-07d0-434a-ba88-eb280e7d56e2/scratchpad/a15/packages/MightyCore/hardware/avr/3.1.0/libraries/Wire/src/Wire.cpp:258
    // update amount in buffer
    txBufferLength = txBufferIndex;
    71b6:	80 93 eb 08 	sts	0x08EB, r24	; 0x8008eb <TwoWire::txBufferLength>
/tmp/claude-1000/-home-ngranado-code-AlphaClock/a04e4601-07d0-434a-ba88-eb280e7d56e2/scratchpad/a15/packages/MightyCore/hardware/avr/3.1.0/libraries/Wire/src/Wire.cpp:264
  }else{
  // in slave send mode
    // reply to master
    twi_transmit(&data, 1);
  }
  return 1;
    71ba:	81 e0       	ldi	r24, 0x01	; 1
    71bc:	90 e0       	ldi	r25, 0x00	; 0
    71be:	ec cf       	rjmp	.-40     	; 0x7198 <TwoWire::write(unsigned char)+0x2a>
/tmp/claude-1000/-home-ngranado-code-AlphaClock/a04e4601-07d0-434a-ba88-eb280e7d56e2/scratchpad/a15/packages/MightyCore/hardware/avr/3.1.0/libraries/Wire/src/Wire.cpp:262
    // update amount in buffer
    txBufferLength = txBufferIndex;
  }else{
  // in slave send mode
    // reply to master
    twi_transmit(&data, 1);
    71c0:	61 e0       	ldi	r22, 0x01	; 1
    71c2:	ce 01       	movw	r24, r28
    71c4:	01 96       	adiw	r24, 0x01	; 1
    71c6:	0e 94 40 38 	call	0x7080	; 0x7080 <twi_transmit>
    71ca:	f7 cf       	rjmp	.-18     	; 0x71ba <TwoWire::write(unsigned char)+0x4c>

000071cc <DS1307RTC::set(unsigned long)>:
set():
/tmp/claude-1000/-home-ngranado-code-AlphaClock/a04e4601-07d0-434a-ba88-eb280e7d56e2/scratchpad/ard/libraries/DS1307RTC/DS1307RTC.cpp:50
  if (read(tm) == false) return 0;
  return(makeTime(tm));
}

bool DS1307RTC::set(time_t t)
{
    71cc:	0f 93       	push	r16
    71ce:	1f 93       	push	r17
    71d0:	cf 93       	push	r28
    71d2:	df 93       	push	r29
    71d4:	00 d0       	rcall	.+0      	; 0x71d6 <DS1307RTC::set(unsigned long)+0xa>
    71d6:	00 d0       	rcall	.+0      	; 0x71d8 <DS1307RTC::set(unsigned long)+0xc>
    71d8:	00 d0       	rcall	.+0      	; 0x71da <DS1307RTC::set(unsigned long)+0xe>
    71da:	1f 92       	push	r1
    71dc:	cd b7       	in	r28, 0x3d	; 61
    71de:	de b7       	in	r29, 0x3e	; 62
/tmp/claude-1000/-home-ngranado-code-AlphaClock/a04e4601-07d0-434a-ba88-eb280e7d56e2/scratchpad/ard/libraries/DS1307RTC/DS1307RTC.cpp:52
  tmElements_t tm;
  breakTime(t, tm);
    71e0:	ae 01       	movw	r20, r28
    71e2:	4f 5f       	subi	r20, 0xFF	; 255
    71e4:	5f 4f       	sbci	r21, 0xFF	; 255
    71e6:	0e 94 1e 37 	call	0x6e3c	; 0x6e3c <breakTime(unsigned long, tmElements_t&)>
beginTransmission():
/tmp/claude-1000/-home-ngranado-code-AlphaClock/a04e4601-07d0-434a-ba88-eb280e7d56e2/scratchpad/a15/packages/MightyCore/hardware/avr/3.1.0/libraries/Wire/src/Wire.cpp:196
}

void TwoWire::beginTransmission(uint8_t address)
{
  // indicate that we are transmitting
  transmitting = 1;
    71ea:	01 e0       	ldi	r16, 0x01	; 1
    71ec:	00 93 88 07 	sts	0x0788, r16	; 0x800788 <TwoWire::transmitting>
/tmp/claude-1000/-home-ngranado-code-AlphaClock/a04e4601-07d0-434a-ba88-eb280e7d56e2/scratchpad/a15/packages/MightyCore/hardware/avr/3.1.0/libraries/Wire/src/Wire.cpp:198
  // set address of targeted slave
  txAddress = address;
    71f0:	88 e6       	ldi	r24, 0x68	; 104
    71f2:	80 93 a9 07 	sts	0x07A9, r24	; 0x8007a9 <TwoWire::txAddress>
/tmp/claude-1000/-home-ngranado-code-AlphaClock/a04e4601-07d0-434a-ba88-eb280e7d56e2/scratchpad/a15/packages/MightyCore/hardware/avr/3.1.0/libraries/Wire/src/Wire.cpp:200
  // reset tx buffer iterator vars
  txBufferIndex = 0;
    71f6:	10 92 ec 08 	sts	0x08EC, r1	; 0x8008ec <TwoWire::txBufferIndex>
/tmp/claude-1000/-home-ngranado-code-AlphaClock/a04e4601-07d0-434a-ba88-eb280e7d56e2/scratchpad/a15/packages/MightyCore/hardware/avr/3.1.0/libraries/Wire/src/Wire.cpp:201
  txBufferLength = 0;
    71fa:	10 92 eb 08 	sts	0x08EB, r1	; 0x8008eb <TwoWire::txBufferLength>
write():
/tmp/claude-1000/-home-ngranado-code-AlphaClock/a04e4601-07d0-434a-ba88-eb280e7d56e2/scratchpad/ard/libraries/DS1307RTC/DS1307RTC.cpp:105
  // To eliminate any potential race conditions,
  // stop the clock before writing the values,
  // then restart it after.
  Wire.beginTransmission(DS1307_CTRL_ID);
#if ARDUINO >= 100  
  Wire.write((uint8_t)0x00); // reset register pointer  
    71fe:	60 e0       	ldi	r22, 0x00	; 0
    7200:	8f ee       	ldi	r24, 0xEF	; 239
    7202:	98 e0       	ldi	r25, 0x08	; 8
    7204:	0e 94 b7 38 	call	0x716e	; 0x716e <TwoWire::write(unsigned char)>
/tmp/claude-1000/-home-ngranado-code-AlphaClock/a04e4601-07d0-434a-ba88-eb280e7d56e2/scratchpad/ard/libraries/DS1307RTC/DS1307RTC.cpp:106
  Wire.write((uint8_t)0x80); // Stop the clock. The seconds will be written last
    7208:	60 e8       	ldi	r22, 0x80	; 128
    720a:	8f ee       	ldi	r24, 0xEF	; 239
    720c:	98 e0       	ldi	r25, 0x08	; 8
    720e:	0e 94 b7 38 	call	0x716e	; 0x716e <TwoWire::write(unsigned char)>
/tmp/claude-1000/-home-ngranado-code-AlphaClock/a04e4601-07d0-434a-ba88-eb280e7d56e2/scratchpad/ard/libraries/DS1307RTC/DS1307RTC.cpp:107
  Wire.write(dec2bcd(tm.Minute));
    7212:	8a 81       	ldd	r24, Y+2	; 0x02
dec2bcd():
/tmp/claude-1000/-home-ngranado-code-AlphaClock/a04e4601-07d0-434a-ba88-eb280e7d56e2/scratchpad/ard/libraries/DS1307RTC/DS1307RTC.cpp:206
// PRIVATE FUNCTIONS

// Convert Decimal to Binary Coded Decimal (BCD)
uint8_t DS1307RTC::dec2bcd(uint8_t num)
{
  return ((num/10 * 16) + (num % 10));
    7214:	1a e0       	ldi	r17, 0x0A	; 10
    7216:	61 2f       	mov	r22, r17
    7218:	0e 94 84 56 	call	0xad08	; 0xad08 <__udivmodqi4>
    721c:	82 95       	swap	r24
    721e:	80 7f       	andi	r24, 0xF0	; 240
    7220:	68 2f       	mov	r22, r24
    7222:	69 0f       	add	r22, r25
write():
/tmp/claude-1000/-home-ngranado-code-AlphaClock/a04e4601-07d0-434a-ba88-eb280e7d56e2/scratchpad/ard/libraries/DS1307RTC/DS1307RTC.cpp:107
  // then restart it after.
  Wire.beginTransmission(DS1307_CTRL_ID);
#if ARDUINO >= 100  
  Wire.write((uint8_t)0x00); // reset register pointer  
  Wire.write((uint8_t)0x80); // Stop the clock. The seconds will be written last
  Wire.write(dec2bcd(tm.Minute));
    7224:	8f ee       	ldi	r24, 0xEF	; 239
    7226:	98 e0       	ldi	r25, 0x08	; 8
    7228:	0e 94 b7 38 	call	0x716e	; 0x716e <TwoWire::write(unsigned char)>
/tmp/claude-1000/-home-ngranado-code-AlphaClock/a04e4601-07d0-434a-ba88-eb280e7d56e2/scratchpad/ard/libraries/DS1307RTC/DS1307RTC.cpp:108
  Wire.write(dec2bcd(tm.Hour));      // sets 24 hour format
    722c:	8b 81       	ldd	r24, Y+3	; 0x03
dec2bcd():
/tmp/claude-1000/-home-ngranado-code-AlphaClock/a04e4601-07d0-434a-ba88-eb280e7d56e2/scratchpad/ard/libraries/DS1307RTC/DS1307RTC.cpp:206
// PRIVATE FUNCTIONS

// Convert Decimal to Binary Coded Decimal (BCD)
uint8_t DS1307RTC::dec2bcd(uint8_t num)
{
  return ((num/10 * 16) + (num % 10));
    722e:	61 2f       	mov	r22, r17
    7230:	0e 94 84 56 	call	0xad08	; 0xad08 <__udivmodqi4>
    7234:	82 95       	swap	r24
    7236:	80 7f       	andi	r24, 0xF0	; 240
    7238:	68 2f       	mov	r22, r24
    723a:	69 0f       	add	r22, r25
write():
/tmp/claude-1000/-home-ngranado-code-AlphaClock/a04e4601-07d0-434a-ba88-eb280e7d56e2/scratchpad/ard/libraries/DS1307RTC/DS1307RTC.cpp:108
  Wire.beginTransmission(DS1307_CTRL_ID);
#if ARDUINO >= 100  
  Wire.write((uint8_t)0x00); // reset register pointer  
  Wire.write((uint8_t)0x80); // Stop the clock. The seconds will be written last
  Wire.write(dec2bcd(tm.Minute));
  Wire.write(dec2bcd(tm.Hour));      // sets 24 hour format
    723c:	8f ee       	ldi	r24, 0xEF	; 239
    723e:	98 e0       	ldi	r25, 0x08	; 8
    7240:	0e 94 b7 38 	call	0x716e	; 0x716e <TwoWire::write(unsigned char)>
/tmp/claude-1000/-home-ngranado-code-AlphaClock/a04e4601-07d0-434a-ba88-eb280e7d56e2/scratchpad/ard/libraries/DS1307RTC/DS1307RTC.cpp:109
  Wire.write(dec2bcd(tm.Wday));   
    7244:	8c 81       	ldd	r24, Y+4	; 0x04
dec2bcd():
/tmp/claude-1000/-home-ngranado-code-AlphaClock/a04e4601-07d0-434a-ba88-eb280e7d56e2/scratchpad/ard/libraries/DS1307RTC/DS1307RTC.cpp:206
// PRIVATE FUNCTIONS

// Convert Decimal to Binary Coded Decimal (BCD)
uint8_t DS1307RTC::dec2bcd(uint8_t num)
{
  return ((num/10 * 16) + (num % 10));
    7246:	61 2f       	mov	r22, r17
    7248:	0e 94 84 56 	call	0xad08	; 0xad08 <__udivmodqi4>
    724c:	82 95       	swap	r24
    724e:	80 7f       	andi	r24, 0xF0	; 240
    7250:	68 2f       	mov	r22, r24
    7252:	69 0f       	add	r22, r25
write():
/tmp/claude-1000/-home-ngranado-code-AlphaClock/a04e4601-07d0-434a-ba88-eb280e7d56e2/scratchpad/ard/libraries/DS1307RTC/DS1307RTC.cpp:109
#if ARDUINO >= 100  
  Wire.write((uint8_t)0x00); // reset register pointer  
  Wire.write((uint8_t)0x80); // Stop the clock. The seconds will be written last
  Wire.write(dec2bcd(tm.Minute));
  Wire.write(dec2bcd(tm.Hour));      // sets 24 hour format
  Wire.write(dec2bcd(tm.Wday));   
    7254:	8f ee       	ldi	r24, 0xEF	; 239
    7256:	98 e0       	ldi	r25, 0x08	; 8
    7258:	0e 94 b7 38 	call	0x716e	; 0x716e <TwoWire::write(unsigned char)>
/tmp/claude-1000/-home-ngranado-code-AlphaClock/a04e4601-07d0-434a-ba88-eb280e7d56e2/scratchpad/ard/libraries/DS1307RTC/DS1307RTC.cpp:110
  Wire.write(dec2bcd(tm.Day));
    725c:	8d 81       	ldd	r24, Y+5	; 0x05
dec2bcd():
/tmp/claude-1000/-home-ngranado-code-AlphaClock/a04e4601-07d0-434a-ba88-eb280e7d56e2/scratchpad/ard/libraries/DS1307RTC/DS1307RTC.cpp:206
// PRIVATE FUNCTIONS

// Convert Decimal to Binary Coded Decimal (BCD)
uint8_t DS1307RTC::dec2bcd(uint8_t num)
{
  return ((num/10 * 16) + (num % 10));
    725e:	61 2f       	mov	r22, r17
    7260:	0e 94 84 56 	call	0xad08	; 0xad08 <__udivmodqi4>
    7264:	82 95       	swap	r24
    7266:	80 7f       	andi	r24, 0xF0	; 240
    7268:	68 2f       	mov	r22, r24
    726a:	69 0f       	add	r22, r25
write():
/tmp/claude-1000/-home-ngranado-code-AlphaClock/a04e4601-07d0-434a-ba88-eb280e7d56e2/scratchpad/ard/libraries/DS1307RTC/DS1307RTC.cpp:110
  Wire.write((uint8_t)0x00); // reset register pointer  
  Wire.write((uint8_t)0x80); // Stop the clock. The seconds will be written last
  Wire.write(dec2bcd(tm.Minute));
  Wire.write(dec2bcd(tm.Hour));      // sets 24 hour format
  Wire.write(dec2bcd(tm.Wday));   
  Wire.write(dec2bcd(tm.Day));
    726c:	8f ee       	ldi	r24, 0xEF	; 239
    726e:	98 e0       	ldi	r25, 0x08	; 8
    7270:	0e 94 b7 38 	call	0x716e	; 0x716e <TwoWire::write(unsigned char)>
/tmp/claude-1000/-home-ngranado-code-AlphaClock/a04e4601-07d0-434a-ba88-eb280e7d56e2/scratchpad/ard/libraries/DS1307RTC/DS1307RTC.cpp:111
  Wire.write(dec2bcd(tm.Month));
    7274:	8e 81       	ldd	r24, Y+6	; 0x06
dec2bcd():
/tmp/claude-1000/-home-ngranado-code-AlphaClock/a04e4601-07d0-434a-ba88-eb280e7d56e2/scratchpad/ard/libraries/DS1307RTC/DS1307RTC.cpp:206
// PRIVATE FUNCTIONS

// Convert Decimal to Binary Coded Decimal (BCD)
uint8_t DS1307RTC::dec2bcd(uint8_t num)
{
  return ((num/10 * 16) + (num % 10));
    7276:	61 2f       	mov	r22, r17
    7278:	0e 94 84 56 	call	0xad08	; 0xad08 <__udivmodqi4>
    727c:	82 95       	swap	r24
    727e:	80 7f       	andi	r24, 0xF0	; 240
    7280:	68 2f       	mov	r22, r24
    7282:	69 0f       	add	r22, r25
write():
/tmp/claude-1000/-home-ngranado-code-AlphaClock/a04e4601-07d0-434a-ba88-eb280e7d56e2/scratchpad/ard/libraries/DS1307RTC/DS1307RTC.cpp:111
  Wire.write((uint8_t)0x80); // Stop the clock. The seconds will be written last
  Wire.write(dec2bcd(tm.Minute));
  Wire.write(dec2bcd(tm.Hour));      // sets 24 hour format
  Wire.write(dec2bcd(tm.Wday));   
  Wire.write(dec2bcd(tm.Day));
  Wire.write(dec2bcd(tm.Month));
    7284:	8f ee       	ldi	r24, 0xEF	; 239
    7286:	98 e0       	ldi	r25, 0x08	; 8
    7288:	0e 94 b7 38 	call	0x716e	; 0x716e <TwoWire::write(unsigned char)>
/tmp/claude-1000/-home-ngranado-code-AlphaClock/a04e4601-07d0-434a-ba88-eb280e7d56e2/scratchpad/ard/libraries/DS1307RTC/DS1307RTC.cpp:112
  Wire.write(dec2bcd(tmYearToY2k(tm.Year))); 
    728c:	8f 81       	ldd	r24, Y+7	; 0x07
    728e:	8e 51       	subi	r24, 0x1E	; 30
dec2bcd():
/tmp/claude-1000/-home-ngranado-code-AlphaClock/a04e4601-07d0-434a-ba88-eb280e7d56e2/scratchpad/ard/libraries/DS1307RTC/DS1307RTC.cpp:206
// PRIVATE FUNCTIONS

// Convert Decimal to Binary Coded Decimal (BCD)
uint8_t DS1307RTC::dec2bcd(uint8_t num)
{
  return ((num/10 * 16) + (num % 10));
    7290:	61 2f       	mov	r22, r17
    7292:	0e 94 84 56 	call	0xad08	; 0xad08 <__udivmodqi4>
    7296:	82 95       	swap	r24
    7298:	80 7f       	andi	r24, 0xF0	; 240
    729a:	68 2f       	mov	r22, r24
    729c:	69 0f       	add	r22, r25
write():
/tmp/claude-1000/-home-ngranado-code-AlphaClock/a04e4601-07d0-434a-ba88-eb280e7d56e2/scratchpad/ard/libraries/DS1307RTC/DS1307RTC.cpp:112
  Wire.write(dec2bcd(tm.Minute));
  Wire.write(dec2bcd(tm.Hour));      // sets 24 hour format
  Wire.write(dec2bcd(tm.Wday));   
  Wire.write(dec2bcd(tm.Day));
  Wire.write(dec2bcd(tm.Month));
  Wire.write(dec2bcd(tmYearToY2k(tm.Year))); 
    729e:	8f ee       	ldi	r24, 0xEF	; 239
    72a0:	98 e0       	ldi	r25, 0x08	; 8
    72a2:	0e 94 b7 38 	call	0x716e	; 0x716e <TwoWire::write(unsigned char)>
endTransmission():
/tmp/claude-1000/-home-ngranado-code-AlphaClock/a04e4601-07d0-434a-ba88-eb280e7d56e2/scratchpad/a15/packages/MightyCore/hardware/avr/3.1.0/libraries/Wire/src/Wire.cpp:239
//  This provides backwards compatibility with the original
//  definition, and expected behaviour, of endTransmission
//
uint8_t TwoWire::endTransmission(void)
{
  return endTransmission(true);
    72a6:	81 e0       	ldi	r24, 0x01	; 1
    72a8:	0e 94 0f 34 	call	0x681e	; 0x681e <TwoWire::endTransmission(unsigned char) [clone .constprop.31]>
write():
/tmp/claude-1000/-home-ngranado-code-AlphaClock/a04e4601-07d0-434a-ba88-eb280e7d56e2/scratchpad/ard/libraries/DS1307RTC/DS1307RTC.cpp:123
  Wire.send(dec2bcd(tm.Wday));   
  Wire.send(dec2bcd(tm.Day));
  Wire.send(dec2bcd(tm.Month));
  Wire.send(dec2bcd(tmYearToY2k(tm.Year)));   
#endif
  if (Wire.endTransmission() != 0) {
    72ac:	81 11       	cpse	r24, r1
    72ae:	1c c0       	rjmp	.+56     	; 0x72e8 <DS1307RTC::set(unsigned long)+0x11c>
beginTransmission():
/tmp/claude-1000/-home-ngranado-code-AlphaClock/a04e4601-07d0-434a-ba88-eb280e7d56e2/scratchpad/a15/packages/MightyCore/hardware/avr/3.1.0/libraries/Wire/src/Wire.cpp:196
}

void TwoWire::beginTransmission(uint8_t address)
{
  // indicate that we are transmitting
  transmitting = 1;
    72b0:	00 93 88 07 	sts	0x0788, r16	; 0x800788 <TwoWire::transmitting>
/tmp/claude-1000/-home-ngranado-code-AlphaClock/a04e4601-07d0-434a-ba88-eb280e7d56e2/scratchpad/a15/packages/MightyCore/hardware/avr/3.1.0/libraries/Wire/src/Wire.cpp:200
  // set address of targeted slave
  txAddress = address;
  // reset tx buffer iterator vars
  txBufferIndex = 0;
    72b4:	10 92 ec 08 	sts	0x08EC, r1	; 0x8008ec <TwoWire::txBufferIndex>
/tmp/claude-1000/-home-ngranado-code-AlphaClock/a04e4601-07d0-434a-ba88-eb280e7d56e2/scratchpad/a15/packages/MightyCore/hardware/avr/3.1.0/libraries/Wire/src/Wire.cpp:201
  txBufferLength = 0;
    72b8:	10 92 eb 08 	sts	0x08EB, r1	; 0x8008eb <TwoWire::txBufferLength>
write():
/tmp/claude-1000/-home-ngranado-code-AlphaClock/a04e4601-07d0-434a-ba88-eb280e7d56e2/scratchpad/ard/libraries/DS1307RTC/DS1307RTC.cpp:132
  exists = true;

  // Now go back and set the seconds, starting the clock back up as a side effect
  Wire.beginTransmission(DS1307_CTRL_ID);
#if ARDUINO >= 100  
  Wire.write((uint8_t)0x00); // reset register pointer  
    72bc:	60 e0       	ldi	r22, 0x00	; 0
    72be:	8f ee       	ldi	r24, 0xEF	; 239
    72c0:	98 e0       	ldi	r25, 0x08	; 8
    72c2:	0e 94 b7 38 	call	0x716e	; 0x716e <TwoWire::write(unsigned char)>
/tmp/claude-1000/-home-ngranado-code-AlphaClock/a04e4601-07d0-434a-ba88-eb280e7d56e2/scratchpad/ard/libraries/DS1307RTC/DS1307RTC.cpp:133
  Wire.write(dec2bcd(tm.Second)); // write the seconds, with the stop bit clear to restart
    72c6:	89 81       	ldd	r24, Y+1	; 0x01
dec2bcd():
/tmp/claude-1000/-home-ngranado-code-AlphaClock/a04e4601-07d0-434a-ba88-eb280e7d56e2/scratchpad/ard/libraries/DS1307RTC/DS1307RTC.cpp:206
// PRIVATE FUNCTIONS

// Convert Decimal to Binary Coded Decimal (BCD)
uint8_t DS1307RTC::dec2bcd(uint8_t num)
{
  return ((num/10 * 16) + (num % 10));
    72c8:	61 2f       	mov	r22, r17
    72ca:	0e 94 84 56 	call	0xad08	; 0xad08 <__udivmodqi4>
    72ce:	82 95       	swap	r24
    72d0:	80 7f       	andi	r24, 0xF0	; 240
    72d2:	68 2f       	mov	r22, r24
    72d4:	69 0f       	add	r22, r25
write():
/tmp/claude-1000/-home-ngranado-code-AlphaClock/a04e4601-07d0-434a-ba88-eb280e7d56e2/scratchpad/ard/libraries/DS1307RTC/DS1307RTC.cpp:133

  // Now go back and set the seconds, starting the clock back up as a side effect
  Wire.beginTransmission(DS1307_CTRL_ID);
#if ARDUINO >= 100  
  Wire.write((uint8_t)0x00); // reset register pointer  
  Wire.write(dec2bcd(tm.Second)); // write the seconds, with the stop bit clear to restart
    72d6:	8f ee       	ldi	r24, 0xEF	; 239
    72d8:	98 e0       	ldi	r25, 0x08	; 8
    72da:	0e 94 b7 38 	call	0x716e	; 0x716e <TwoWire::write(unsigned char)>
endTransmission():
/tmp/claude-1000/-home-ngranado-code-AlphaClock/a04e4601-07d0-434a-ba88-eb280e7d56e2/scratchpad/a15/packages/MightyCore/hardware/avr/3.1.0/libraries/Wire/src/Wire.cpp:239
//  This provides backwards compatibility with the original
//  definition, and expected behaviour, of endTransmission
//
uint8_t TwoWire::endTransmission(void)
{
  return endTransmission(true);
    72de:	81 e0       	ldi	r24, 0x01	; 1
    72e0:	0e 94 0f 34 	call	0x681e	; 0x681e <TwoWire::endTransmission(unsigned char) [clone .constprop.31]>
write():
/tmp/claude-1000/-home-ngranado-code-AlphaClock/a04e4601-07d0-434a-ba88-eb280e7d56e2/scratchpad/ard/libraries/DS1307RTC/DS1307RTC.cpp:138
#else  
  Wire.send(0x00); // reset register pointer  
  Wire.send(dec2bcd(tm.Second)); // write the seconds, with the stop bit clear to restart
#endif
  if (Wire.endTransmission() != 0) {
    72e4:	91 e0       	ldi	r25, 0x01	; 1
    72e6:	81 11       	cpse	r24, r1
set():
/tmp/claude-1000/-home-ngranado-code-AlphaClock/a04e4601-07d0-434a-ba88-eb280e7d56e2/scratchpad/ard/libraries/DS1307RTC/DS1307RTC.cpp:125
  Wire.send(dec2bcd(tm.Month));
  Wire.send(dec2bcd(tmYearToY2k(tm.Year)));   
#endif
  if (Wire.endTransmission() != 0) {
    exists = false;
    return false;
    72e8:	90 e0       	ldi	r25, 0x00	; 0
/tmp/claude-1000/-home-ngranado-code-AlphaClock/a04e4601-07d0-434a-ba88-eb280e7d56e2/scratchpad/ard/libraries/DS1307RTC/DS1307RTC.cpp:54
bool DS1307RTC::set(time_t t)
{
  tmElements_t tm;
  breakTime(t, tm);
  return write(tm); 
}
    72ea:	89 2f       	mov	r24, r25
    72ec:	27 96       	adiw	r28, 0x07	; 7
    72ee:	0f b6       	in	r0, 0x3f	; 63
    72f0:	f8 94       	cli
    72f2:	de bf       	out	0x3e, r29	; 62
    72f4:	0f be       	out	0x3f, r0	; 63
    72f6:	cd bf       	out	0x3d, r28	; 61
    72f8:	df 91       	pop	r29
    72fa:	cf 91       	pop	r28
    72fc:	1f 91       	pop	r17
    72fe:	0f 91       	pop	r16
    7300:	08 95       	ret

00007302 <Print::availableForWrite()>:
availableForWrite():
/tmp/claude-1000/-home-ngranado-code-AlphaClock/a04e4601-07d0-434a-ba88-eb280e7d56e2/scratchpad/a15/packages/MightyCore/hardware/avr/3.1.0/cores/MCUdude_corefiles/Print.h:63
      return write((const uint8_t *)buffer, size);
    }

    // default to zero, meaning "a single write may block"
    // should be overriden by subclasses with buffering
    virtual int availableForWrite() { return 0; }
    7302:	90 e0       	ldi	r25, 0x00	; 0
    7304:	80 e0       	ldi	r24, 0x00	; 0
    7306:	08 95       	ret

00007308 <a5noTone()>:
a5noTone():
/home/ngranado/code/AlphaClock/alphafive/alphafive.cpp:837
}


void a5noTone (void)
{
    PORTD |= 32; // Set the speaker's I/O pin high
    7308:	5d 9a       	sbi	0x0b, 5	; 11
/home/ngranado/code/AlphaClock/alphafive/alphafive.cpp:838
    TCCR1A = 0;  // Disconnect timer from the I/O pin
    730a:	10 92 80 00 	sts	0x0080, r1	; 0x800080 <__DATA_REGION_ORIGIN__+0x20>
/home/ngranado/code/AlphaClock/alphafive/alphafive.cpp:839
    bitWrite(TIMSK1, OCIE1A, 0);  // Disable timer interrupt
    730e:	ef e6       	ldi	r30, 0x6F	; 111
    7310:	f0 e0       	ldi	r31, 0x00	; 0
    7312:	80 81       	ld	r24, Z
    7314:	8d 7f       	andi	r24, 0xFD	; 253
    7316:	80 83       	st	Z, r24
/home/ngranado/code/AlphaClock/alphafive/alphafive.cpp:840
}
    7318:	08 95       	ret

0000731a <a5tone(unsigned int, unsigned long)>:
a5tone():
/home/ngranado/code/AlphaClock/alphafive/alphafive.cpp:786
// A special case, for our available speaker pin, and using hardware PWM. :)
// frequency (in hertz) and duration (in milliseconds).
// Also, add zero-frequency case: Silent delay of specified period.

void a5tone(unsigned int frequency, unsigned long duration)
{
    731a:	8f 92       	push	r8
    731c:	9f 92       	push	r9
    731e:	af 92       	push	r10
    7320:	bf 92       	push	r11
    7322:	cf 92       	push	r12
    7324:	df 92       	push	r13
    7326:	ef 92       	push	r14
    7328:	ff 92       	push	r15
    732a:	cf 93       	push	r28
    732c:	9c 01       	movw	r18, r24
    732e:	cb 01       	movw	r24, r22
    7330:	ba 01       	movw	r22, r20
/home/ngranado/code/AlphaClock/alphafive/alphafive.cpp:792
    long toggle_count = 0;
    uint32_t ocr = 0;
    byte TCCR1Atemp = 0;
    byte TCCR1Btemp = 0;
    
     if (frequency > 0) 
    7332:	21 15       	cp	r18, r1
    7334:	31 05       	cpc	r19, r1
    7336:	09 f4       	brne	.+2      	; 0x733a <a5tone(unsigned int, unsigned long)+0x20>
    7338:	49 c0       	rjmp	.+146    	; 0x73cc <a5tone(unsigned int, unsigned long)+0xb2>
/home/ngranado/code/AlphaClock/alphafive/alphafive.cpp:794
    {
        TCCR1Atemp = _BV(COM1A0);
    733a:	c0 e4       	ldi	r28, 0x40	; 64
/home/ngranado/code/AlphaClock/alphafive/alphafive.cpp:799
    } 
    
    // Fixed scale for the 16 bit timer: ck/8 
    
    if (frequency > 15000L)
    733c:	29 39       	cpi	r18, 0x99	; 153
    733e:	4a e3       	ldi	r20, 0x3A	; 58
    7340:	34 07       	cpc	r19, r20
    7342:	08 f0       	brcs	.+2      	; 0x7346 <a5tone(unsigned int, unsigned long)+0x2c>
    7344:	45 c0       	rjmp	.+138    	; 0x73d0 <a5tone(unsigned int, unsigned long)+0xb6>
    7346:	20 31       	cpi	r18, 0x10	; 16
    7348:	31 05       	cpc	r19, r1
    734a:	10 f4       	brcc	.+4      	; 0x7350 <a5tone(unsigned int, unsigned long)+0x36>
    734c:	20 e1       	ldi	r18, 0x10	; 16
    734e:	30 e0       	ldi	r19, 0x00	; 0
/home/ngranado/code/AlphaClock/alphafive/alphafive.cpp:814
    TCCR1Btemp = (_BV(WGM12) | _BV(CS11));
    
    // Calculate the toggle count
    if (duration > 0)
    {
        toggle_count = 2 * (frequency * duration / 1000); 
    7350:	69 01       	movw	r12, r18
    7352:	f1 2c       	mov	r15, r1
    7354:	e1 2c       	mov	r14, r1
    7356:	a7 01       	movw	r20, r14
    7358:	0e 94 74 56 	call	0xace8	; 0xace8 <__mulsi3>
    735c:	28 ee       	ldi	r18, 0xE8	; 232
    735e:	33 e0       	ldi	r19, 0x03	; 3
    7360:	40 e0       	ldi	r20, 0x00	; 0
    7362:	50 e0       	ldi	r21, 0x00	; 0
    7364:	0e 94 43 56 	call	0xac86	; 0xac86 <__udivmodsi4>
    7368:	49 01       	movw	r8, r18
    736a:	5a 01       	movw	r10, r20
    736c:	88 0c       	add	r8, r8
    736e:	99 1c       	adc	r9, r9
    7370:	aa 1c       	adc	r10, r10
    7372:	bb 1c       	adc	r11, r11
/home/ngranado/code/AlphaClock/alphafive/alphafive.cpp:825
    
    // Set the OCR for the given timer,
    // set the toggle count,
    // then turn on the interrupts
    
    TCCR1A = TCCR1Atemp;
    7374:	c0 93 80 00 	sts	0x0080, r28	; 0x800080 <__DATA_REGION_ORIGIN__+0x20>
/home/ngranado/code/AlphaClock/alphafive/alphafive.cpp:826
    TCCR1B = TCCR1Btemp;
    7378:	8a e0       	ldi	r24, 0x0A	; 10
    737a:	80 93 81 00 	sts	0x0081, r24	; 0x800081 <__DATA_REGION_ORIGIN__+0x21>
/home/ngranado/code/AlphaClock/alphafive/alphafive.cpp:806
    
    if (frequency < 16)
        frequency = 16;   // Min 16 Hz
    
    // ocr = F_CPU / frequency / 2 / 8 - 1; 
    ocr = 1000000L / frequency - 1;
    737e:	60 e4       	ldi	r22, 0x40	; 64
    7380:	72 e4       	ldi	r23, 0x42	; 66
    7382:	8f e0       	ldi	r24, 0x0F	; 15
    7384:	90 e0       	ldi	r25, 0x00	; 0
    7386:	a7 01       	movw	r20, r14
    7388:	96 01       	movw	r18, r12
    738a:	0e 94 11 56 	call	0xac22	; 0xac22 <__divmodsi4>
    738e:	21 50       	subi	r18, 0x01	; 1
    7390:	31 09       	sbc	r19, r1
    7392:	41 09       	sbc	r20, r1
    7394:	51 09       	sbc	r21, r1
/home/ngranado/code/AlphaClock/alphafive/alphafive.cpp:827
    // set the toggle count,
    // then turn on the interrupts
    
    TCCR1A = TCCR1Atemp;
    TCCR1B = TCCR1Btemp;
    OCR1A = ocr;
    7396:	30 93 89 00 	sts	0x0089, r19	; 0x800089 <__DATA_REGION_ORIGIN__+0x29>
    739a:	20 93 88 00 	sts	0x0088, r18	; 0x800088 <__DATA_REGION_ORIGIN__+0x28>
/home/ngranado/code/AlphaClock/alphafive/alphafive.cpp:829
    
    a5_timer1_toggle_count = toggle_count;
    739e:	80 92 39 06 	sts	0x0639, r8	; 0x800639 <a5_timer1_toggle_count>
    73a2:	90 92 3a 06 	sts	0x063A, r9	; 0x80063a <a5_timer1_toggle_count+0x1>
    73a6:	a0 92 3b 06 	sts	0x063B, r10	; 0x80063b <a5_timer1_toggle_count+0x2>
    73aa:	b0 92 3c 06 	sts	0x063C, r11	; 0x80063c <a5_timer1_toggle_count+0x3>
/home/ngranado/code/AlphaClock/alphafive/alphafive.cpp:830
    bitWrite(TIMSK1, OCIE1A, 1);
    73ae:	80 91 6f 00 	lds	r24, 0x006F	; 0x80006f <__DATA_REGION_ORIGIN__+0xf>
    73b2:	82 60       	ori	r24, 0x02	; 2
    73b4:	80 93 6f 00 	sts	0x006F, r24	; 0x80006f <__DATA_REGION_ORIGIN__+0xf>
/home/ngranado/code/AlphaClock/alphafive/alphafive.cpp:832
    
}
    73b8:	cf 91       	pop	r28
    73ba:	ff 90       	pop	r15
    73bc:	ef 90       	pop	r14
    73be:	df 90       	pop	r13
    73c0:	cf 90       	pop	r12
    73c2:	bf 90       	pop	r11
    73c4:	af 90       	pop	r10
    73c6:	9f 90       	pop	r9
    73c8:	8f 90       	pop	r8
    73ca:	08 95       	ret
/home/ngranado/code/AlphaClock/alphafive/alphafive.cpp:789

void a5tone(unsigned int frequency, unsigned long duration)
{
    long toggle_count = 0;
    uint32_t ocr = 0;
    byte TCCR1Atemp = 0;
    73cc:	c0 e0       	ldi	r28, 0x00	; 0
    73ce:	bb cf       	rjmp	.-138    	; 0x7346 <a5tone(unsigned int, unsigned long)+0x2c>
/home/ngranado/code/AlphaClock/alphafive/alphafive.cpp:800
    } 
    
    // Fixed scale for the 16 bit timer: ck/8 
    
    if (frequency > 15000L)
        frequency = 15000L;   // Max 15 kHz
    73d0:	28 e9       	ldi	r18, 0x98	; 152
    73d2:	3a e3       	ldi	r19, 0x3A	; 58
    73d4:	bd cf       	rjmp	.-134    	; 0x7350 <a5tone(unsigned int, unsigned long)+0x36>

000073d6 <a5clearOSB()>:
a5clearOSB():
/home/ngranado/code/AlphaClock/alphafive/alphafive.cpp:724




void a5clearOSB (void)
{ // Empty off-screen video buffer.
    73d6:	ef ed       	ldi	r30, 0xDF	; 223
    73d8:	f5 e0       	ldi	r31, 0x05	; 5
/home/ngranado/code/AlphaClock/alphafive/alphafive.cpp:729
    // Execution time: ~74 us, assuming that refresh interrupt is enabled.
    
    byte i = 0;
    do {
        a5_OSB[i++] = 0;
    73da:	11 92       	st	Z+, r1
/home/ngranado/code/AlphaClock/alphafive/alphafive.cpp:731
    }
    while (i < a5_VIDBUFLENGTH);
    73dc:	86 e0       	ldi	r24, 0x06	; 6
    73de:	e9 33       	cpi	r30, 0x39	; 57
    73e0:	f8 07       	cpc	r31, r24
    73e2:	d9 f7       	brne	.-10     	; 0x73da <a5clearOSB()+0x4>
/home/ngranado/code/AlphaClock/alphafive/alphafive.cpp:732
}
    73e4:	08 95       	ret

000073e6 <a5loadOSB_DP(char*, unsigned char)>:
a5loadOSB_DP():
/home/ngranado/code/AlphaClock/alphafive/alphafive.cpp:640




void a5loadOSB_DP (char WordIn[], byte BrightIn)
{
    73e6:	ac 01       	movw	r20, r24
    73e8:	dc 01       	movw	r26, r24
    73ea:	15 96       	adiw	r26, 0x05	; 5
    73ec:	ef ed       	ldi	r30, 0xDF	; 223
    73ee:	f5 e0       	ldi	r31, 0x05	; 5
/home/ngranado/code/AlphaClock/alphafive/alphafive.cpp:664
    byte segment;
    char theLetter;
    byte j = 0;
    while (j < 5)
    {
        theLetter = WordIn[4 - j];
    73f0:	9e 91       	ld	r25, -X
/home/ngranado/code/AlphaClock/alphafive/alphafive.cpp:667
        segment = (j * 18) + 6;
        
        if ((theLetter == '1') || (theLetter == '3'))
    73f2:	89 2f       	mov	r24, r25
    73f4:	8d 7f       	andi	r24, 0xFD	; 253
    73f6:	81 33       	cpi	r24, 0x31	; 49
    73f8:	19 f4       	brne	.+6      	; 0x7400 <a5loadOSB_DP(char*, unsigned char)+0x1a>
/home/ngranado/code/AlphaClock/alphafive/alphafive.cpp:669
        {
            a5_OSB[segment] += BrightIn;
    73fa:	26 81       	ldd	r18, Z+6	; 0x06
    73fc:	26 0f       	add	r18, r22
    73fe:	26 83       	std	Z+6, r18	; 0x06
/home/ngranado/code/AlphaClock/alphafive/alphafive.cpp:672
        }
        
        if ((theLetter == '2') || (theLetter == '3'))
    7400:	92 53       	subi	r25, 0x32	; 50
    7402:	92 30       	cpi	r25, 0x02	; 2
    7404:	18 f4       	brcc	.+6      	; 0x740c <a5loadOSB_DP(char*, unsigned char)+0x26>
/home/ngranado/code/AlphaClock/alphafive/alphafive.cpp:675
        {
            segment++;
            a5_OSB[segment] += BrightIn;
    7406:	97 81       	ldd	r25, Z+7	; 0x07
    7408:	96 0f       	add	r25, r22
    740a:	97 83       	std	Z+7, r25	; 0x07
    740c:	72 96       	adiw	r30, 0x12	; 18
/home/ngranado/code/AlphaClock/alphafive/alphafive.cpp:662
     */
    
    byte segment;
    char theLetter;
    byte j = 0;
    while (j < 5)
    740e:	a4 17       	cp	r26, r20
    7410:	b5 07       	cpc	r27, r21
    7412:	71 f7       	brne	.-36     	; 0x73f0 <a5loadOSB_DP(char*, unsigned char)+0xa>
/home/ngranado/code/AlphaClock/alphafive/alphafive.cpp:679
            segment++;
            a5_OSB[segment] += BrightIn;
        }
        j++;
    }
}
    7414:	08 95       	ret

00007416 <a5loadOSB_Ascii(char*, unsigned char)>:
a5loadOSB_Ascii():
/home/ngranado/code/AlphaClock/alphafive/alphafive.cpp:581
    }
}
 

void a5loadOSB_Ascii (char WordIn[], byte BrightIn)
{
    7416:	ff 92       	push	r15
    7418:	0f 93       	push	r16
    741a:	1f 93       	push	r17
    741c:	cf 93       	push	r28
    741e:	df 93       	push	r29
    7420:	ec 01       	movw	r28, r24
    7422:	25 96       	adiw	r28, 0x05	; 5
    7424:	af ed       	ldi	r26, 0xDF	; 223
    7426:	b5 e0       	ldi	r27, 0x05	; 5
    7428:	92 e1       	ldi	r25, 0x12	; 18
    742a:	8e ee       	ldi	r24, 0xEE	; 238
    742c:	89 0f       	add	r24, r25
/home/ngranado/code/AlphaClock/alphafive/alphafive.cpp:594
    byte i;
    byte j = 0;
    
    while (j < 5)
    {
        alphaPosTemp = 3 * (WordIn[4 - j] - a5_asciiOffset );
    742e:	ea 91       	ld	r30, -Y
    7430:	0e 2e       	mov	r0, r30
    7432:	00 0c       	add	r0, r0
    7434:	ff 0b       	sbc	r31, r31
    7436:	9f 01       	movw	r18, r30
    7438:	20 52       	subi	r18, 0x20	; 32
    743a:	31 09       	sbc	r19, r1
    743c:	e2 2f       	mov	r30, r18
    743e:	ee 0f       	add	r30, r30
    7440:	0e 2f       	mov	r16, r30
    7442:	02 0f       	add	r16, r18
/home/ngranado/code/AlphaClock/alphafive/alphafive.cpp:595
        letterByteTemp = a5_FontTable[alphaPosTemp++];
    7444:	21 e0       	ldi	r18, 0x01	; 1
    7446:	20 0f       	add	r18, r16
    7448:	40 2f       	mov	r20, r16
    744a:	50 e0       	ldi	r21, 0x00	; 0
    744c:	40 50       	subi	r20, 0x00	; 0
    744e:	5f 4f       	sbci	r21, 0xFF	; 255
    7450:	fa 01       	movw	r30, r20
    7452:	10 81       	ld	r17, Z
    7454:	36 ef       	ldi	r19, 0xF6	; 246
    7456:	f3 2e       	mov	r15, r19
    7458:	f9 0e       	add	r15, r25
/home/ngranado/code/AlphaClock/alphafive/alphafive.cpp:597
        
        i = 1;
    745a:	31 e0       	ldi	r19, 0x01	; 1
/home/ngranado/code/AlphaClock/alphafive/alphafive.cpp:599
        do {
            if (letterByteTemp & i)
    745c:	43 2f       	mov	r20, r19
    745e:	41 23       	and	r20, r17
    7460:	41 f0       	breq	.+16     	; 0x7472 <a5loadOSB_Ascii(char*, unsigned char)+0x5c>
/home/ngranado/code/AlphaClock/alphafive/alphafive.cpp:601
            {
                a5_OSB[segment] += BrightIn;
    7462:	48 2f       	mov	r20, r24
    7464:	50 e0       	ldi	r21, 0x00	; 0
    7466:	41 52       	subi	r20, 0x21	; 33
    7468:	5a 4f       	sbci	r21, 0xFA	; 250
    746a:	fa 01       	movw	r30, r20
    746c:	70 81       	ld	r23, Z
    746e:	76 0f       	add	r23, r22
    7470:	70 83       	st	Z, r23
/home/ngranado/code/AlphaClock/alphafive/alphafive.cpp:603
            }
            segment++;
    7472:	8f 5f       	subi	r24, 0xFF	; 255
/home/ngranado/code/AlphaClock/alphafive/alphafive.cpp:604
            i = i << 1;
    7474:	33 0f       	add	r19, r19
/home/ngranado/code/AlphaClock/alphafive/alphafive.cpp:606
        }
        while (i != 0);
    7476:	8f 11       	cpse	r24, r15
    7478:	f1 cf       	rjmp	.-30     	; 0x745c <a5loadOSB_Ascii(char*, unsigned char)+0x46>
/home/ngranado/code/AlphaClock/alphafive/alphafive.cpp:608
        
        letterByteTemp = a5_FontTable[alphaPosTemp++];
    747a:	0e 5f       	subi	r16, 0xFE	; 254
    747c:	30 e0       	ldi	r19, 0x00	; 0
    747e:	20 50       	subi	r18, 0x00	; 0
    7480:	3f 4f       	sbci	r19, 0xFF	; 255
    7482:	f9 01       	movw	r30, r18
    7484:	20 81       	ld	r18, Z
/home/ngranado/code/AlphaClock/alphafive/alphafive.cpp:609
        if (letterByteTemp & 1)
    7486:	20 ff       	sbrs	r18, 0
    7488:	07 c0       	rjmp	.+14     	; 0x7498 <a5loadOSB_Ascii(char*, unsigned char)+0x82>
/home/ngranado/code/AlphaClock/alphafive/alphafive.cpp:611
        {
            a5_OSB[segment] += BrightIn;
    748a:	18 96       	adiw	r26, 0x08	; 8
    748c:	8c 91       	ld	r24, X
    748e:	18 97       	sbiw	r26, 0x08	; 8
    7490:	86 0f       	add	r24, r22
    7492:	18 96       	adiw	r26, 0x08	; 8
    7494:	8c 93       	st	X, r24
    7496:	18 97       	sbiw	r26, 0x08	; 8
/home/ngranado/code/AlphaClock/alphafive/alphafive.cpp:615
        }
        segment++ ;
        
        if (letterByteTemp & 2)
    7498:	21 ff       	sbrs	r18, 1
    749a:	07 c0       	rjmp	.+14     	; 0x74aa <a5loadOSB_Ascii(char*, unsigned char)+0x94>
/home/ngranado/code/AlphaClock/alphafive/alphafive.cpp:617
        {
            a5_OSB[segment] += BrightIn;
    749c:	19 96       	adiw	r26, 0x09	; 9
    749e:	8c 91       	ld	r24, X
    74a0:	19 97       	sbiw	r26, 0x09	; 9
    74a2:	86 0f       	add	r24, r22
    74a4:	19 96       	adiw	r26, 0x09	; 9
    74a6:	8c 93       	st	X, r24
    74a8:	19 97       	sbiw	r26, 0x09	; 9
    74aa:	28 ef       	ldi	r18, 0xF8	; 248
    74ac:	29 0f       	add	r18, r25
/home/ngranado/code/AlphaClock/alphafive/alphafive.cpp:621
        }
        segment++ ;
        
        letterByteTemp = a5_FontTable[alphaPosTemp];
    74ae:	e0 2f       	mov	r30, r16
    74b0:	f0 e0       	ldi	r31, 0x00	; 0
    74b2:	e0 50       	subi	r30, 0x00	; 0
    74b4:	ff 4f       	sbci	r31, 0xFF	; 255
    74b6:	40 81       	ld	r20, Z
/home/ngranado/code/AlphaClock/alphafive/alphafive.cpp:622
        i = 1;
    74b8:	81 e0       	ldi	r24, 0x01	; 1
/home/ngranado/code/AlphaClock/alphafive/alphafive.cpp:624
        do {
            if (letterByteTemp & i)
    74ba:	38 2f       	mov	r19, r24
    74bc:	34 23       	and	r19, r20
    74be:	39 f0       	breq	.+14     	; 0x74ce <a5loadOSB_Ascii(char*, unsigned char)+0xb8>
/home/ngranado/code/AlphaClock/alphafive/alphafive.cpp:626
            {
                a5_OSB[segment] += BrightIn;
    74c0:	e2 2f       	mov	r30, r18
    74c2:	f0 e0       	ldi	r31, 0x00	; 0
    74c4:	e1 52       	subi	r30, 0x21	; 33
    74c6:	fa 4f       	sbci	r31, 0xFA	; 250
    74c8:	30 81       	ld	r19, Z
    74ca:	36 0f       	add	r19, r22
    74cc:	30 83       	st	Z, r19
/home/ngranado/code/AlphaClock/alphafive/alphafive.cpp:628
            }
            segment++;
    74ce:	2f 5f       	subi	r18, 0xFF	; 255
/home/ngranado/code/AlphaClock/alphafive/alphafive.cpp:629
            i = i << 1;
    74d0:	88 0f       	add	r24, r24
/home/ngranado/code/AlphaClock/alphafive/alphafive.cpp:631
        }
        while (i != 0); 
    74d2:	29 13       	cpse	r18, r25
    74d4:	f2 cf       	rjmp	.-28     	; 0x74ba <a5loadOSB_Ascii(char*, unsigned char)+0xa4>
    74d6:	92 e1       	ldi	r25, 0x12	; 18
    74d8:	92 0f       	add	r25, r18
    74da:	52 96       	adiw	r26, 0x12	; 18
/home/ngranado/code/AlphaClock/alphafive/alphafive.cpp:592
    byte letterByteTemp;
    byte segment = 0;
    byte i;
    byte j = 0;
    
    while (j < 5)
    74dc:	9c 36       	cpi	r25, 0x6C	; 108
    74de:	09 f0       	breq	.+2      	; 0x74e2 <a5loadOSB_Ascii(char*, unsigned char)+0xcc>
    74e0:	a4 cf       	rjmp	.-184    	; 0x742a <a5loadOSB_Ascii(char*, unsigned char)+0x14>
/home/ngranado/code/AlphaClock/alphafive/alphafive.cpp:634
            i = i << 1;
        }
        while (i != 0); 
        j++;
    }
}
    74e2:	df 91       	pop	r29
    74e4:	cf 91       	pop	r28
    74e6:	1f 91       	pop	r17
    74e8:	0f 91       	pop	r16
    74ea:	ff 90       	pop	r15
    74ec:	08 95       	ret

000074ee <a5LoadNextFadeStage()>:
a5LoadNextFadeStage():
/home/ngranado/code/AlphaClock/alphafive/alphafive.cpp:525
    while (i > 0);
}


void a5LoadNextFadeStage (void)
{
    74ee:	0f 93       	push	r16
    74f0:	1f 93       	push	r17
    74f2:	cf 93       	push	r28
    74f4:	df 93       	push	r29
/home/ngranado/code/AlphaClock/alphafive/alphafive.cpp:531
    // If a fade is presently in progress, update the OSB with the next iteration.
    // usage:
    // a5LoadNextFadeStage();  // Calculate next fade iteration
    // a5loadVidBuf_fromOSB();  // Load next fade iteration to video display
      
    if (a5_FadeStage >= 0){
    74f6:	90 91 48 07 	lds	r25, 0x0748	; 0x800748 <a5_FadeStage>
    74fa:	97 fd       	sbrc	r25, 7
    74fc:	1e c0       	rjmp	.+60     	; 0x753a <a5LoadNextFadeStage()+0x4c>
/home/ngranado/code/AlphaClock/alphafive/alphafive.cpp:538
        int8_t *fromPtr = &a5_FadeFrom[0];
        int8_t *toPtr = &a5_FadeTo[0];
        int8_t *bufPtr = &a5_OSB[0];     // Current contents of OSB
        byte i = a5_VIDBUFLENGTH;
        
        if (a5_FadeStage < a5_brightLevel) {
    74fe:	80 91 51 07 	lds	r24, 0x0751	; 0x800751 <a5_brightLevel>
    7502:	98 17       	cp	r25, r24
    7504:	7c f5       	brge	.+94     	; 0x7564 <a5LoadNextFadeStage()+0x76>
    7506:	ef ed       	ldi	r30, 0xDF	; 223
    7508:	f5 e0       	ldi	r31, 0x05	; 5
    750a:	a5 e8       	ldi	r26, 0x85	; 133
    750c:	b5 e0       	ldi	r27, 0x05	; 5
    750e:	cb e2       	ldi	r28, 0x2B	; 43
    7510:	d5 e0       	ldi	r29, 0x05	; 5
/home/ngranado/code/AlphaClock/alphafive/alphafive.cpp:554
                    else
                    {*bufPtr++ = segmentBrightnessTo;} 
                }
                else // segmentBrightnessFrom > segmentBrightnessTo
                { 
                    if (segmentBrightnessFrom > (segmentBrightnessTo + a5_FadeStage)) {
    7512:	69 2f       	mov	r22, r25
    7514:	09 2e       	mov	r0, r25
    7516:	00 0c       	add	r0, r0
    7518:	77 0b       	sbc	r23, r23
/home/ngranado/code/AlphaClock/alphafive/alphafive.cpp:541
        byte i = a5_VIDBUFLENGTH;
        
        if (a5_FadeStage < a5_brightLevel) {
            
            do {
                int8_t segmentBrightnessFrom = (*fromPtr++);
    751a:	8d 91       	ld	r24, X+
/home/ngranado/code/AlphaClock/alphafive/alphafive.cpp:542
                int8_t segmentBrightnessTo = (*toPtr++);
    751c:	29 91       	ld	r18, Y+
/home/ngranado/code/AlphaClock/alphafive/alphafive.cpp:544
                
                if (segmentBrightnessTo > segmentBrightnessFrom) {
    751e:	82 17       	cp	r24, r18
    7520:	8c f4       	brge	.+34     	; 0x7544 <a5LoadNextFadeStage()+0x56>
/home/ngranado/code/AlphaClock/alphafive/alphafive.cpp:545
                    int8_t temp = (segmentBrightnessFrom + a5_FadeStage);
    7522:	89 0f       	add	r24, r25
/home/ngranado/code/AlphaClock/alphafive/alphafive.cpp:546
                    if (segmentBrightnessTo > temp) {
    7524:	82 17       	cp	r24, r18
    7526:	e4 f4       	brge	.+56     	; 0x7560 <a5LoadNextFadeStage()+0x72>
/home/ngranado/code/AlphaClock/alphafive/alphafive.cpp:555
                    {*bufPtr++ = segmentBrightnessTo;} 
                }
                else // segmentBrightnessFrom > segmentBrightnessTo
                { 
                    if (segmentBrightnessFrom > (segmentBrightnessTo + a5_FadeStage)) {
                        *bufPtr++ = segmentBrightnessFrom - a5_FadeStage;
    7528:	80 83       	st	Z, r24
    752a:	31 96       	adiw	r30, 0x01	; 1
/home/ngranado/code/AlphaClock/alphafive/alphafive.cpp:562
                    else
                    {*bufPtr++ = segmentBrightnessTo;} 
                }
                i--;
            }
            while (i > 0);
    752c:	85 e0       	ldi	r24, 0x05	; 5
    752e:	af 3d       	cpi	r26, 0xDF	; 223
    7530:	b8 07       	cpc	r27, r24
    7532:	99 f7       	brne	.-26     	; 0x751a <a5LoadNextFadeStage()+0x2c>
/home/ngranado/code/AlphaClock/alphafive/alphafive.cpp:564
            
            a5_FadeStage++;
    7534:	9f 5f       	subi	r25, 0xFF	; 255
    7536:	90 93 48 07 	sts	0x0748, r25	; 0x800748 <a5_FadeStage>
/home/ngranado/code/AlphaClock/alphafive/alphafive.cpp:577
            }
            while (i > 0);
            a5_FadeStage = -1;
        }
    }
}
    753a:	df 91       	pop	r29
    753c:	cf 91       	pop	r28
    753e:	1f 91       	pop	r17
    7540:	0f 91       	pop	r16
    7542:	08 95       	ret
/home/ngranado/code/AlphaClock/alphafive/alphafive.cpp:554
                    else
                    {*bufPtr++ = segmentBrightnessTo;} 
                }
                else // segmentBrightnessFrom > segmentBrightnessTo
                { 
                    if (segmentBrightnessFrom > (segmentBrightnessTo + a5_FadeStage)) {
    7544:	8b 01       	movw	r16, r22
    7546:	02 0f       	add	r16, r18
    7548:	11 1d       	adc	r17, r1
    754a:	27 fd       	sbrc	r18, 7
    754c:	1a 95       	dec	r17
    754e:	48 2f       	mov	r20, r24
    7550:	08 2e       	mov	r0, r24
    7552:	00 0c       	add	r0, r0
    7554:	55 0b       	sbc	r21, r21
    7556:	04 17       	cp	r16, r20
    7558:	15 07       	cpc	r17, r21
    755a:	14 f4       	brge	.+4      	; 0x7560 <a5LoadNextFadeStage()+0x72>
/home/ngranado/code/AlphaClock/alphafive/alphafive.cpp:555
                        *bufPtr++ = segmentBrightnessFrom - a5_FadeStage;
    755c:	89 1b       	sub	r24, r25
    755e:	e4 cf       	rjmp	.-56     	; 0x7528 <a5LoadNextFadeStage()+0x3a>
/home/ngranado/code/AlphaClock/alphafive/alphafive.cpp:558
                    }
                    else
                    {*bufPtr++ = segmentBrightnessTo;} 
    7560:	20 83       	st	Z, r18
    7562:	e3 cf       	rjmp	.-58     	; 0x752a <a5LoadNextFadeStage()+0x3c>
    7564:	eb e2       	ldi	r30, 0x2B	; 43
    7566:	f5 e0       	ldi	r31, 0x05	; 5
    7568:	af ed       	ldi	r26, 0xDF	; 223
    756a:	b5 e0       	ldi	r27, 0x05	; 5
/home/ngranado/code/AlphaClock/alphafive/alphafive.cpp:570
        }
        else { // i.e., if (InverseFadeStage == 0)
            // When we finish the fade, we load the original "to" buffer into OSB.
            
            do {
                *bufPtr++ = *toPtr++;
    756c:	81 91       	ld	r24, Z+
    756e:	8d 93       	st	X+, r24
/home/ngranado/code/AlphaClock/alphafive/alphafive.cpp:573
                i--;
            }
            while (i > 0);
    7570:	85 e0       	ldi	r24, 0x05	; 5
    7572:	e5 38       	cpi	r30, 0x85	; 133
    7574:	f8 07       	cpc	r31, r24
    7576:	d1 f7       	brne	.-12     	; 0x756c <a5LoadNextFadeStage()+0x7e>
/home/ngranado/code/AlphaClock/alphafive/alphafive.cpp:574
            a5_FadeStage = -1;
    7578:	8f ef       	ldi	r24, 0xFF	; 255
    757a:	80 93 48 07 	sts	0x0748, r24	; 0x800748 <a5_FadeStage>
    757e:	dd cf       	rjmp	.-70     	; 0x753a <a5LoadNextFadeStage()+0x4c>

00007580 <a5BeginFadeToOSB()>:
a5BeginFadeToOSB():
/home/ngranado/code/AlphaClock/alphafive/alphafive.cpp:493
    }
    while (i > 0);
}

void a5BeginFadeToOSB (void)
{
    7580:	cf 93       	push	r28
    7582:	df 93       	push	r29
/home/ngranado/code/AlphaClock/alphafive/alphafive.cpp:505
    int8_t *fromPtr = &a5_FadeFrom[0];  // Snapshot of buffer contents that we're fading away from.
    
    int8_t *bufPtr = &a5_OSB[0];     // Current contents of OSB
    int8_t *toPtr = &a5_FadeTo[0];   // Snapshot of buffer contents that we're fading towards.
    
    a5_FadeStage = 0;
    7584:	10 92 48 07 	sts	0x0748, r1	; 0x800748 <a5_FadeStage>
    7588:	e1 ed       	ldi	r30, 0xD1	; 209
    758a:	f4 e0       	ldi	r31, 0x04	; 4
    758c:	85 e8       	ldi	r24, 0x85	; 133
    758e:	95 e0       	ldi	r25, 0x05	; 5
    7590:	cf ed       	ldi	r28, 0xDF	; 223
    7592:	d5 e0       	ldi	r29, 0x05	; 5
    7594:	4b e2       	ldi	r20, 0x2B	; 43
    7596:	55 e0       	ldi	r21, 0x05	; 5
/home/ngranado/code/AlphaClock/alphafive/alphafive.cpp:510
    
    byte i = a5_VIDBUFLENGTH;
    do {
        
        *fromPtr++ = *OldbufPtr++;
    7598:	21 91       	ld	r18, Z+
    759a:	dc 01       	movw	r26, r24
    759c:	2d 93       	st	X+, r18
    759e:	cd 01       	movw	r24, r26
/home/ngranado/code/AlphaClock/alphafive/alphafive.cpp:511
        *toPtr++ = *bufPtr++;
    75a0:	29 91       	ld	r18, Y+
    75a2:	da 01       	movw	r26, r20
    75a4:	2d 93       	st	X+, r18
    75a6:	ad 01       	movw	r20, r26
/home/ngranado/code/AlphaClock/alphafive/alphafive.cpp:520
        //a5_FadeTo[i] = a5_OSB[i];
        //i++;
        
        i--;
    }
    while (i > 0);
    75a8:	b5 e0       	ldi	r27, 0x05	; 5
    75aa:	eb 32       	cpi	r30, 0x2B	; 43
    75ac:	fb 07       	cpc	r31, r27
    75ae:	a1 f7       	brne	.-24     	; 0x7598 <a5BeginFadeToOSB()+0x18>
/home/ngranado/code/AlphaClock/alphafive/alphafive.cpp:521
}
    75b0:	df 91       	pop	r29
    75b2:	cf 91       	pop	r28
    75b4:	08 95       	ret

000075b6 <a5loadVidBuf_fromOSB()>:
a5loadVidBuf_fromOSB():
/home/ngranado/code/AlphaClock/alphafive/alphafive.cpp:467
    while (i > 0);
}


void a5loadVidBuf_fromOSB (void)
{
    75b6:	cf 93       	push	r28
    75b8:	df 93       	push	r29
    75ba:	af ed       	ldi	r26, 0xDF	; 223
    75bc:	b5 e0       	ldi	r27, 0x05	; 5
    75be:	81 ed       	ldi	r24, 0xD1	; 209
    75c0:	94 e0       	ldi	r25, 0x04	; 4
    75c2:	c9 e8       	ldi	r28, 0x89	; 137
    75c4:	d6 e0       	ldi	r29, 0x06	; 6
/home/ngranado/code/AlphaClock/alphafive/alphafive.cpp:479
    byte *vPtr = &a5_vidBuf[0];
    
    byte i = a5_VIDBUFLENGTH;
    do {
        
        *OldbufPtr++ = *bufPtr;
    75c6:	2d 91       	ld	r18, X+
    75c8:	fc 01       	movw	r30, r24
    75ca:	21 93       	st	Z+, r18
    75cc:	cf 01       	movw	r24, r30
/home/ngranado/code/AlphaClock/alphafive/alphafive.cpp:480
        *vPtr++ = a5_BLUT[*bufPtr++];
    75ce:	e2 2f       	mov	r30, r18
    75d0:	22 0f       	add	r18, r18
    75d2:	ff 0b       	sbc	r31, r31
    75d4:	ec 50       	subi	r30, 0x0C	; 12
    75d6:	fe 4f       	sbci	r31, 0xFE	; 254
    75d8:	20 81       	ld	r18, Z
    75da:	29 93       	st	Y+, r18
/home/ngranado/code/AlphaClock/alphafive/alphafive.cpp:489
        //a5vidBuf[i] = a5_BLUT[a5_OSB[i]];
        //i++;
        
        i--;
    }
    while (i > 0);
    75dc:	f6 e0       	ldi	r31, 0x06	; 6
    75de:	a9 33       	cpi	r26, 0x39	; 57
    75e0:	bf 07       	cpc	r27, r31
    75e2:	89 f7       	brne	.-30     	; 0x75c6 <a5loadVidBuf_fromOSB()+0x10>
/home/ngranado/code/AlphaClock/alphafive/alphafive.cpp:490
}
    75e4:	df 91       	pop	r29
    75e6:	cf 91       	pop	r28
    75e8:	08 95       	ret

000075ea <a5loadAltNumbers(signed char)>:
a5editFontChar():
/home/ngranado/code/AlphaClock/alphafive/alphafive.cpp:235
void a5editFontChar(char asciiChar, byte A, byte B, byte C)
{// Usage:  a5editFontChar ('%', 57, 3, 106);
    if ((asciiChar >= ' ') && (asciiChar < 'f') )
    {  
        byte offset = (3 * (asciiChar - a5_asciiOffset));
        a5_FontTable[offset++] = A;
    75ea:	3f e0       	ldi	r19, 0x0F	; 15
    75ec:	30 93 30 01 	sts	0x0130, r19	; 0x800130 <__data_start+0x30>
/home/ngranado/code/AlphaClock/alphafive/alphafive.cpp:236
        a5_FontTable[offset++] = B;
    75f0:	10 92 31 01 	sts	0x0131, r1	; 0x800131 <__data_start+0x31>
/home/ngranado/code/AlphaClock/alphafive/alphafive.cpp:237
        a5_FontTable[offset] = C;
    75f4:	30 93 32 01 	sts	0x0132, r19	; 0x800132 <__data_start+0x32>
/home/ngranado/code/AlphaClock/alphafive/alphafive.cpp:235
void a5editFontChar(char asciiChar, byte A, byte B, byte C)
{// Usage:  a5editFontChar ('%', 57, 3, 106);
    if ((asciiChar >= ' ') && (asciiChar < 'f') )
    {  
        byte offset = (3 * (asciiChar - a5_asciiOffset));
        a5_FontTable[offset++] = A;
    75f8:	10 92 33 01 	sts	0x0133, r1	; 0x800133 <__data_start+0x33>
/home/ngranado/code/AlphaClock/alphafive/alphafive.cpp:236
        a5_FontTable[offset++] = B;
    75fc:	10 92 34 01 	sts	0x0134, r1	; 0x800134 <__data_start+0x34>
/home/ngranado/code/AlphaClock/alphafive/alphafive.cpp:237
        a5_FontTable[offset] = C;
    7600:	23 e0       	ldi	r18, 0x03	; 3
    7602:	20 93 35 01 	sts	0x0135, r18	; 0x800135 <__data_start+0x35>
/home/ngranado/code/AlphaClock/alphafive/alphafive.cpp:235
void a5editFontChar(char asciiChar, byte A, byte B, byte C)
{// Usage:  a5editFontChar ('%', 57, 3, 106);
    if ((asciiChar >= ' ') && (asciiChar < 'f') )
    {  
        byte offset = (3 * (asciiChar - a5_asciiOffset));
        a5_FontTable[offset++] = A;
    7606:	9f e3       	ldi	r25, 0x3F	; 63
    7608:	90 93 36 01 	sts	0x0136, r25	; 0x800136 <__data_start+0x36>
/home/ngranado/code/AlphaClock/alphafive/alphafive.cpp:236
        a5_FontTable[offset++] = B;
    760c:	10 92 37 01 	sts	0x0137, r1	; 0x800137 <__data_start+0x37>
/home/ngranado/code/AlphaClock/alphafive/alphafive.cpp:237
        a5_FontTable[offset] = C;
    7610:	45 e0       	ldi	r20, 0x05	; 5
    7612:	40 93 38 01 	sts	0x0138, r20	; 0x800138 <__data_start+0x38>
/home/ngranado/code/AlphaClock/alphafive/alphafive.cpp:235
void a5editFontChar(char asciiChar, byte A, byte B, byte C)
{// Usage:  a5editFontChar ('%', 57, 3, 106);
    if ((asciiChar >= ' ') && (asciiChar < 'f') )
    {  
        byte offset = (3 * (asciiChar - a5_asciiOffset));
        a5_FontTable[offset++] = A;
    7616:	4f e2       	ldi	r20, 0x2F	; 47
    7618:	40 93 39 01 	sts	0x0139, r20	; 0x800139 <__data_start+0x39>
/home/ngranado/code/AlphaClock/alphafive/alphafive.cpp:236
        a5_FontTable[offset++] = B;
    761c:	10 92 3a 01 	sts	0x013A, r1	; 0x80013a <__data_start+0x3a>
/home/ngranado/code/AlphaClock/alphafive/alphafive.cpp:237
        a5_FontTable[offset] = C;
    7620:	20 93 3b 01 	sts	0x013B, r18	; 0x80013b <__data_start+0x3b>
/home/ngranado/code/AlphaClock/alphafive/alphafive.cpp:235
void a5editFontChar(char asciiChar, byte A, byte B, byte C)
{// Usage:  a5editFontChar ('%', 57, 3, 106);
    if ((asciiChar >= ' ') && (asciiChar < 'f') )
    {  
        byte offset = (3 * (asciiChar - a5_asciiOffset));
        a5_FontTable[offset++] = A;
    7624:	40 e3       	ldi	r20, 0x30	; 48
    7626:	40 93 3c 01 	sts	0x013C, r20	; 0x80013c <__data_start+0x3c>
/home/ngranado/code/AlphaClock/alphafive/alphafive.cpp:236
        a5_FontTable[offset++] = B;
    762a:	10 92 3d 01 	sts	0x013D, r1	; 0x80013d <__data_start+0x3d>
/home/ngranado/code/AlphaClock/alphafive/alphafive.cpp:237
        a5_FontTable[offset] = C;
    762e:	4b e0       	ldi	r20, 0x0B	; 11
    7630:	40 93 3e 01 	sts	0x013E, r20	; 0x80013e <__data_start+0x3e>
/home/ngranado/code/AlphaClock/alphafive/alphafive.cpp:235
void a5editFontChar(char asciiChar, byte A, byte B, byte C)
{// Usage:  a5editFontChar ('%', 57, 3, 106);
    if ((asciiChar >= ' ') && (asciiChar < 'f') )
    {  
        byte offset = (3 * (asciiChar - a5_asciiOffset));
        a5_FontTable[offset++] = A;
    7634:	90 93 3f 01 	sts	0x013F, r25	; 0x80013f <__data_start+0x3f>
/home/ngranado/code/AlphaClock/alphafive/alphafive.cpp:236
        a5_FontTable[offset++] = B;
    7638:	10 92 40 01 	sts	0x0140, r1	; 0x800140 <__data_start+0x40>
/home/ngranado/code/AlphaClock/alphafive/alphafive.cpp:237
        a5_FontTable[offset] = C;
    763c:	5a e0       	ldi	r21, 0x0A	; 10
    763e:	50 93 41 01 	sts	0x0141, r21	; 0x800141 <__data_start+0x41>
/home/ngranado/code/AlphaClock/alphafive/alphafive.cpp:235
void a5editFontChar(char asciiChar, byte A, byte B, byte C)
{// Usage:  a5editFontChar ('%', 57, 3, 106);
    if ((asciiChar >= ' ') && (asciiChar < 'f') )
    {  
        byte offset = (3 * (asciiChar - a5_asciiOffset));
        a5_FontTable[offset++] = A;
    7642:	90 93 42 01 	sts	0x0142, r25	; 0x800142 <__data_start+0x42>
/home/ngranado/code/AlphaClock/alphafive/alphafive.cpp:236
        a5_FontTable[offset++] = B;
    7646:	10 92 43 01 	sts	0x0143, r1	; 0x800143 <__data_start+0x43>
/home/ngranado/code/AlphaClock/alphafive/alphafive.cpp:237
        a5_FontTable[offset] = C;
    764a:	5e e0       	ldi	r21, 0x0E	; 14
    764c:	50 93 44 01 	sts	0x0144, r21	; 0x800144 <__data_start+0x44>
/home/ngranado/code/AlphaClock/alphafive/alphafive.cpp:235
void a5editFontChar(char asciiChar, byte A, byte B, byte C)
{// Usage:  a5editFontChar ('%', 57, 3, 106);
    if ((asciiChar >= ' ') && (asciiChar < 'f') )
    {  
        byte offset = (3 * (asciiChar - a5_asciiOffset));
        a5_FontTable[offset++] = A;
    7650:	20 93 45 01 	sts	0x0145, r18	; 0x800145 <__data_start+0x45>
/home/ngranado/code/AlphaClock/alphafive/alphafive.cpp:236
        a5_FontTable[offset++] = B;
    7654:	10 92 46 01 	sts	0x0146, r1	; 0x800146 <__data_start+0x46>
/home/ngranado/code/AlphaClock/alphafive/alphafive.cpp:237
        a5_FontTable[offset] = C;
    7658:	20 93 47 01 	sts	0x0147, r18	; 0x800147 <__data_start+0x47>
/home/ngranado/code/AlphaClock/alphafive/alphafive.cpp:235
void a5editFontChar(char asciiChar, byte A, byte B, byte C)
{// Usage:  a5editFontChar ('%', 57, 3, 106);
    if ((asciiChar >= ' ') && (asciiChar < 'f') )
    {  
        byte offset = (3 * (asciiChar - a5_asciiOffset));
        a5_FontTable[offset++] = A;
    765c:	90 93 48 01 	sts	0x0148, r25	; 0x800148 <__data_start+0x48>
/home/ngranado/code/AlphaClock/alphafive/alphafive.cpp:236
        a5_FontTable[offset++] = B;
    7660:	10 92 49 01 	sts	0x0149, r1	; 0x800149 <__data_start+0x49>
/home/ngranado/code/AlphaClock/alphafive/alphafive.cpp:237
        a5_FontTable[offset] = C;
    7664:	30 93 4a 01 	sts	0x014A, r19	; 0x80014a <__data_start+0x4a>
/home/ngranado/code/AlphaClock/alphafive/alphafive.cpp:235
void a5editFontChar(char asciiChar, byte A, byte B, byte C)
{// Usage:  a5editFontChar ('%', 57, 3, 106);
    if ((asciiChar >= ' ') && (asciiChar < 'f') )
    {  
        byte offset = (3 * (asciiChar - a5_asciiOffset));
        a5_FontTable[offset++] = A;
    7668:	90 93 4b 01 	sts	0x014B, r25	; 0x80014b <__data_start+0x4b>
/home/ngranado/code/AlphaClock/alphafive/alphafive.cpp:236
        a5_FontTable[offset++] = B;
    766c:	10 92 4c 01 	sts	0x014C, r1	; 0x80014c <__data_start+0x4c>
/home/ngranado/code/AlphaClock/alphafive/alphafive.cpp:237
        a5_FontTable[offset] = C;
    7670:	40 93 4d 01 	sts	0x014D, r20	; 0x80014d <__data_start+0x4d>
a5loadAltNumbers():
/home/ngranado/code/AlphaClock/alphafive/alphafive.cpp:267
    // Charset 6:  w/ "Euro-style" 1, 3, 7, curvy 2 & 5
    // Charset 7:  w/ "Euro-style" 1, 3, 7, curvy 2 & 5, slashed zero
    // Charset 8:  Skinny charset A
    // Charset 9:  Skinny charset B
   
    if ((charset & 1) && (charset <= 7))
    7674:	80 ff       	sbrs	r24, 0
    7676:	08 c0       	rjmp	.+16     	; 0x7688 <a5loadAltNumbers(signed char)+0x9e>
    7678:	88 30       	cpi	r24, 0x08	; 8
    767a:	34 f4       	brge	.+12     	; 0x7688 <a5loadAltNumbers(signed char)+0x9e>
a5editFontChar():
/home/ngranado/code/AlphaClock/alphafive/alphafive.cpp:236
{// Usage:  a5editFontChar ('%', 57, 3, 106);
    if ((asciiChar >= ' ') && (asciiChar < 'f') )
    {  
        byte offset = (3 * (asciiChar - a5_asciiOffset));
        a5_FontTable[offset++] = A;
        a5_FontTable[offset++] = B;
    767c:	92 e0       	ldi	r25, 0x02	; 2
    767e:	90 93 31 01 	sts	0x0131, r25	; 0x800131 <__data_start+0x31>
/home/ngranado/code/AlphaClock/alphafive/alphafive.cpp:237
        a5_FontTable[offset] = C;
    7682:	9f e4       	ldi	r25, 0x4F	; 79
    7684:	90 93 32 01 	sts	0x0132, r25	; 0x800132 <__data_start+0x32>
a5loadAltNumbers():
/home/ngranado/code/AlphaClock/alphafive/alphafive.cpp:272
    if ((charset & 1) && (charset <= 7))
    {
        a5editFontChar('0', 15,2,79);  // Slashed zero
    }
    
    if (charset > 1) {
    7688:	82 30       	cpi	r24, 0x02	; 2
    768a:	0c f4       	brge	.+2      	; 0x768e <a5loadAltNumbers(signed char)+0xa4>
    768c:	48 c0       	rjmp	.+144    	; 0x771e <a5loadAltNumbers(signed char)+0x134>
/home/ngranado/code/AlphaClock/alphafive/alphafive.cpp:274
        
        if (charset <= 3) {
    768e:	84 30       	cpi	r24, 0x04	; 4
    7690:	54 f4       	brge	.+20     	; 0x76a6 <a5loadAltNumbers(signed char)+0xbc>
a5editFontChar():
/home/ngranado/code/AlphaClock/alphafive/alphafive.cpp:237
    if ((asciiChar >= ' ') && (asciiChar < 'f') )
    {  
        byte offset = (3 * (asciiChar - a5_asciiOffset));
        a5_FontTable[offset++] = A;
        a5_FontTable[offset++] = B;
        a5_FontTable[offset] = C;
    7692:	82 e4       	ldi	r24, 0x42	; 66
    7694:	80 93 3b 01 	sts	0x013B, r24	; 0x80013b <__data_start+0x3b>
/home/ngranado/code/AlphaClock/alphafive/alphafive.cpp:236
{// Usage:  a5editFontChar ('%', 57, 3, 106);
    if ((asciiChar >= ' ') && (asciiChar < 'f') )
    {  
        byte offset = (3 * (asciiChar - a5_asciiOffset));
        a5_FontTable[offset++] = A;
        a5_FontTable[offset++] = B;
    7698:	81 e0       	ldi	r24, 0x01	; 1
    769a:	80 93 46 01 	sts	0x0146, r24	; 0x800146 <__data_start+0x46>
/home/ngranado/code/AlphaClock/alphafive/alphafive.cpp:237
        a5_FontTable[offset] = C;
    769e:	80 e4       	ldi	r24, 0x40	; 64
    76a0:	80 93 47 01 	sts	0x0147, r24	; 0x800147 <__data_start+0x47>
    76a4:	08 95       	ret
a5loadAltNumbers():
/home/ngranado/code/AlphaClock/alphafive/alphafive.cpp:279
        if (charset <= 3) {
            // Alt Charset
            a5editFontChar('3',47,0,66);   // "curvy" 3
            a5editFontChar('7',3,1,64);    // Top-angle 7, no cross-stroke
        }
        else if (charset <= 5)
    76a6:	86 30       	cpi	r24, 0x06	; 6
    76a8:	54 f4       	brge	.+20     	; 0x76be <a5loadAltNumbers(signed char)+0xd4>
a5editFontChar():
/home/ngranado/code/AlphaClock/alphafive/alphafive.cpp:237
    if ((asciiChar >= ' ') && (asciiChar < 'f') )
    {  
        byte offset = (3 * (asciiChar - a5_asciiOffset));
        a5_FontTable[offset++] = A;
        a5_FontTable[offset++] = B;
        a5_FontTable[offset] = C;
    76aa:	83 e4       	ldi	r24, 0x43	; 67
    76ac:	80 93 35 01 	sts	0x0135, r24	; 0x800135 <__data_start+0x35>
    76b0:	82 e4       	ldi	r24, 0x42	; 66
    76b2:	80 93 3b 01 	sts	0x013B, r24	; 0x80013b <__data_start+0x3b>
/home/ngranado/code/AlphaClock/alphafive/alphafive.cpp:235
void a5editFontChar(char asciiChar, byte A, byte B, byte C)
{// Usage:  a5editFontChar ('%', 57, 3, 106);
    if ((asciiChar >= ' ') && (asciiChar < 'f') )
    {  
        byte offset = (3 * (asciiChar - a5_asciiOffset));
        a5_FontTable[offset++] = A;
    76b6:	83 e3       	ldi	r24, 0x33	; 51
    76b8:	80 93 45 01 	sts	0x0145, r24	; 0x800145 <__data_start+0x45>
    76bc:	ed cf       	rjmp	.-38     	; 0x7698 <a5loadAltNumbers(signed char)+0xae>
a5loadAltNumbers():
/home/ngranado/code/AlphaClock/alphafive/alphafive.cpp:285
        {
            a5editFontChar('1',0,0,67);    // Serif-1
            a5editFontChar('3',47,0,66);   // "curvy" 3
            a5editFontChar('7',51,1,64);    // half-angle 7, w/ cross-stroke 
        }
        else if (charset <= 7)
    76be:	88 30       	cpi	r24, 0x08	; 8
    76c0:	7c f5       	brge	.+94     	; 0x7720 <a5loadAltNumbers(signed char)+0x136>
a5editFontChar():
/home/ngranado/code/AlphaClock/alphafive/alphafive.cpp:237
    if ((asciiChar >= ' ') && (asciiChar < 'f') )
    {  
        byte offset = (3 * (asciiChar - a5_asciiOffset));
        a5_FontTable[offset++] = A;
        a5_FontTable[offset++] = B;
        a5_FontTable[offset] = C;
    76c2:	93 e4       	ldi	r25, 0x43	; 67
    76c4:	90 93 35 01 	sts	0x0135, r25	; 0x800135 <__data_start+0x35>
/home/ngranado/code/AlphaClock/alphafive/alphafive.cpp:235
void a5editFontChar(char asciiChar, byte A, byte B, byte C)
{// Usage:  a5editFontChar ('%', 57, 3, 106);
    if ((asciiChar >= ' ') && (asciiChar < 'f') )
    {  
        byte offset = (3 * (asciiChar - a5_asciiOffset));
        a5_FontTable[offset++] = A;
    76c8:	9f e2       	ldi	r25, 0x2F	; 47
    76ca:	90 93 36 01 	sts	0x0136, r25	; 0x800136 <__data_start+0x36>
/home/ngranado/code/AlphaClock/alphafive/alphafive.cpp:236
        a5_FontTable[offset++] = B;
    76ce:	92 e0       	ldi	r25, 0x02	; 2
    76d0:	90 93 37 01 	sts	0x0137, r25	; 0x800137 <__data_start+0x37>
/home/ngranado/code/AlphaClock/alphafive/alphafive.cpp:237
        a5_FontTable[offset] = C;
    76d4:	91 e0       	ldi	r25, 0x01	; 1
    76d6:	90 93 38 01 	sts	0x0138, r25	; 0x800138 <__data_start+0x38>
    76da:	22 e4       	ldi	r18, 0x42	; 66
    76dc:	20 93 3b 01 	sts	0x013B, r18	; 0x80013b <__data_start+0x3b>
/home/ngranado/code/AlphaClock/alphafive/alphafive.cpp:235
void a5editFontChar(char asciiChar, byte A, byte B, byte C)
{// Usage:  a5editFontChar ('%', 57, 3, 106);
    if ((asciiChar >= ' ') && (asciiChar < 'f') )
    {  
        byte offset = (3 * (asciiChar - a5_asciiOffset));
        a5_FontTable[offset++] = A;
    76e0:	2f e1       	ldi	r18, 0x1F	; 31
    76e2:	20 93 3f 01 	sts	0x013F, r18	; 0x80013f <__data_start+0x3f>
/home/ngranado/code/AlphaClock/alphafive/alphafive.cpp:237
        a5_FontTable[offset++] = B;
        a5_FontTable[offset] = C;
    76e6:	28 e8       	ldi	r18, 0x88	; 136
    76e8:	20 93 41 01 	sts	0x0141, r18	; 0x800141 <__data_start+0x41>
/home/ngranado/code/AlphaClock/alphafive/alphafive.cpp:235
void a5editFontChar(char asciiChar, byte A, byte B, byte C)
{// Usage:  a5editFontChar ('%', 57, 3, 106);
    if ((asciiChar >= ' ') && (asciiChar < 'f') )
    {  
        byte offset = (3 * (asciiChar - a5_asciiOffset));
        a5_FontTable[offset++] = A;
    76ec:	23 e3       	ldi	r18, 0x33	; 51
    76ee:	20 93 45 01 	sts	0x0145, r18	; 0x800145 <__data_start+0x45>
/home/ngranado/code/AlphaClock/alphafive/alphafive.cpp:236
        a5_FontTable[offset++] = B;
    76f2:	90 93 46 01 	sts	0x0146, r25	; 0x800146 <__data_start+0x46>
/home/ngranado/code/AlphaClock/alphafive/alphafive.cpp:237
        a5_FontTable[offset] = C;
    76f6:	90 e4       	ldi	r25, 0x40	; 64
    76f8:	90 93 47 01 	sts	0x0147, r25	; 0x800147 <__data_start+0x47>
a5loadAltNumbers():
/home/ngranado/code/AlphaClock/alphafive/alphafive.cpp:305
            a5editFontChar('6',42,1,34);   // "Skinny" 6
            a5editFontChar('7',2,0,3);     // "Skinny" 7
            a5editFontChar('8',42,1,35);   // "Skinny" 8
            a5editFontChar('9',42,0,35);   // "Skinny" 9
        }
        if (charset == 9)
    76fc:	89 30       	cpi	r24, 0x09	; 9
    76fe:	79 f4       	brne	.+30     	; 0x771e <a5loadAltNumbers(signed char)+0x134>
a5editFontChar():
/home/ngranado/code/AlphaClock/alphafive/alphafive.cpp:235
void a5editFontChar(char asciiChar, byte A, byte B, byte C)
{// Usage:  a5editFontChar ('%', 57, 3, 106);
    if ((asciiChar >= ' ') && (asciiChar < 'f') )
    {  
        byte offset = (3 * (asciiChar - a5_asciiOffset));
        a5_FontTable[offset++] = A;
    7700:	10 92 33 01 	sts	0x0133, r1	; 0x800133 <__data_start+0x33>
/home/ngranado/code/AlphaClock/alphafive/alphafive.cpp:236
        a5_FontTable[offset++] = B;
    7704:	10 92 34 01 	sts	0x0134, r1	; 0x800134 <__data_start+0x34>
/home/ngranado/code/AlphaClock/alphafive/alphafive.cpp:237
        a5_FontTable[offset] = C;
    7708:	83 e4       	ldi	r24, 0x43	; 67
    770a:	80 93 35 01 	sts	0x0135, r24	; 0x800135 <__data_start+0x35>
/home/ngranado/code/AlphaClock/alphafive/alphafive.cpp:235
void a5editFontChar(char asciiChar, byte A, byte B, byte C)
{// Usage:  a5editFontChar ('%', 57, 3, 106);
    if ((asciiChar >= ' ') && (asciiChar < 'f') )
    {  
        byte offset = (3 * (asciiChar - a5_asciiOffset));
        a5_FontTable[offset++] = A;
    770e:	8a e2       	ldi	r24, 0x2A	; 42
    7710:	80 93 39 01 	sts	0x0139, r24	; 0x800139 <__data_start+0x39>
/home/ngranado/code/AlphaClock/alphafive/alphafive.cpp:236
        a5_FontTable[offset++] = B;
    7714:	10 92 3a 01 	sts	0x013A, r1	; 0x80013a <__data_start+0x3a>
/home/ngranado/code/AlphaClock/alphafive/alphafive.cpp:237
        a5_FontTable[offset] = C;
    7718:	82 e4       	ldi	r24, 0x42	; 66
    771a:	80 93 3b 01 	sts	0x013B, r24	; 0x80013b <__data_start+0x3b>
a5loadAltNumbers():
/home/ngranado/code/AlphaClock/alphafive/alphafive.cpp:311
        {   // Skinny set B; two little changes to the charset 8:
            a5editFontChar('1',0,0,67);    // Serif 1 
            a5editFontChar('3',42,0,66);   // "curvy" 3 
        }
    }
}
    771e:	08 95       	ret
/home/ngranado/code/AlphaClock/alphafive/alphafive.cpp:293
            a5editFontChar('2',47,2,1);    // "curvy" 2
            a5editFontChar('3',47,0,66);   // "curvy" 3
            a5editFontChar('5',31,0,136);   // "curvy" 5
            a5editFontChar('7',51,1,64);    // half-angle 7, w/ cross-stroke
        }
        else if (charset <= 9)
    7720:	8a 30       	cpi	r24, 0x0A	; 10
    7722:	ec f7       	brge	.-6      	; 0x771e <a5loadAltNumbers(signed char)+0x134>
a5editFontChar():
/home/ngranado/code/AlphaClock/alphafive/alphafive.cpp:235
void a5editFontChar(char asciiChar, byte A, byte B, byte C)
{// Usage:  a5editFontChar ('%', 57, 3, 106);
    if ((asciiChar >= ' ') && (asciiChar < 'f') )
    {  
        byte offset = (3 * (asciiChar - a5_asciiOffset));
        a5_FontTable[offset++] = A;
    7724:	9a e0       	ldi	r25, 0x0A	; 10
    7726:	90 93 30 01 	sts	0x0130, r25	; 0x800130 <__data_start+0x30>
/home/ngranado/code/AlphaClock/alphafive/alphafive.cpp:236
        a5_FontTable[offset++] = B;
    772a:	21 e0       	ldi	r18, 0x01	; 1
    772c:	20 93 31 01 	sts	0x0131, r18	; 0x800131 <__data_start+0x31>
/home/ngranado/code/AlphaClock/alphafive/alphafive.cpp:237
        a5_FontTable[offset] = C;
    7730:	33 e2       	ldi	r19, 0x23	; 35
    7732:	30 93 32 01 	sts	0x0132, r19	; 0x800132 <__data_start+0x32>
/home/ngranado/code/AlphaClock/alphafive/alphafive.cpp:235
void a5editFontChar(char asciiChar, byte A, byte B, byte C)
{// Usage:  a5editFontChar ('%', 57, 3, 106);
    if ((asciiChar >= ' ') && (asciiChar < 'f') )
    {  
        byte offset = (3 * (asciiChar - a5_asciiOffset));
        a5_FontTable[offset++] = A;
    7736:	9a e2       	ldi	r25, 0x2A	; 42
    7738:	90 93 36 01 	sts	0x0136, r25	; 0x800136 <__data_start+0x36>
/home/ngranado/code/AlphaClock/alphafive/alphafive.cpp:236
        a5_FontTable[offset++] = B;
    773c:	20 93 37 01 	sts	0x0137, r18	; 0x800137 <__data_start+0x37>
/home/ngranado/code/AlphaClock/alphafive/alphafive.cpp:237
        a5_FontTable[offset] = C;
    7740:	20 93 38 01 	sts	0x0138, r18	; 0x800138 <__data_start+0x38>
/home/ngranado/code/AlphaClock/alphafive/alphafive.cpp:235
void a5editFontChar(char asciiChar, byte A, byte B, byte C)
{// Usage:  a5editFontChar ('%', 57, 3, 106);
    if ((asciiChar >= ' ') && (asciiChar < 'f') )
    {  
        byte offset = (3 * (asciiChar - a5_asciiOffset));
        a5_FontTable[offset++] = A;
    7744:	90 93 39 01 	sts	0x0139, r25	; 0x800139 <__data_start+0x39>
    7748:	40 e2       	ldi	r20, 0x20	; 32
    774a:	40 93 3c 01 	sts	0x013C, r20	; 0x80013c <__data_start+0x3c>
/home/ngranado/code/AlphaClock/alphafive/alphafive.cpp:237
        a5_FontTable[offset++] = B;
        a5_FontTable[offset] = C;
    774e:	30 93 3e 01 	sts	0x013E, r19	; 0x80013e <__data_start+0x3e>
/home/ngranado/code/AlphaClock/alphafive/alphafive.cpp:235
void a5editFontChar(char asciiChar, byte A, byte B, byte C)
{// Usage:  a5editFontChar ('%', 57, 3, 106);
    if ((asciiChar >= ' ') && (asciiChar < 'f') )
    {  
        byte offset = (3 * (asciiChar - a5_asciiOffset));
        a5_FontTable[offset++] = A;
    7752:	90 93 3f 01 	sts	0x013F, r25	; 0x80013f <__data_start+0x3f>
/home/ngranado/code/AlphaClock/alphafive/alphafive.cpp:237
        a5_FontTable[offset++] = B;
        a5_FontTable[offset] = C;
    7756:	42 e2       	ldi	r20, 0x22	; 34
    7758:	40 93 41 01 	sts	0x0141, r20	; 0x800141 <__data_start+0x41>
/home/ngranado/code/AlphaClock/alphafive/alphafive.cpp:235
void a5editFontChar(char asciiChar, byte A, byte B, byte C)
{// Usage:  a5editFontChar ('%', 57, 3, 106);
    if ((asciiChar >= ' ') && (asciiChar < 'f') )
    {  
        byte offset = (3 * (asciiChar - a5_asciiOffset));
        a5_FontTable[offset++] = A;
    775c:	90 93 42 01 	sts	0x0142, r25	; 0x800142 <__data_start+0x42>
/home/ngranado/code/AlphaClock/alphafive/alphafive.cpp:236
        a5_FontTable[offset++] = B;
    7760:	20 93 43 01 	sts	0x0143, r18	; 0x800143 <__data_start+0x43>
/home/ngranado/code/AlphaClock/alphafive/alphafive.cpp:237
        a5_FontTable[offset] = C;
    7764:	40 93 44 01 	sts	0x0144, r20	; 0x800144 <__data_start+0x44>
/home/ngranado/code/AlphaClock/alphafive/alphafive.cpp:235
void a5editFontChar(char asciiChar, byte A, byte B, byte C)
{// Usage:  a5editFontChar ('%', 57, 3, 106);
    if ((asciiChar >= ' ') && (asciiChar < 'f') )
    {  
        byte offset = (3 * (asciiChar - a5_asciiOffset));
        a5_FontTable[offset++] = A;
    7768:	42 e0       	ldi	r20, 0x02	; 2
    776a:	40 93 45 01 	sts	0x0145, r20	; 0x800145 <__data_start+0x45>
    776e:	90 93 48 01 	sts	0x0148, r25	; 0x800148 <__data_start+0x48>
/home/ngranado/code/AlphaClock/alphafive/alphafive.cpp:236
        a5_FontTable[offset++] = B;
    7772:	20 93 49 01 	sts	0x0149, r18	; 0x800149 <__data_start+0x49>
/home/ngranado/code/AlphaClock/alphafive/alphafive.cpp:237
        a5_FontTable[offset] = C;
    7776:	30 93 4a 01 	sts	0x014A, r19	; 0x80014a <__data_start+0x4a>
/home/ngranado/code/AlphaClock/alphafive/alphafive.cpp:235
void a5editFontChar(char asciiChar, byte A, byte B, byte C)
{// Usage:  a5editFontChar ('%', 57, 3, 106);
    if ((asciiChar >= ' ') && (asciiChar < 'f') )
    {  
        byte offset = (3 * (asciiChar - a5_asciiOffset));
        a5_FontTable[offset++] = A;
    777a:	90 93 4b 01 	sts	0x014B, r25	; 0x80014b <__data_start+0x4b>
/home/ngranado/code/AlphaClock/alphafive/alphafive.cpp:237
        a5_FontTable[offset++] = B;
        a5_FontTable[offset] = C;
    777e:	30 93 4d 01 	sts	0x014D, r19	; 0x80014d <__data_start+0x4d>
    7782:	bc cf       	rjmp	.-136    	; 0x76fc <a5loadAltNumbers(signed char)+0x112>

00007784 <EpochDigits(char*)>:
EpochDigits():
/home/ngranado/code/AlphaClock/alphafive/examples/AlphaClock/AlphaClock.ino:2200

}


void EpochDigits (char digits[])
{
    7784:	8f 92       	push	r8
    7786:	9f 92       	push	r9
    7788:	af 92       	push	r10
    778a:	bf 92       	push	r11
    778c:	cf 92       	push	r12
    778e:	df 92       	push	r13
    7790:	ef 92       	push	r14
    7792:	ff 92       	push	r15
    7794:	cf 93       	push	r28
    7796:	df 93       	push	r29
    7798:	ec 01       	movw	r28, r24
/home/ngranado/code/AlphaClock/alphafive/examples/AlphaClock/AlphaClock.ino:2202
  // Fill digits[0..9] with the current Unix time (UTC) as ASCII, most significant first.
  unsigned long t = now() - (long) UTCOffset * 900L;
    779a:	0e 94 d7 35 	call	0x6bae	; 0x6bae <now()>
    779e:	6b 01       	movw	r12, r22
    77a0:	7c 01       	movw	r14, r24
    77a2:	a0 91 1d 07 	lds	r26, 0x071D	; 0x80071d <UTCOffset>
    77a6:	0a 2e       	mov	r0, r26
    77a8:	00 0c       	add	r0, r0
    77aa:	bb 0b       	sbc	r27, r27
    77ac:	24 e8       	ldi	r18, 0x84	; 132
    77ae:	33 e0       	ldi	r19, 0x03	; 3
    77b0:	0e 94 aa 56 	call	0xad54	; 0xad54 <__usmulhisi3>
    77b4:	a7 01       	movw	r20, r14
    77b6:	96 01       	movw	r18, r12
    77b8:	26 1b       	sub	r18, r22
    77ba:	37 0b       	sbc	r19, r23
    77bc:	48 0b       	sbc	r20, r24
    77be:	59 0b       	sbc	r21, r25
    77c0:	ca 01       	movw	r24, r20
    77c2:	b9 01       	movw	r22, r18
    77c4:	7e 01       	movw	r14, r28
    77c6:	3a e0       	ldi	r19, 0x0A	; 10
    77c8:	e3 0e       	add	r14, r19
    77ca:	f1 1c       	adc	r15, r1
/home/ngranado/code/AlphaClock/alphafive/examples/AlphaClock/AlphaClock.ino:2207
  int8_t i = 9;

  while (i >= 0)
  {
    digits[i] = (t % 10) + a5_integerOffset;
    77cc:	2a e0       	ldi	r18, 0x0A	; 10
    77ce:	82 2e       	mov	r8, r18
    77d0:	91 2c       	mov	r9, r1
    77d2:	a1 2c       	mov	r10, r1
    77d4:	b1 2c       	mov	r11, r1
    77d6:	a5 01       	movw	r20, r10
    77d8:	94 01       	movw	r18, r8
    77da:	0e 94 43 56 	call	0xac86	; 0xac86 <__udivmodsi4>
    77de:	60 5d       	subi	r22, 0xD0	; 208
    77e0:	f7 01       	movw	r30, r14
    77e2:	62 93       	st	-Z, r22
    77e4:	7f 01       	movw	r14, r30
/home/ngranado/code/AlphaClock/alphafive/examples/AlphaClock/AlphaClock.ino:2208
    t /= 10;
    77e6:	b9 01       	movw	r22, r18
    77e8:	ca 01       	movw	r24, r20
/home/ngranado/code/AlphaClock/alphafive/examples/AlphaClock/AlphaClock.ino:2205
{
  // Fill digits[0..9] with the current Unix time (UTC) as ASCII, most significant first.
  unsigned long t = now() - (long) UTCOffset * 900L;
  int8_t i = 9;

  while (i >= 0)
    77ea:	ce 17       	cp	r28, r30
    77ec:	df 07       	cpc	r29, r31
    77ee:	99 f7       	brne	.-26     	; 0x77d6 <EpochDigits(char*)+0x52>
/home/ngranado/code/AlphaClock/alphafive/examples/AlphaClock/AlphaClock.ino:2211
  {
    digits[i] = (t % 10) + a5_integerOffset;
    t /= 10;
    i--;
  }
}
    77f0:	df 91       	pop	r29
    77f2:	cf 91       	pop	r28
    77f4:	ff 90       	pop	r15
    77f6:	ef 90       	pop	r14
    77f8:	df 90       	pop	r13
    77fa:	cf 90       	pop	r12
    77fc:	bf 90       	pop	r11
    77fe:	af 90       	pop	r10
    7800:	9f 90       	pop	r9
    7802:	8f 90       	pop	r8
    7804:	08 95       	ret

00007806 <AdjDayMonthYear(signed char, signed char, signed char)>:
AdjDayMonthYear():
/home/ngranado/code/AlphaClock/alphafive/examples/AlphaClock/AlphaClock.ino:1832
}
 


void AdjDayMonthYear (int8_t AdjDay, int8_t AdjMonth, int8_t AdjYear)
{
    7806:	7f 92       	push	r7
    7808:	8f 92       	push	r8
    780a:	9f 92       	push	r9
    780c:	af 92       	push	r10
    780e:	bf 92       	push	r11
    7810:	cf 92       	push	r12
    7812:	df 92       	push	r13
    7814:	ef 92       	push	r14
    7816:	ff 92       	push	r15
    7818:	0f 93       	push	r16
    781a:	1f 93       	push	r17
    781c:	cf 93       	push	r28
    781e:	df 93       	push	r29
    7820:	cd b7       	in	r28, 0x3d	; 61
    7822:	de b7       	in	r29, 0x3e	; 62
    7824:	2c 97       	sbiw	r28, 0x0c	; 12
    7826:	0f b6       	in	r0, 0x3f	; 63
    7828:	f8 94       	cli
    782a:	de bf       	out	0x3e, r29	; 62
    782c:	0f be       	out	0x3f, r0	; 63
    782e:	cd bf       	out	0x3d, r28	; 61
    7830:	78 2e       	mov	r7, r24
    7832:	e6 2e       	mov	r14, r22
    7834:	f4 2e       	mov	r15, r20
/home/ngranado/code/AlphaClock/alphafive/examples/AlphaClock/AlphaClock.ino:1834
  // From Time library: API starts months from 1, this array starts from 0
  const uint8_t monthDays[]={31,28,31,30,31,30,31,31,30,31,30,31}; 
    7836:	8c e0       	ldi	r24, 0x0C	; 12
    7838:	e6 ed       	ldi	r30, 0xD6	; 214
    783a:	f1 e0       	ldi	r31, 0x01	; 1
    783c:	de 01       	movw	r26, r28
    783e:	11 96       	adiw	r26, 0x01	; 1
    7840:	01 90       	ld	r0, Z+
    7842:	0d 92       	st	X+, r0
    7844:	8a 95       	dec	r24
    7846:	e1 f7       	brne	.-8      	; 0x7840 <AdjDayMonthYear(signed char, signed char, signed char)+0x3a>
/home/ngranado/code/AlphaClock/alphafive/examples/AlphaClock/AlphaClock.ino:1836

   time_t timeTemp = now();
    7848:	0e 94 d7 35 	call	0x6bae	; 0x6bae <now()>
    784c:	4b 01       	movw	r8, r22
    784e:	5c 01       	movw	r10, r24
year():
/tmp/claude-1000/-home-ngranado-code-AlphaClock/a04e4601-07d0-434a-ba88-eb280e7d56e2/scratchpad/ard/libraries/Time/Time.cpp:138
int year() {  // as in Processing, the full four digit year: (2009, 2010 etc) 
  return year(now()); 
}

int year(time_t t) { // the year for the given time
  refreshCache(t);
    7850:	0e 94 fa 37 	call	0x6ff4	; 0x6ff4 <refreshCache(unsigned long)>
/tmp/claude-1000/-home-ngranado-code-AlphaClock/a04e4601-07d0-434a-ba88-eb280e7d56e2/scratchpad/ard/libraries/Time/Time.cpp:139
  return tmYearToCalendar(tm.Year);
    7854:	00 91 f6 06 	lds	r16, 0x06F6	; 0x8006f6 <tm+0x6>
    7858:	10 e0       	ldi	r17, 0x00	; 0
    785a:	0e 54       	subi	r16, 0x4E	; 78
    785c:	18 4f       	sbci	r17, 0xF8	; 248
AdjDayMonthYear():
/home/ngranado/code/AlphaClock/alphafive/examples/AlphaClock/AlphaClock.ino:1838
      
  int yrTemp = year(timeTemp) + (int) AdjYear;  
    785e:	0f 0d       	add	r16, r15
    7860:	11 1d       	adc	r17, r1
    7862:	f7 fc       	sbrc	r15, 7
    7864:	1a 95       	dec	r17
month():
/tmp/claude-1000/-home-ngranado-code-AlphaClock/a04e4601-07d0-434a-ba88-eb280e7d56e2/scratchpad/ard/libraries/Time/Time.cpp:129
int month(){
  return month(now()); 
}

int month(time_t t) {  // the month for the given time
  refreshCache(t);
    7866:	c5 01       	movw	r24, r10
    7868:	b4 01       	movw	r22, r8
    786a:	0e 94 fa 37 	call	0x6ff4	; 0x6ff4 <refreshCache(unsigned long)>
/tmp/claude-1000/-home-ngranado-code-AlphaClock/a04e4601-07d0-434a-ba88-eb280e7d56e2/scratchpad/ard/libraries/Time/Time.cpp:130
  return tm.Month;
    786e:	80 91 f5 06 	lds	r24, 0x06F5	; 0x8006f5 <tm+0x5>
AdjDayMonthYear():
/home/ngranado/code/AlphaClock/alphafive/examples/AlphaClock/AlphaClock.ino:1840
  
  int moTemp = month(timeTemp) + AdjMonth;  // Avoid changing year, unless requested
    7872:	0e 2c       	mov	r0, r14
    7874:	00 0c       	add	r0, r0
    7876:	ff 08       	sbc	r15, r15
    7878:	e8 0e       	add	r14, r24
    787a:	f1 1c       	adc	r15, r1
/home/ngranado/code/AlphaClock/alphafive/examples/AlphaClock/AlphaClock.ino:1841
  if (moTemp < 1)
    787c:	1e 14       	cp	r1, r14
    787e:	1f 04       	cpc	r1, r15
    7880:	0c f0       	brlt	.+2      	; 0x7884 <AdjDayMonthYear(signed char, signed char, signed char)+0x7e>
    7882:	60 c0       	rjmp	.+192    	; 0x7944 <AdjDayMonthYear(signed char, signed char, signed char)+0x13e>
/home/ngranado/code/AlphaClock/alphafive/examples/AlphaClock/AlphaClock.ino:1843
      moTemp = 12;
   if (moTemp > 12)
    7884:	8d e0       	ldi	r24, 0x0D	; 13
    7886:	e8 16       	cp	r14, r24
    7888:	f1 04       	cpc	r15, r1
    788a:	0c f0       	brlt	.+2      	; 0x788e <AdjDayMonthYear(signed char, signed char, signed char)+0x88>
    788c:	5f c0       	rjmp	.+190    	; 0x794c <AdjDayMonthYear(signed char, signed char, signed char)+0x146>
day():
/tmp/claude-1000/-home-ngranado-code-AlphaClock/a04e4601-07d0-434a-ba88-eb280e7d56e2/scratchpad/ard/libraries/Time/Time.cpp:111
int day(){
  return(day(now())); 
}

int day(time_t t) { // the day for the given time (0-6)
  refreshCache(t);
    788e:	c5 01       	movw	r24, r10
    7890:	b4 01       	movw	r22, r8
    7892:	0e 94 fa 37 	call	0x6ff4	; 0x6ff4 <refreshCache(unsigned long)>
/tmp/claude-1000/-home-ngranado-code-AlphaClock/a04e4601-07d0-434a-ba88-eb280e7d56e2/scratchpad/ard/libraries/Time/Time.cpp:112
  return tm.Day;
    7896:	80 91 f4 06 	lds	r24, 0x06F4	; 0x8006f4 <tm+0x4>
AdjDayMonthYear():
/home/ngranado/code/AlphaClock/alphafive/examples/AlphaClock/AlphaClock.ino:1846
      moTemp = 1;
      
  int dayTemp = day(timeTemp) + AdjDay;  // avoid changing month, unless requested
    789a:	27 2d       	mov	r18, r7
    789c:	07 2c       	mov	r0, r7
    789e:	00 0c       	add	r0, r0
    78a0:	33 0b       	sbc	r19, r19
    78a2:	82 0f       	add	r24, r18
    78a4:	93 2f       	mov	r25, r19
    78a6:	91 1d       	adc	r25, r1
    78a8:	fe 01       	movw	r30, r28
    78aa:	ee 0d       	add	r30, r14
    78ac:	ff 1d       	adc	r31, r15
    78ae:	c0 80       	ld	r12, Z
    78b0:	d1 2c       	mov	r13, r1
/home/ngranado/code/AlphaClock/alphafive/examples/AlphaClock/AlphaClock.ino:1848
  
  if (dayTemp < 1)
    78b2:	18 16       	cp	r1, r24
    78b4:	19 06       	cpc	r1, r25
    78b6:	4c f4       	brge	.+18     	; 0x78ca <AdjDayMonthYear(signed char, signed char, signed char)+0xc4>
/home/ngranado/code/AlphaClock/alphafive/examples/AlphaClock/AlphaClock.ino:1851
     dayTemp = monthDays[moTemp - 1]; 
     
  if (dayTemp > monthDays[moTemp - 1])
    78b8:	c8 16       	cp	r12, r24
    78ba:	d9 06       	cpc	r13, r25
    78bc:	0c f0       	brlt	.+2      	; 0x78c0 <AdjDayMonthYear(signed char, signed char, signed char)+0xba>
    78be:	4a c0       	rjmp	.+148    	; 0x7954 <AdjDayMonthYear(signed char, signed char, signed char)+0x14e>
/home/ngranado/code/AlphaClock/alphafive/examples/AlphaClock/AlphaClock.ino:1852
    if (AdjDay > 0)
    78c0:	17 14       	cp	r1, r7
    78c2:	1c f4       	brge	.+6      	; 0x78ca <AdjDayMonthYear(signed char, signed char, signed char)+0xc4>
/home/ngranado/code/AlphaClock/alphafive/examples/AlphaClock/AlphaClock.ino:1854
      {  // Roll over day-of-month to 1, if explicitly requesting increase in date.  
         dayTemp = 1;
    78c4:	cc 24       	eor	r12, r12
    78c6:	c3 94       	inc	r12
    78c8:	d1 2c       	mov	r13, r1
second():
/tmp/claude-1000/-home-ngranado-code-AlphaClock/a04e4601-07d0-434a-ba88-eb280e7d56e2/scratchpad/ard/libraries/Time/Time.cpp:102
int second() {
  return second(now()); 
}

int second(time_t t) {  // the second for the given time
  refreshCache(t);
    78ca:	c5 01       	movw	r24, r10
    78cc:	b4 01       	movw	r22, r8
    78ce:	0e 94 fa 37 	call	0x6ff4	; 0x6ff4 <refreshCache(unsigned long)>
/tmp/claude-1000/-home-ngranado-code-AlphaClock/a04e4601-07d0-434a-ba88-eb280e7d56e2/scratchpad/ard/libraries/Time/Time.cpp:103
  return tm.Second;
    78d2:	f0 90 f0 06 	lds	r15, 0x06F0	; 0x8006f0 <tm>
minute():
/tmp/claude-1000/-home-ngranado-code-AlphaClock/a04e4601-07d0-434a-ba88-eb280e7d56e2/scratchpad/ard/libraries/Time/Time.cpp:93
int minute() {
  return minute(now()); 
}

int minute(time_t t) { // the minute for the given time
  refreshCache(t);
    78d6:	c5 01       	movw	r24, r10
    78d8:	b4 01       	movw	r22, r8
    78da:	0e 94 fa 37 	call	0x6ff4	; 0x6ff4 <refreshCache(unsigned long)>
/tmp/claude-1000/-home-ngranado-code-AlphaClock/a04e4601-07d0-434a-ba88-eb280e7d56e2/scratchpad/ard/libraries/Time/Time.cpp:94
  return tm.Minute;  
    78de:	d0 90 f1 06 	lds	r13, 0x06F1	; 0x8006f1 <tm+0x1>
hour():
/tmp/claude-1000/-home-ngranado-code-AlphaClock/a04e4601-07d0-434a-ba88-eb280e7d56e2/scratchpad/ard/libraries/Time/Time.cpp:54
int hour() { // the hour now 
  return hour(now()); 
}

int hour(time_t t) { // the hour for the given time
  refreshCache(t);
    78e2:	c5 01       	movw	r24, r10
    78e4:	b4 01       	movw	r22, r8
    78e6:	0e 94 fa 37 	call	0x6ff4	; 0x6ff4 <refreshCache(unsigned long)>
setTime():
/tmp/claude-1000/-home-ngranado-code-AlphaClock/a04e4601-07d0-434a-ba88-eb280e7d56e2/scratchpad/ard/libraries/Time/Time.cpp:290

void setTime(int hr,int min,int sec,int dy, int mnth, int yr){
 // year can be given as full four digit year or two digts (2010 or 10 for 2010);  
 //it is converted to years since 1970
  if( yr > 99)
      yr = yr - 1970;
    78ea:	02 5b       	subi	r16, 0xB2	; 178
    78ec:	17 40       	sbci	r17, 0x07	; 7
/tmp/claude-1000/-home-ngranado-code-AlphaClock/a04e4601-07d0-434a-ba88-eb280e7d56e2/scratchpad/ard/libraries/Time/Time.cpp:293
  else
      yr += 30;  
  tm.Year = yr;
    78ee:	00 93 f6 06 	sts	0x06F6, r16	; 0x8006f6 <tm+0x6>
/tmp/claude-1000/-home-ngranado-code-AlphaClock/a04e4601-07d0-434a-ba88-eb280e7d56e2/scratchpad/ard/libraries/Time/Time.cpp:294
  tm.Month = mnth;
    78f2:	e0 92 f5 06 	sts	0x06F5, r14	; 0x8006f5 <tm+0x5>
/tmp/claude-1000/-home-ngranado-code-AlphaClock/a04e4601-07d0-434a-ba88-eb280e7d56e2/scratchpad/ard/libraries/Time/Time.cpp:295
  tm.Day = dy;
    78f6:	c0 92 f4 06 	sts	0x06F4, r12	; 0x8006f4 <tm+0x4>
/tmp/claude-1000/-home-ngranado-code-AlphaClock/a04e4601-07d0-434a-ba88-eb280e7d56e2/scratchpad/ard/libraries/Time/Time.cpp:297
  tm.Hour = hr;
  tm.Minute = min;
    78fa:	d0 92 f1 06 	sts	0x06F1, r13	; 0x8006f1 <tm+0x1>
/tmp/claude-1000/-home-ngranado-code-AlphaClock/a04e4601-07d0-434a-ba88-eb280e7d56e2/scratchpad/ard/libraries/Time/Time.cpp:298
  tm.Second = sec;
    78fe:	f0 92 f0 06 	sts	0x06F0, r15	; 0x8006f0 <tm>
/tmp/claude-1000/-home-ngranado-code-AlphaClock/a04e4601-07d0-434a-ba88-eb280e7d56e2/scratchpad/ard/libraries/Time/Time.cpp:299
  setTime(makeTime(tm));
    7902:	80 ef       	ldi	r24, 0xF0	; 240
    7904:	96 e0       	ldi	r25, 0x06	; 6
    7906:	0e 94 5e 36 	call	0x6cbc	; 0x6cbc <makeTime(tmElements_t const&)>
    790a:	0e 94 a9 35 	call	0x6b52	; 0x6b52 <setTime(unsigned long)>
AdjDayMonthYear():
/home/ngranado/code/AlphaClock/alphafive/examples/AlphaClock/AlphaClock.ino:1863
       dayTemp = monthDays[moTemp - 1];
      }
     
  setTime(hour(timeTemp),minute(timeTemp),second(timeTemp),
      dayTemp, moTemp, yrTemp);
  if (UseRTC)  
    790e:	80 91 38 07 	lds	r24, 0x0738	; 0x800738 <UseRTC>
    7912:	88 23       	and	r24, r24
    7914:	09 f1       	breq	.+66     	; 0x7958 <AdjDayMonthYear(signed char, signed char, signed char)+0x152>
/home/ngranado/code/AlphaClock/alphafive/examples/AlphaClock/AlphaClock.ino:1864
    RTC.set(now()); 
    7916:	0e 94 d7 35 	call	0x6bae	; 0x6bae <now()>
/home/ngranado/code/AlphaClock/alphafive/examples/AlphaClock/AlphaClock.ino:1865
}
    791a:	2c 96       	adiw	r28, 0x0c	; 12
    791c:	0f b6       	in	r0, 0x3f	; 63
    791e:	f8 94       	cli
    7920:	de bf       	out	0x3e, r29	; 62
    7922:	0f be       	out	0x3f, r0	; 63
    7924:	cd bf       	out	0x3d, r28	; 61
    7926:	df 91       	pop	r29
    7928:	cf 91       	pop	r28
    792a:	1f 91       	pop	r17
    792c:	0f 91       	pop	r16
    792e:	ff 90       	pop	r15
    7930:	ef 90       	pop	r14
    7932:	df 90       	pop	r13
    7934:	cf 90       	pop	r12
    7936:	bf 90       	pop	r11
    7938:	af 90       	pop	r10
    793a:	9f 90       	pop	r9
    793c:	8f 90       	pop	r8
    793e:	7f 90       	pop	r7
/home/ngranado/code/AlphaClock/alphafive/examples/AlphaClock/AlphaClock.ino:1864
      }
     
  setTime(hour(timeTemp),minute(timeTemp),second(timeTemp),
      dayTemp, moTemp, yrTemp);
  if (UseRTC)  
    RTC.set(now()); 
    7940:	0c 94 e6 38 	jmp	0x71cc	; 0x71cc <DS1307RTC::set(unsigned long)>
/home/ngranado/code/AlphaClock/alphafive/examples/AlphaClock/AlphaClock.ino:1842
      
  int yrTemp = year(timeTemp) + (int) AdjYear;  
  
  int moTemp = month(timeTemp) + AdjMonth;  // Avoid changing year, unless requested
  if (moTemp < 1)
      moTemp = 12;
    7944:	2c e0       	ldi	r18, 0x0C	; 12
    7946:	e2 2e       	mov	r14, r18
    7948:	f1 2c       	mov	r15, r1
    794a:	a1 cf       	rjmp	.-190    	; 0x788e <AdjDayMonthYear(signed char, signed char, signed char)+0x88>
/home/ngranado/code/AlphaClock/alphafive/examples/AlphaClock/AlphaClock.ino:1844
   if (moTemp > 12)
      moTemp = 1;
    794c:	ee 24       	eor	r14, r14
    794e:	e3 94       	inc	r14
    7950:	f1 2c       	mov	r15, r1
    7952:	9d cf       	rjmp	.-198    	; 0x788e <AdjDayMonthYear(signed char, signed char, signed char)+0x88>
/home/ngranado/code/AlphaClock/alphafive/examples/AlphaClock/AlphaClock.ino:1851
  int dayTemp = day(timeTemp) + AdjDay;  // avoid changing month, unless requested
  
  if (dayTemp < 1)
     dayTemp = monthDays[moTemp - 1]; 
     
  if (dayTemp > monthDays[moTemp - 1])
    7954:	6c 01       	movw	r12, r24
    7956:	b9 cf       	rjmp	.-142    	; 0x78ca <AdjDayMonthYear(signed char, signed char, signed char)+0xc4>
/home/ngranado/code/AlphaClock/alphafive/examples/AlphaClock/AlphaClock.ino:1865
     
  setTime(hour(timeTemp),minute(timeTemp),second(timeTemp),
      dayTemp, moTemp, yrTemp);
  if (UseRTC)  
    RTC.set(now()); 
}
    7958:	2c 96       	adiw	r28, 0x0c	; 12
    795a:	0f b6       	in	r0, 0x3f	; 63
    795c:	f8 94       	cli
    795e:	de bf       	out	0x3e, r29	; 62
    7960:	0f be       	out	0x3f, r0	; 63
    7962:	cd bf       	out	0x3d, r28	; 61
    7964:	df 91       	pop	r29
    7966:	cf 91       	pop	r28
    7968:	1f 91       	pop	r17
    796a:	0f 91       	pop	r16
    796c:	ff 90       	pop	r15
    796e:	ef 90       	pop	r14
    7970:	df 90       	pop	r13
    7972:	cf 90       	pop	r12
    7974:	bf 90       	pop	r11
    7976:	af 90       	pop	r10
    7978:	9f 90       	pop	r9
    797a:	8f 90       	pop	r8
    797c:	7f 90       	pop	r7
    797e:	08 95       	ret

00007980 <updateNightLight()>:
updateNightLight():
/home/ngranado/code/AlphaClock/alphafive/examples/AlphaClock/AlphaClock.ino:1383



void updateNightLight(void)
{
  if  (NightLightType == 4)  
    7980:	80 91 47 07 	lds	r24, 0x0747	; 0x800747 <NightLightType>
    7984:	84 30       	cpi	r24, 0x04	; 4
    7986:	b9 f5       	brne	.+110    	; 0x79f6 <updateNightLight()+0x76>
/home/ngranado/code/AlphaClock/alphafive/examples/AlphaClock/AlphaClock.ino:1387
  { // "Sleep" mode
    unsigned int temp = 0; 

    NightLightStep++;  
    7988:	80 91 f9 06 	lds	r24, 0x06F9	; 0x8006f9 <NightLightStep>
    798c:	90 91 fa 06 	lds	r25, 0x06FA	; 0x8006fa <NightLightStep+0x1>
    7990:	01 96       	adiw	r24, 0x01	; 1
    7992:	90 93 fa 06 	sts	0x06FA, r25	; 0x8006fa <NightLightStep+0x1>
    7996:	80 93 f9 06 	sts	0x06F9, r24	; 0x8006f9 <NightLightStep>
    799a:	20 91 fb 06 	lds	r18, 0x06FB	; 0x8006fb <NightLightSign>
/home/ngranado/code/AlphaClock/alphafive/examples/AlphaClock/AlphaClock.ino:1389

    if (NightLightStep <= 255) { 
    799e:	8f 3f       	cpi	r24, 0xFF	; 255
    79a0:	91 05       	cpc	r25, r1
    79a2:	09 f0       	breq	.+2      	; 0x79a6 <updateNightLight()+0x26>
    79a4:	c8 f4       	brcc	.+50     	; 0x79d8 <updateNightLight()+0x58>
/home/ngranado/code/AlphaClock/alphafive/examples/AlphaClock/AlphaClock.ino:1390
      if (NightLightSign) 
    79a6:	21 11       	cpse	r18, r1
    79a8:	06 c0       	rjmp	.+12     	; 0x79b6 <updateNightLight()+0x36>
/home/ngranado/code/AlphaClock/alphafive/examples/AlphaClock/AlphaClock.ino:1393
        temp = NightLightStep; 
      else 
        temp = 255 - NightLightStep;    
    79aa:	2f ef       	ldi	r18, 0xFF	; 255
    79ac:	30 e0       	ldi	r19, 0x00	; 0
    79ae:	a9 01       	movw	r20, r18
    79b0:	48 1b       	sub	r20, r24
    79b2:	59 0b       	sbc	r21, r25
    79b4:	ca 01       	movw	r24, r20
/home/ngranado/code/AlphaClock/alphafive/examples/AlphaClock/AlphaClock.ino:1412
        else 
          NightLightSign = 1; 
      }
    }

    temp = (temp * temp) >> 8;
    79b6:	88 9f       	mul	r24, r24
    79b8:	90 01       	movw	r18, r0
    79ba:	89 9f       	mul	r24, r25
    79bc:	30 0d       	add	r19, r0
    79be:	30 0d       	add	r19, r0
    79c0:	11 24       	eor	r1, r1
    79c2:	83 2f       	mov	r24, r19
    79c4:	90 e0       	ldi	r25, 0x00	; 0
    79c6:	8d 3f       	cpi	r24, 0xFD	; 253
    79c8:	91 05       	cpc	r25, r1
    79ca:	10 f0       	brcs	.+4      	; 0x79d0 <updateNightLight()+0x50>
    79cc:	8c ef       	ldi	r24, 0xFC	; 252
    79ce:	90 e0       	ldi	r25, 0x00	; 0
/home/ngranado/code/AlphaClock/alphafive/examples/AlphaClock/AlphaClock.ino:1417
    if (temp > 252) {
      temp = 252;
    }

    temp += 3;	  
    79d0:	03 96       	adiw	r24, 0x03	; 3
a5nightLight():
/home/ngranado/code/AlphaClock/alphafive/alphafive.cpp:737
}


void a5nightLight(byte Brightness)
{  // Might make a better macro than a function.
    OCR2B = Brightness;
    79d2:	80 93 b4 00 	sts	0x00B4, r24	; 0x8000b4 <__DATA_REGION_ORIGIN__+0x54>
    79d6:	08 95       	ret
updateNightLight():
/home/ngranado/code/AlphaClock/alphafive/examples/AlphaClock/AlphaClock.ino:1397
      else 
        temp = 255 - NightLightStep;    
    }
    else 
    { 
      if (NightLightSign) 
    79d8:	21 11       	cpse	r18, r1
    79da:	1e c0       	rjmp	.+60     	; 0x7a18 <updateNightLight()+0x98>
/home/ngranado/code/AlphaClock/alphafive/examples/AlphaClock/AlphaClock.ino:1402
        temp = 255; 
      else 
        temp = 0; 

      if (NightLightStep > 280)
    79dc:	89 31       	cpi	r24, 0x19	; 25
    79de:	91 40       	sbci	r25, 0x01	; 1
    79e0:	38 f0       	brcs	.+14     	; 0x79f0 <updateNightLight()+0x70>
/home/ngranado/code/AlphaClock/alphafive/examples/AlphaClock/AlphaClock.ino:1404
      {
        NightLightStep = 0; 
    79e2:	10 92 fa 06 	sts	0x06FA, r1	; 0x8006fa <NightLightStep+0x1>
    79e6:	10 92 f9 06 	sts	0x06F9, r1	; 0x8006f9 <NightLightStep>
/home/ngranado/code/AlphaClock/alphafive/examples/AlphaClock/AlphaClock.ino:1408
        if (NightLightSign)
          NightLightSign = 0;
        else 
          NightLightSign = 1; 
    79ea:	81 e0       	ldi	r24, 0x01	; 1
    79ec:	80 93 fb 06 	sts	0x06FB, r24	; 0x8006fb <NightLightSign>
/home/ngranado/code/AlphaClock/alphafive/examples/AlphaClock/AlphaClock.ino:1400
    else 
    { 
      if (NightLightSign) 
        temp = 255; 
      else 
        temp = 0; 
    79f0:	90 e0       	ldi	r25, 0x00	; 0
    79f2:	80 e0       	ldi	r24, 0x00	; 0
    79f4:	e0 cf       	rjmp	.-64     	; 0x79b6 <updateNightLight()+0x36>
/home/ngranado/code/AlphaClock/alphafive/examples/AlphaClock/AlphaClock.ino:1420
    }

    temp += 3;	  
    a5nightLight(temp);
  }
  else if (NightLightType == 0)  
    79f6:	81 11       	cpse	r24, r1
    79f8:	03 c0       	rjmp	.+6      	; 0x7a00 <updateNightLight()+0x80>
a5nightLight():
/home/ngranado/code/AlphaClock/alphafive/alphafive.cpp:737
    79fa:	10 92 b4 00 	sts	0x00B4, r1	; 0x8000b4 <__DATA_REGION_ORIGIN__+0x54>
    79fe:	08 95       	ret
updateNightLight():
/home/ngranado/code/AlphaClock/alphafive/examples/AlphaClock/AlphaClock.ino:1422
    a5nightLight(0);   // OFF
  else if (NightLightType == 1) 
    7a00:	81 30       	cpi	r24, 0x01	; 1
    7a02:	11 f4       	brne	.+4      	; 0x7a08 <updateNightLight()+0x88>
a5nightLight():
/home/ngranado/code/AlphaClock/alphafive/alphafive.cpp:737
    7a04:	85 e0       	ldi	r24, 0x05	; 5
    7a06:	e5 cf       	rjmp	.-54     	; 0x79d2 <updateNightLight()+0x52>
updateNightLight():
/home/ngranado/code/AlphaClock/alphafive/examples/AlphaClock/AlphaClock.ino:1424
    a5nightLight(5);   // LOW
  else if (NightLightType == 2) 
    7a08:	82 30       	cpi	r24, 0x02	; 2
    7a0a:	11 f4       	brne	.+4      	; 0x7a10 <updateNightLight()+0x90>
a5nightLight():
/home/ngranado/code/AlphaClock/alphafive/alphafive.cpp:737
    7a0c:	82 e3       	ldi	r24, 0x32	; 50
    7a0e:	e1 cf       	rjmp	.-62     	; 0x79d2 <updateNightLight()+0x52>
updateNightLight():
/home/ngranado/code/AlphaClock/alphafive/examples/AlphaClock/AlphaClock.ino:1426
    a5nightLight(50);   // MED  
  else if (NightLightType == 3) 
    7a10:	83 30       	cpi	r24, 0x03	; 3
    7a12:	71 f4       	brne	.+28     	; 0x7a30 <updateNightLight()+0xb0>
a5nightLight():
/home/ngranado/code/AlphaClock/alphafive/alphafive.cpp:737
    7a14:	8f ef       	ldi	r24, 0xFF	; 255
    7a16:	dd cf       	rjmp	.-70     	; 0x79d2 <updateNightLight()+0x52>
updateNightLight():
/home/ngranado/code/AlphaClock/alphafive/examples/AlphaClock/AlphaClock.ino:1402
      if (NightLightSign) 
        temp = 255; 
      else 
        temp = 0; 

      if (NightLightStep > 280)
    7a18:	89 31       	cpi	r24, 0x19	; 25
    7a1a:	91 40       	sbci	r25, 0x01	; 1
    7a1c:	30 f0       	brcs	.+12     	; 0x7a2a <updateNightLight()+0xaa>
/home/ngranado/code/AlphaClock/alphafive/examples/AlphaClock/AlphaClock.ino:1404
      {
        NightLightStep = 0; 
    7a1e:	10 92 fa 06 	sts	0x06FA, r1	; 0x8006fa <NightLightStep+0x1>
    7a22:	10 92 f9 06 	sts	0x06F9, r1	; 0x8006f9 <NightLightStep>
/home/ngranado/code/AlphaClock/alphafive/examples/AlphaClock/AlphaClock.ino:1406
        if (NightLightSign)
          NightLightSign = 0;
    7a26:	10 92 fb 06 	sts	0x06FB, r1	; 0x8006fb <NightLightSign>
/home/ngranado/code/AlphaClock/alphafive/examples/AlphaClock/AlphaClock.ino:1398
        temp = 255 - NightLightStep;    
    }
    else 
    { 
      if (NightLightSign) 
        temp = 255; 
    7a2a:	8f ef       	ldi	r24, 0xFF	; 255
    7a2c:	90 e0       	ldi	r25, 0x00	; 0
    7a2e:	c3 cf       	rjmp	.-122    	; 0x79b6 <updateNightLight()+0x36>
/home/ngranado/code/AlphaClock/alphafive/examples/AlphaClock/AlphaClock.ino:1428
    a5nightLight(5);   // LOW
  else if (NightLightType == 2) 
    a5nightLight(50);   // MED  
  else if (NightLightType == 3) 
    a5nightLight(255);  // HIGH  
}
    7a30:	08 95       	ret

00007a32 <SerialSendDataDaisyChain(char*)>:
SerialSendDataDaisyChain():
/home/ngranado/code/AlphaClock/alphafive/examples/AlphaClock/AlphaClock.ino:1195

#define a5_COMM_MSG_LEN  13   // time sync to PC is HEADER followed by unix time_t as ten ascii digits  (Was 11)
#define a5_COMM_HEADER  255   // Header tag for serial sync messages

void SerialSendDataDaisyChain (char DataIn[])
{ 
    7a32:	cf 93       	push	r28
    7a34:	df 93       	push	r29
    7a36:	cd b7       	in	r28, 0x3d	; 61
    7a38:	de b7       	in	r29, 0x3e	; 62
    7a3a:	2d 97       	sbiw	r28, 0x0d	; 13
    7a3c:	0f b6       	in	r0, 0x3f	; 63
    7a3e:	f8 94       	cli
    7a40:	de bf       	out	0x3e, r29	; 62
    7a42:	0f be       	out	0x3f, r0	; 63
    7a44:	cd bf       	out	0x3d, r28	; 61
    7a46:	fc 01       	movw	r30, r24
/home/ngranado/code/AlphaClock/alphafive/examples/AlphaClock/AlphaClock.ino:1200
  char outputBuffer[13];
  char *toPtr = &outputBuffer[0];
  char *fromPtr = &DataIn[0]; 

  *toPtr++ = 255;
    7a48:	8f ef       	ldi	r24, 0xFF	; 255
    7a4a:	89 83       	std	Y+1, r24	; 0x01
/home/ngranado/code/AlphaClock/alphafive/examples/AlphaClock/AlphaClock.ino:1201
  *toPtr++ = *fromPtr++;  
    7a4c:	80 81       	ld	r24, Z
    7a4e:	8a 83       	std	Y+2, r24	; 0x02
/home/ngranado/code/AlphaClock/alphafive/examples/AlphaClock/AlphaClock.ino:1202
  *toPtr++ = *fromPtr++;
    7a50:	81 81       	ldd	r24, Z+1	; 0x01
    7a52:	8b 83       	std	Y+3, r24	; 0x03
/home/ngranado/code/AlphaClock/alphafive/examples/AlphaClock/AlphaClock.ino:1203
  *toPtr++ = *fromPtr++;
    7a54:	82 81       	ldd	r24, Z+2	; 0x02
    7a56:	8c 83       	std	Y+4, r24	; 0x04
/home/ngranado/code/AlphaClock/alphafive/examples/AlphaClock/AlphaClock.ino:1204
  *toPtr++ = *fromPtr++;
    7a58:	83 81       	ldd	r24, Z+3	; 0x03
    7a5a:	8d 83       	std	Y+5, r24	; 0x05
/home/ngranado/code/AlphaClock/alphafive/examples/AlphaClock/AlphaClock.ino:1206

  *toPtr++ = *fromPtr++;  
    7a5c:	84 81       	ldd	r24, Z+4	; 0x04
    7a5e:	8e 83       	std	Y+6, r24	; 0x06
/home/ngranado/code/AlphaClock/alphafive/examples/AlphaClock/AlphaClock.ino:1207
  *toPtr++ = *fromPtr++;
    7a60:	85 81       	ldd	r24, Z+5	; 0x05
    7a62:	8f 83       	std	Y+7, r24	; 0x07
/home/ngranado/code/AlphaClock/alphafive/examples/AlphaClock/AlphaClock.ino:1208
  *toPtr++ = *fromPtr++;
    7a64:	86 81       	ldd	r24, Z+6	; 0x06
    7a66:	88 87       	std	Y+8, r24	; 0x08
/home/ngranado/code/AlphaClock/alphafive/examples/AlphaClock/AlphaClock.ino:1209
  *toPtr++ = *fromPtr++;
    7a68:	87 81       	ldd	r24, Z+7	; 0x07
    7a6a:	89 87       	std	Y+9, r24	; 0x09
/home/ngranado/code/AlphaClock/alphafive/examples/AlphaClock/AlphaClock.ino:1210
  *toPtr++ = *fromPtr++;
    7a6c:	80 85       	ldd	r24, Z+8	; 0x08
    7a6e:	8a 87       	std	Y+10, r24	; 0x0a
/home/ngranado/code/AlphaClock/alphafive/examples/AlphaClock/AlphaClock.ino:1212

  *toPtr++ = *fromPtr++;
    7a70:	81 85       	ldd	r24, Z+9	; 0x09
    7a72:	8b 87       	std	Y+11, r24	; 0x0b
/home/ngranado/code/AlphaClock/alphafive/examples/AlphaClock/AlphaClock.ino:1213
  *toPtr++ = *fromPtr++;
    7a74:	82 85       	ldd	r24, Z+10	; 0x0a
    7a76:	8c 87       	std	Y+12, r24	; 0x0c
/home/ngranado/code/AlphaClock/alphafive/examples/AlphaClock/AlphaClock.ino:1214
  *toPtr = *fromPtr; 
    7a78:	83 85       	ldd	r24, Z+11	; 0x0b
    7a7a:	8d 87       	std	Y+13, r24	; 0x0d
/home/ngranado/code/AlphaClock/alphafive/examples/AlphaClock/AlphaClock.ino:1218

#if defined(UBRR1H)  // Second UART (daisy chain): present on 644A/P/PA, absent on the original 644.
  // Write exactly 13 bytes: the buffer is not null-terminated.
  Serial1.write((const uint8_t *) outputBuffer, 13);
    7a7c:	4d e0       	ldi	r20, 0x0D	; 13
    7a7e:	50 e0       	ldi	r21, 0x00	; 0
    7a80:	be 01       	movw	r22, r28
    7a82:	6f 5f       	subi	r22, 0xFF	; 255
    7a84:	7f 4f       	sbci	r23, 0xFF	; 255
    7a86:	8a ea       	ldi	r24, 0xAA	; 170
    7a88:	97 e0       	ldi	r25, 0x07	; 7
    7a8a:	0e 94 6e 34 	call	0x68dc	; 0x68dc <Print::write(unsigned char const*, unsigned int)>
/home/ngranado/code/AlphaClock/alphafive/examples/AlphaClock/AlphaClock.ino:1220
#endif
}
    7a8e:	2d 96       	adiw	r28, 0x0d	; 13
    7a90:	0f b6       	in	r0, 0x3f	; 63
    7a92:	f8 94       	cli
    7a94:	de bf       	out	0x3e, r29	; 62
    7a96:	0f be       	out	0x3f, r0	; 63
    7a98:	cd bf       	out	0x3d, r28	; 61
    7a9a:	df 91       	pop	r29
    7a9c:	cf 91       	pop	r28
    7a9e:	08 95       	ret

00007aa0 <DisplayWordDP(char*)>:
DisplayWordDP():
/home/ngranado/code/AlphaClock/alphafive/examples/AlphaClock/AlphaClock.ino:926
  DisplayWordEndTime = milliTemp + duration;
  RedrawNow = 1; 
}

void DisplayWordDP (char WordIn[])
{
    7aa0:	dc 01       	movw	r26, r24
/home/ngranado/code/AlphaClock/alphafive/examples/AlphaClock/AlphaClock.ino:931
  // Usage: DisplayWord ("_123_"); 
  // Add or edit decimals for text displayed via DisplayWord().
  // Call in conjuction with DisplayWord, just before or after.

  dpCache[0] = WordIn[0];
    7aa2:	8c 91       	ld	r24, X
    7aa4:	ee e2       	ldi	r30, 0x2E	; 46
    7aa6:	f7 e0       	ldi	r31, 0x07	; 7
    7aa8:	80 83       	st	Z, r24
/home/ngranado/code/AlphaClock/alphafive/examples/AlphaClock/AlphaClock.ino:932
  dpCache[1] = WordIn[1];
    7aaa:	11 96       	adiw	r26, 0x01	; 1
    7aac:	8c 91       	ld	r24, X
    7aae:	11 97       	sbiw	r26, 0x01	; 1
    7ab0:	81 83       	std	Z+1, r24	; 0x01
/home/ngranado/code/AlphaClock/alphafive/examples/AlphaClock/AlphaClock.ino:933
  dpCache[2] = WordIn[2];
    7ab2:	12 96       	adiw	r26, 0x02	; 2
    7ab4:	8c 91       	ld	r24, X
    7ab6:	12 97       	sbiw	r26, 0x02	; 2
    7ab8:	82 83       	std	Z+2, r24	; 0x02
/home/ngranado/code/AlphaClock/alphafive/examples/AlphaClock/AlphaClock.ino:934
  dpCache[3] = WordIn[3];
    7aba:	13 96       	adiw	r26, 0x03	; 3
    7abc:	8c 91       	ld	r24, X
    7abe:	13 97       	sbiw	r26, 0x03	; 3
    7ac0:	83 83       	std	Z+3, r24	; 0x03
/home/ngranado/code/AlphaClock/alphafive/examples/AlphaClock/AlphaClock.ino:935
  dpCache[4] = WordIn[4];
    7ac2:	14 96       	adiw	r26, 0x04	; 4
    7ac4:	8c 91       	ld	r24, X
    7ac6:	84 83       	std	Z+4, r24	; 0x04
/home/ngranado/code/AlphaClock/alphafive/examples/AlphaClock/AlphaClock.ino:936
}
    7ac8:	08 95       	ret

00007aca <DisplayWord(char*, unsigned int)>:
DisplayWord():
/home/ngranado/code/AlphaClock/alphafive/examples/AlphaClock/AlphaClock.ino:912
}



void DisplayWord (char WordIn[], unsigned int duration)
{ // Usage: DisplayWord ("ALARM", 500); 
    7aca:	dc 01       	movw	r26, r24
/home/ngranado/code/AlphaClock/alphafive/examples/AlphaClock/AlphaClock.ino:914

  modeShowText = 1;  
    7acc:	21 e0       	ldi	r18, 0x01	; 1
    7ace:	20 93 4f 07 	sts	0x074F, r18	; 0x80074f <modeShowText>
/home/ngranado/code/AlphaClock/alphafive/examples/AlphaClock/AlphaClock.ino:915
  wordCache[0] = WordIn[0];
    7ad2:	8c 91       	ld	r24, X
    7ad4:	e3 e3       	ldi	r30, 0x33	; 51
    7ad6:	f7 e0       	ldi	r31, 0x07	; 7
    7ad8:	80 83       	st	Z, r24
/home/ngranado/code/AlphaClock/alphafive/examples/AlphaClock/AlphaClock.ino:916
  wordCache[1] = WordIn[1];
    7ada:	11 96       	adiw	r26, 0x01	; 1
    7adc:	8c 91       	ld	r24, X
    7ade:	11 97       	sbiw	r26, 0x01	; 1
    7ae0:	81 83       	std	Z+1, r24	; 0x01
/home/ngranado/code/AlphaClock/alphafive/examples/AlphaClock/AlphaClock.ino:917
  wordCache[2] = WordIn[2];
    7ae2:	12 96       	adiw	r26, 0x02	; 2
    7ae4:	8c 91       	ld	r24, X
    7ae6:	12 97       	sbiw	r26, 0x02	; 2
    7ae8:	82 83       	std	Z+2, r24	; 0x02
/home/ngranado/code/AlphaClock/alphafive/examples/AlphaClock/AlphaClock.ino:918
  wordCache[3] = WordIn[3];
    7aea:	13 96       	adiw	r26, 0x03	; 3
    7aec:	8c 91       	ld	r24, X
    7aee:	13 97       	sbiw	r26, 0x03	; 3
    7af0:	83 83       	std	Z+3, r24	; 0x03
/home/ngranado/code/AlphaClock/alphafive/examples/AlphaClock/AlphaClock.ino:919
  wordCache[4] = WordIn[4];
    7af2:	14 96       	adiw	r26, 0x04	; 4
    7af4:	8c 91       	ld	r24, X
    7af6:	84 83       	std	Z+4, r24	; 0x04
/home/ngranado/code/AlphaClock/alphafive/examples/AlphaClock/AlphaClock.ino:921

  DisplayWordEndTime = milliTemp + duration;
    7af8:	80 91 55 07 	lds	r24, 0x0755	; 0x800755 <milliTemp>
    7afc:	90 91 56 07 	lds	r25, 0x0756	; 0x800756 <milliTemp+0x1>
    7b00:	a0 91 57 07 	lds	r26, 0x0757	; 0x800757 <milliTemp+0x2>
    7b04:	b0 91 58 07 	lds	r27, 0x0758	; 0x800758 <milliTemp+0x3>
    7b08:	86 0f       	add	r24, r22
    7b0a:	97 1f       	adc	r25, r23
    7b0c:	a1 1d       	adc	r26, r1
    7b0e:	b1 1d       	adc	r27, r1
    7b10:	80 93 c0 04 	sts	0x04C0, r24	; 0x8004c0 <DisplayWordEndTime>
    7b14:	90 93 c1 04 	sts	0x04C1, r25	; 0x8004c1 <DisplayWordEndTime+0x1>
    7b18:	a0 93 c2 04 	sts	0x04C2, r26	; 0x8004c2 <DisplayWordEndTime+0x2>
    7b1c:	b0 93 c3 04 	sts	0x04C3, r27	; 0x8004c3 <DisplayWordEndTime+0x3>
/home/ngranado/code/AlphaClock/alphafive/examples/AlphaClock/AlphaClock.ino:922
  RedrawNow = 1; 
    7b20:	20 93 4d 07 	sts	0x074D, r18	; 0x80074d <RedrawNow>
/home/ngranado/code/AlphaClock/alphafive/examples/AlphaClock/AlphaClock.ino:923
}
    7b24:	08 95       	ret

00007b26 <DisplayWordSequence(unsigned char)>:
DisplayWordSequence():
/home/ngranado/code/AlphaClock/alphafive/examples/AlphaClock/AlphaClock.ino:785




void DisplayWordSequence (byte sequence)
{  // Usage:  // DisplayWordSequence(1); // displays "HELLO" "WORLD"
    7b26:	cf 93       	push	r28
    7b28:	c8 2f       	mov	r28, r24
/home/ngranado/code/AlphaClock/alphafive/examples/AlphaClock/AlphaClock.ino:787

  if (sequence != wordSequence)
    7b2a:	80 91 ff 06 	lds	r24, 0x06FF	; 0x8006ff <wordSequence>
    7b2e:	8c 17       	cp	r24, r28
    7b30:	21 f0       	breq	.+8      	; 0x7b3a <DisplayWordSequence(unsigned char)+0x14>
/home/ngranado/code/AlphaClock/alphafive/examples/AlphaClock/AlphaClock.ino:789
  {
    wordSequence = sequence;
    7b32:	c0 93 ff 06 	sts	0x06FF, r28	; 0x8006ff <wordSequence>
/home/ngranado/code/AlphaClock/alphafive/examples/AlphaClock/AlphaClock.ino:790
    wordSequenceStep = 0;
    7b36:	10 92 fe 06 	sts	0x06FE, r1	; 0x8006fe <wordSequenceStep>
/home/ngranado/code/AlphaClock/alphafive/examples/AlphaClock/AlphaClock.ino:793
  }

  DisplayWordDP("_____"); // Blank DPs unless stated otherwise.
    7b3a:	80 e5       	ldi	r24, 0x50	; 80
    7b3c:	92 e0       	ldi	r25, 0x02	; 2
    7b3e:	0e 94 50 3d 	call	0x7aa0	; 0x7aa0 <DisplayWordDP(char*)>
/home/ngranado/code/AlphaClock/alphafive/examples/AlphaClock/AlphaClock.ino:794
  wordSequenceStep++;
    7b42:	90 91 fe 06 	lds	r25, 0x06FE	; 0x8006fe <wordSequenceStep>
    7b46:	9f 5f       	subi	r25, 0xFF	; 255
    7b48:	90 93 fe 06 	sts	0x06FE, r25	; 0x8006fe <wordSequenceStep>
/home/ngranado/code/AlphaClock/alphafive/examples/AlphaClock/AlphaClock.ino:796

  switch (sequence) {
    7b4c:	c1 50       	subi	r28, 0x01	; 1
    7b4e:	c9 30       	cpi	r28, 0x09	; 9
    7b50:	08 f0       	brcs	.+2      	; 0x7b54 <DisplayWordSequence(unsigned char)+0x2e>
    7b52:	b2 c0       	rjmp	.+356    	; 0x7cb8 <DisplayWordSequence(unsigned char)+0x192>
    7b54:	ec 2f       	mov	r30, r28
    7b56:	f0 e0       	ldi	r31, 0x00	; 0
    7b58:	e0 55       	subi	r30, 0x50	; 80
    7b5a:	f2 4c       	sbci	r31, 0xC2	; 194
    7b5c:	0c 94 a4 56 	jmp	0xad48	; 0xad48 <__tablejump2__>
    7b60:	b9 3d       	cpi	r27, 0xD9	; 217
    7b62:	d1 3d       	cpi	r29, 0xD1	; 209
    7b64:	e4 3d       	cpi	r30, 0xD4	; 212
    7b66:	fb 3d       	cpi	r31, 0xDB	; 219
    7b68:	09 3e       	cpi	r16, 0xE9	; 233
    7b6a:	24 3e       	cpi	r18, 0xE4	; 228
    7b6c:	33 3e       	cpi	r19, 0xE3	; 227
    7b6e:	42 3e       	cpi	r20, 0xE2	; 226
    7b70:	49 3e       	cpi	r20, 0xE9	; 233
/home/ngranado/code/AlphaClock/alphafive/examples/AlphaClock/AlphaClock.ino:798
  case 1:     //Display "HELLO" "WORLD"
    if (wordSequenceStep == 1)
    7b72:	91 30       	cpi	r25, 0x01	; 1
    7b74:	39 f4       	brne	.+14     	; 0x7b84 <DisplayWordSequence(unsigned char)+0x5e>
/home/ngranado/code/AlphaClock/alphafive/examples/AlphaClock/AlphaClock.ino:799
      DisplayWord ("HELLO", 800);
    7b76:	60 e2       	ldi	r22, 0x20	; 32
    7b78:	73 e0       	ldi	r23, 0x03	; 3
    7b7a:	86 e5       	ldi	r24, 0x56	; 86
    7b7c:	92 e0       	ldi	r25, 0x02	; 2
/home/ngranado/code/AlphaClock/alphafive/examples/AlphaClock/AlphaClock.ino:907
  default: 
    // Turn off word sequences. (Catches case 0.)
    wordSequence = 0;
    wordSequenceStep = 0;
  }
}
    7b7e:	cf 91       	pop	r28
/home/ngranado/code/AlphaClock/alphafive/examples/AlphaClock/AlphaClock.ino:801
  switch (sequence) {
  case 1:     //Display "HELLO" "WORLD"
    if (wordSequenceStep == 1)
      DisplayWord ("HELLO", 800);
    else if (wordSequenceStep == 3)
      DisplayWord ("WORLD", 800);
    7b80:	0c 94 65 3d 	jmp	0x7aca	; 0x7aca <DisplayWord(char*, unsigned int)>
/home/ngranado/code/AlphaClock/alphafive/examples/AlphaClock/AlphaClock.ino:800

  switch (sequence) {
  case 1:     //Display "HELLO" "WORLD"
    if (wordSequenceStep == 1)
      DisplayWord ("HELLO", 800);
    else if (wordSequenceStep == 3)
    7b84:	93 30       	cpi	r25, 0x03	; 3
    7b86:	29 f4       	brne	.+10     	; 0x7b92 <DisplayWordSequence(unsigned char)+0x6c>
/home/ngranado/code/AlphaClock/alphafive/examples/AlphaClock/AlphaClock.ino:801
      DisplayWord ("WORLD", 800);
    7b88:	60 e2       	ldi	r22, 0x20	; 32
    7b8a:	73 e0       	ldi	r23, 0x03	; 3
    7b8c:	8c e5       	ldi	r24, 0x5C	; 92
    7b8e:	92 e0       	ldi	r25, 0x02	; 2
    7b90:	f6 cf       	rjmp	.-20     	; 0x7b7e <DisplayWordSequence(unsigned char)+0x58>
/home/ngranado/code/AlphaClock/alphafive/examples/AlphaClock/AlphaClock.ino:803
    else if (wordSequenceStep < 5)
      DisplayWord ("     ", 300);
    7b92:	6c e2       	ldi	r22, 0x2C	; 44
    7b94:	71 e0       	ldi	r23, 0x01	; 1
/home/ngranado/code/AlphaClock/alphafive/examples/AlphaClock/AlphaClock.ino:802
  case 1:     //Display "HELLO" "WORLD"
    if (wordSequenceStep == 1)
      DisplayWord ("HELLO", 800);
    else if (wordSequenceStep == 3)
      DisplayWord ("WORLD", 800);
    else if (wordSequenceStep < 5)
    7b96:	95 30       	cpi	r25, 0x05	; 5
    7b98:	a0 f0       	brcs	.+40     	; 0x7bc2 <DisplayWordSequence(unsigned char)+0x9c>
/home/ngranado/code/AlphaClock/alphafive/examples/AlphaClock/AlphaClock.ino:805
      DisplayWord ("     ", 300);
    else
      wordSequence = 0;
    7b9a:	10 92 ff 06 	sts	0x06FF, r1	; 0x8006ff <wordSequence>
/home/ngranado/code/AlphaClock/alphafive/examples/AlphaClock/AlphaClock.ino:907
  default: 
    // Turn off word sequences. (Catches case 0.)
    wordSequence = 0;
    wordSequenceStep = 0;
  }
}
    7b9e:	cf 91       	pop	r28
    7ba0:	08 95       	ret
/home/ngranado/code/AlphaClock/alphafive/examples/AlphaClock/AlphaClock.ino:809
    else
      wordSequence = 0;
    break;
  case 2:  //Display "ALARM" " OFF "
    if (wordSequenceStep == 1)
      DisplayWord ("ALARM", 800);
    7ba2:	60 e2       	ldi	r22, 0x20	; 32
    7ba4:	73 e0       	ldi	r23, 0x03	; 3
/home/ngranado/code/AlphaClock/alphafive/examples/AlphaClock/AlphaClock.ino:808
      DisplayWord ("     ", 300);
    else
      wordSequence = 0;
    break;
  case 2:  //Display "ALARM" " OFF "
    if (wordSequenceStep == 1)
    7ba6:	91 30       	cpi	r25, 0x01	; 1
    7ba8:	09 f4       	brne	.+2      	; 0x7bac <DisplayWordSequence(unsigned char)+0x86>
    7baa:	52 c0       	rjmp	.+164    	; 0x7c50 <DisplayWordSequence(unsigned char)+0x12a>
/home/ngranado/code/AlphaClock/alphafive/examples/AlphaClock/AlphaClock.ino:810
      DisplayWord ("ALARM", 800);
    else if (wordSequenceStep == 3)
    7bac:	93 30       	cpi	r25, 0x03	; 3
    7bae:	29 f4       	brne	.+10     	; 0x7bba <DisplayWordSequence(unsigned char)+0x94>
/home/ngranado/code/AlphaClock/alphafive/examples/AlphaClock/AlphaClock.ino:811
      DisplayWord (" OFF ", 800);
    7bb0:	60 e2       	ldi	r22, 0x20	; 32
    7bb2:	73 e0       	ldi	r23, 0x03	; 3
    7bb4:	8e e6       	ldi	r24, 0x6E	; 110
    7bb6:	92 e0       	ldi	r25, 0x02	; 2
    7bb8:	e2 cf       	rjmp	.-60     	; 0x7b7e <DisplayWordSequence(unsigned char)+0x58>
/home/ngranado/code/AlphaClock/alphafive/examples/AlphaClock/AlphaClock.ino:813
    else if (wordSequenceStep < 5)
      DisplayWord ("     ", 100);
    7bba:	64 e6       	ldi	r22, 0x64	; 100
    7bbc:	70 e0       	ldi	r23, 0x00	; 0
/home/ngranado/code/AlphaClock/alphafive/examples/AlphaClock/AlphaClock.ino:812
  case 2:  //Display "ALARM" " OFF "
    if (wordSequenceStep == 1)
      DisplayWord ("ALARM", 800);
    else if (wordSequenceStep == 3)
      DisplayWord (" OFF ", 800);
    else if (wordSequenceStep < 5)
    7bbe:	95 30       	cpi	r25, 0x05	; 5
    7bc0:	60 f7       	brcc	.-40     	; 0x7b9a <DisplayWordSequence(unsigned char)+0x74>
/home/ngranado/code/AlphaClock/alphafive/examples/AlphaClock/AlphaClock.ino:825
    else if (wordSequenceStep == 3)
      DisplayWord ("SOUND", 600);
    else if (wordSequenceStep == 5)
      DisplayWord ("USE+-", 600);
    else if (wordSequenceStep < 7)
      DisplayWord ("     ", 200);
    7bc2:	82 e6       	ldi	r24, 0x62	; 98
    7bc4:	92 e0       	ldi	r25, 0x02	; 2
    7bc6:	db cf       	rjmp	.-74     	; 0x7b7e <DisplayWordSequence(unsigned char)+0x58>
/home/ngranado/code/AlphaClock/alphafive/examples/AlphaClock/AlphaClock.ino:819
    else
      wordSequence = 0;
    break;
  case 3:  //Display "TEST" "SOUND" "USE+-"
    if (wordSequenceStep == 1)
      DisplayWord ("TEST ", 600); 
    7bc8:	68 e5       	ldi	r22, 0x58	; 88
    7bca:	72 e0       	ldi	r23, 0x02	; 2
/home/ngranado/code/AlphaClock/alphafive/examples/AlphaClock/AlphaClock.ino:818
      DisplayWord ("     ", 100);
    else
      wordSequence = 0;
    break;
  case 3:  //Display "TEST" "SOUND" "USE+-"
    if (wordSequenceStep == 1)
    7bcc:	91 30       	cpi	r25, 0x01	; 1
    7bce:	c9 f1       	breq	.+114    	; 0x7c42 <DisplayWordSequence(unsigned char)+0x11c>
/home/ngranado/code/AlphaClock/alphafive/examples/AlphaClock/AlphaClock.ino:820
      DisplayWord ("TEST ", 600); 
    else if (wordSequenceStep == 3)
    7bd0:	93 30       	cpi	r25, 0x03	; 3
    7bd2:	29 f4       	brne	.+10     	; 0x7bde <DisplayWordSequence(unsigned char)+0xb8>
/home/ngranado/code/AlphaClock/alphafive/examples/AlphaClock/AlphaClock.ino:821
      DisplayWord ("SOUND", 600);
    7bd4:	68 e5       	ldi	r22, 0x58	; 88
    7bd6:	72 e0       	ldi	r23, 0x02	; 2
    7bd8:	8a e7       	ldi	r24, 0x7A	; 122
    7bda:	92 e0       	ldi	r25, 0x02	; 2
    7bdc:	d0 cf       	rjmp	.-96     	; 0x7b7e <DisplayWordSequence(unsigned char)+0x58>
/home/ngranado/code/AlphaClock/alphafive/examples/AlphaClock/AlphaClock.ino:822
    else if (wordSequenceStep == 5)
    7bde:	95 30       	cpi	r25, 0x05	; 5
    7be0:	29 f4       	brne	.+10     	; 0x7bec <DisplayWordSequence(unsigned char)+0xc6>
/home/ngranado/code/AlphaClock/alphafive/examples/AlphaClock/AlphaClock.ino:823
      DisplayWord ("USE+-", 600);
    7be2:	68 e5       	ldi	r22, 0x58	; 88
    7be4:	72 e0       	ldi	r23, 0x02	; 2
    7be6:	80 e8       	ldi	r24, 0x80	; 128
    7be8:	92 e0       	ldi	r25, 0x02	; 2
    7bea:	c9 cf       	rjmp	.-110    	; 0x7b7e <DisplayWordSequence(unsigned char)+0x58>
/home/ngranado/code/AlphaClock/alphafive/examples/AlphaClock/AlphaClock.ino:824
    else if (wordSequenceStep < 7)
    7bec:	97 30       	cpi	r25, 0x07	; 7
    7bee:	a8 f6       	brcc	.-86     	; 0x7b9a <DisplayWordSequence(unsigned char)+0x74>
/home/ngranado/code/AlphaClock/alphafive/examples/AlphaClock/AlphaClock.ino:825
      DisplayWord ("     ", 200);
    7bf0:	68 ec       	ldi	r22, 0xC8	; 200
    7bf2:	70 e0       	ldi	r23, 0x00	; 0
    7bf4:	e6 cf       	rjmp	.-52     	; 0x7bc2 <DisplayWordSequence(unsigned char)+0x9c>
/home/ngranado/code/AlphaClock/alphafive/examples/AlphaClock/AlphaClock.ino:830
    else
      wordSequence = 0;
    break;
  case 4: //Display "NIGHT" "LIGHT"
    if (wordSequenceStep == 1)
    7bf6:	91 30       	cpi	r25, 0x01	; 1
    7bf8:	29 f4       	brne	.+10     	; 0x7c04 <DisplayWordSequence(unsigned char)+0xde>
/home/ngranado/code/AlphaClock/alphafive/examples/AlphaClock/AlphaClock.ino:831
      DisplayWord ("NIGHT", 600); 
    7bfa:	68 e5       	ldi	r22, 0x58	; 88
    7bfc:	72 e0       	ldi	r23, 0x02	; 2
    7bfe:	86 e8       	ldi	r24, 0x86	; 134
    7c00:	92 e0       	ldi	r25, 0x02	; 2
    7c02:	bd cf       	rjmp	.-134    	; 0x7b7e <DisplayWordSequence(unsigned char)+0x58>
/home/ngranado/code/AlphaClock/alphafive/examples/AlphaClock/AlphaClock.ino:832
    else if (wordSequenceStep == 3)
    7c04:	93 30       	cpi	r25, 0x03	; 3
    7c06:	c9 f6       	brne	.-78     	; 0x7bba <DisplayWordSequence(unsigned char)+0x94>
/home/ngranado/code/AlphaClock/alphafive/examples/AlphaClock/AlphaClock.ino:833
      DisplayWord ("LIGHT", 600);
    7c08:	68 e5       	ldi	r22, 0x58	; 88
    7c0a:	72 e0       	ldi	r23, 0x02	; 2
    7c0c:	8c e8       	ldi	r24, 0x8C	; 140
    7c0e:	92 e0       	ldi	r25, 0x02	; 2
    7c10:	b6 cf       	rjmp	.-148    	; 0x7b7e <DisplayWordSequence(unsigned char)+0x58>
/home/ngranado/code/AlphaClock/alphafive/examples/AlphaClock/AlphaClock.ino:841
    else
      wordSequence = 0;
    break; 
  case 5: //Display "VER21" " LED " "TEST "  // Display software version number, 2.1

    if (wordSequenceStep == 1){
    7c12:	91 30       	cpi	r25, 0x01	; 1
    7c14:	59 f4       	brne	.+22     	; 0x7c2c <DisplayWordSequence(unsigned char)+0x106>
/home/ngranado/code/AlphaClock/alphafive/examples/AlphaClock/AlphaClock.ino:842
      DisplayWord ("VER21", 2000);
    7c16:	60 ed       	ldi	r22, 0xD0	; 208
    7c18:	77 e0       	ldi	r23, 0x07	; 7
    7c1a:	82 e9       	ldi	r24, 0x92	; 146
    7c1c:	92 e0       	ldi	r25, 0x02	; 2
    7c1e:	0e 94 65 3d 	call	0x7aca	; 0x7aca <DisplayWord(char*, unsigned int)>
/home/ngranado/code/AlphaClock/alphafive/examples/AlphaClock/AlphaClock.ino:843
      DisplayWordDP("___1_");
    7c22:	88 e9       	ldi	r24, 0x98	; 152
    7c24:	92 e0       	ldi	r25, 0x02	; 2
/home/ngranado/code/AlphaClock/alphafive/examples/AlphaClock/AlphaClock.ino:907
  default: 
    // Turn off word sequences. (Catches case 0.)
    wordSequence = 0;
    wordSequenceStep = 0;
  }
}
    7c26:	cf 91       	pop	r28
/home/ngranado/code/AlphaClock/alphafive/examples/AlphaClock/AlphaClock.ino:891
  case 9:     //Display "TIME" "AND..."
    if (wordSequenceStep == 1)
      DisplayWord ("TIME ", 900); 
    else if (wordSequenceStep == 3){ 
      DisplayWord ("AND  ", 900);
      DisplayWordDP("__111"); 
    7c28:	0c 94 50 3d 	jmp	0x7aa0	; 0x7aa0 <DisplayWordDP(char*)>
/home/ngranado/code/AlphaClock/alphafive/examples/AlphaClock/AlphaClock.ino:845

    if (wordSequenceStep == 1){
      DisplayWord ("VER21", 2000);
      DisplayWordDP("___1_");
    }
    else if (wordSequenceStep == 3)
    7c2c:	93 30       	cpi	r25, 0x03	; 3
    7c2e:	29 f4       	brne	.+10     	; 0x7c3a <DisplayWordSequence(unsigned char)+0x114>
/home/ngranado/code/AlphaClock/alphafive/examples/AlphaClock/AlphaClock.ino:846
      DisplayWord (" LED ", 1000);
    7c30:	68 ee       	ldi	r22, 0xE8	; 232
    7c32:	73 e0       	ldi	r23, 0x03	; 3
    7c34:	8e e9       	ldi	r24, 0x9E	; 158
    7c36:	92 e0       	ldi	r25, 0x02	; 2
    7c38:	a2 cf       	rjmp	.-188    	; 0x7b7e <DisplayWordSequence(unsigned char)+0x58>
/home/ngranado/code/AlphaClock/alphafive/examples/AlphaClock/AlphaClock.ino:847
    else if (wordSequenceStep == 5)
    7c3a:	95 30       	cpi	r25, 0x05	; 5
    7c3c:	b9 f6       	brne	.-82     	; 0x7bec <DisplayWordSequence(unsigned char)+0xc6>
/home/ngranado/code/AlphaClock/alphafive/examples/AlphaClock/AlphaClock.ino:848
      DisplayWord ("TEST ", 1000);
    7c3e:	68 ee       	ldi	r22, 0xE8	; 232
    7c40:	73 e0       	ldi	r23, 0x03	; 3
    7c42:	84 e7       	ldi	r24, 0x74	; 116
    7c44:	92 e0       	ldi	r25, 0x02	; 2
    7c46:	9b cf       	rjmp	.-202    	; 0x7b7e <DisplayWordSequence(unsigned char)+0x58>
/home/ngranado/code/AlphaClock/alphafive/examples/AlphaClock/AlphaClock.ino:855
      DisplayWord ("     ", 200); 
    else
      wordSequence = 0; 
    break;
  case 6:     //Display "ALARM" "TONE"
    if (wordSequenceStep == 1)
    7c48:	91 30       	cpi	r25, 0x01	; 1
    7c4a:	29 f4       	brne	.+10     	; 0x7c56 <DisplayWordSequence(unsigned char)+0x130>
/home/ngranado/code/AlphaClock/alphafive/examples/AlphaClock/AlphaClock.ino:856
      DisplayWord ("ALARM", 700);
    7c4c:	6c eb       	ldi	r22, 0xBC	; 188
    7c4e:	72 e0       	ldi	r23, 0x02	; 2
    7c50:	88 e6       	ldi	r24, 0x68	; 104
    7c52:	92 e0       	ldi	r25, 0x02	; 2
    7c54:	94 cf       	rjmp	.-216    	; 0x7b7e <DisplayWordSequence(unsigned char)+0x58>
/home/ngranado/code/AlphaClock/alphafive/examples/AlphaClock/AlphaClock.ino:857
    else if (wordSequenceStep == 3)
    7c56:	93 30       	cpi	r25, 0x03	; 3
    7c58:	09 f0       	breq	.+2      	; 0x7c5c <DisplayWordSequence(unsigned char)+0x136>
    7c5a:	af cf       	rjmp	.-162    	; 0x7bba <DisplayWordSequence(unsigned char)+0x94>
/home/ngranado/code/AlphaClock/alphafive/examples/AlphaClock/AlphaClock.ino:858
      DisplayWord (" TONE", 700);
    7c5c:	6c eb       	ldi	r22, 0xBC	; 188
    7c5e:	72 e0       	ldi	r23, 0x02	; 2
    7c60:	84 ea       	ldi	r24, 0xA4	; 164
    7c62:	92 e0       	ldi	r25, 0x02	; 2
    7c64:	8c cf       	rjmp	.-232    	; 0x7b7e <DisplayWordSequence(unsigned char)+0x58>
/home/ngranado/code/AlphaClock/alphafive/examples/AlphaClock/AlphaClock.ino:866
    else
      wordSequence = 0;
    break;

  case 7:     //Display "FONT " "STYLE"
    if (wordSequenceStep == 1)
    7c66:	91 30       	cpi	r25, 0x01	; 1
    7c68:	29 f4       	brne	.+10     	; 0x7c74 <DisplayWordSequence(unsigned char)+0x14e>
/home/ngranado/code/AlphaClock/alphafive/examples/AlphaClock/AlphaClock.ino:867
      DisplayWord ("FONT ", 700);
    7c6a:	6c eb       	ldi	r22, 0xBC	; 188
    7c6c:	72 e0       	ldi	r23, 0x02	; 2
    7c6e:	8a ea       	ldi	r24, 0xAA	; 170
    7c70:	92 e0       	ldi	r25, 0x02	; 2
    7c72:	85 cf       	rjmp	.-246    	; 0x7b7e <DisplayWordSequence(unsigned char)+0x58>
/home/ngranado/code/AlphaClock/alphafive/examples/AlphaClock/AlphaClock.ino:868
    else if (wordSequenceStep == 3)
    7c74:	93 30       	cpi	r25, 0x03	; 3
    7c76:	09 f0       	breq	.+2      	; 0x7c7a <DisplayWordSequence(unsigned char)+0x154>
    7c78:	a0 cf       	rjmp	.-192    	; 0x7bba <DisplayWordSequence(unsigned char)+0x94>
/home/ngranado/code/AlphaClock/alphafive/examples/AlphaClock/AlphaClock.ino:869
      DisplayWord ("STYLE", 700);
    7c7a:	6c eb       	ldi	r22, 0xBC	; 188
    7c7c:	72 e0       	ldi	r23, 0x02	; 2
    7c7e:	80 eb       	ldi	r24, 0xB0	; 176
    7c80:	92 e0       	ldi	r25, 0x02	; 2
    7c82:	7d cf       	rjmp	.-262    	; 0x7b7e <DisplayWordSequence(unsigned char)+0x58>
/home/ngranado/code/AlphaClock/alphafive/examples/AlphaClock/AlphaClock.ino:877
    else
      wordSequence = 0;
    break;

  case 8:     //Display "CLOCK" "STYLE"
    if (wordSequenceStep == 1)
    7c84:	91 30       	cpi	r25, 0x01	; 1
    7c86:	b1 f7       	brne	.-20     	; 0x7c74 <DisplayWordSequence(unsigned char)+0x14e>
/home/ngranado/code/AlphaClock/alphafive/examples/AlphaClock/AlphaClock.ino:878
      DisplayWord ("CLOCK", 700);
    7c88:	6c eb       	ldi	r22, 0xBC	; 188
    7c8a:	72 e0       	ldi	r23, 0x02	; 2
    7c8c:	86 eb       	ldi	r24, 0xB6	; 182
    7c8e:	92 e0       	ldi	r25, 0x02	; 2
    7c90:	76 cf       	rjmp	.-276    	; 0x7b7e <DisplayWordSequence(unsigned char)+0x58>
/home/ngranado/code/AlphaClock/alphafive/examples/AlphaClock/AlphaClock.ino:887
      DisplayWord ("     ", 100);
    else
      wordSequence = 0;
    break;    
  case 9:     //Display "TIME" "AND..."
    if (wordSequenceStep == 1)
    7c92:	91 30       	cpi	r25, 0x01	; 1
    7c94:	29 f4       	brne	.+10     	; 0x7ca0 <DisplayWordSequence(unsigned char)+0x17a>
/home/ngranado/code/AlphaClock/alphafive/examples/AlphaClock/AlphaClock.ino:888
      DisplayWord ("TIME ", 900); 
    7c96:	64 e8       	ldi	r22, 0x84	; 132
    7c98:	73 e0       	ldi	r23, 0x03	; 3
    7c9a:	8c eb       	ldi	r24, 0xBC	; 188
    7c9c:	92 e0       	ldi	r25, 0x02	; 2
    7c9e:	6f cf       	rjmp	.-290    	; 0x7b7e <DisplayWordSequence(unsigned char)+0x58>
/home/ngranado/code/AlphaClock/alphafive/examples/AlphaClock/AlphaClock.ino:889
    else if (wordSequenceStep == 3){ 
    7ca0:	93 30       	cpi	r25, 0x03	; 3
    7ca2:	09 f0       	breq	.+2      	; 0x7ca6 <DisplayWordSequence(unsigned char)+0x180>
    7ca4:	8a cf       	rjmp	.-236    	; 0x7bba <DisplayWordSequence(unsigned char)+0x94>
/home/ngranado/code/AlphaClock/alphafive/examples/AlphaClock/AlphaClock.ino:890
      DisplayWord ("AND  ", 900);
    7ca6:	64 e8       	ldi	r22, 0x84	; 132
    7ca8:	73 e0       	ldi	r23, 0x03	; 3
    7caa:	82 ec       	ldi	r24, 0xC2	; 194
    7cac:	92 e0       	ldi	r25, 0x02	; 2
    7cae:	0e 94 65 3d 	call	0x7aca	; 0x7aca <DisplayWord(char*, unsigned int)>
/home/ngranado/code/AlphaClock/alphafive/examples/AlphaClock/AlphaClock.ino:891
      DisplayWordDP("__111"); 
    7cb2:	88 ec       	ldi	r24, 0xC8	; 200
    7cb4:	92 e0       	ldi	r25, 0x02	; 2
    7cb6:	b7 cf       	rjmp	.-146    	; 0x7c26 <DisplayWordSequence(unsigned char)+0x100>
/home/ngranado/code/AlphaClock/alphafive/examples/AlphaClock/AlphaClock.ino:904



  default: 
    // Turn off word sequences. (Catches case 0.)
    wordSequence = 0;
    7cb8:	10 92 ff 06 	sts	0x06FF, r1	; 0x8006ff <wordSequence>
/home/ngranado/code/AlphaClock/alphafive/examples/AlphaClock/AlphaClock.ino:905
    wordSequenceStep = 0;
    7cbc:	10 92 fe 06 	sts	0x06FE, r1	; 0x8006fe <wordSequenceStep>
    7cc0:	6e cf       	rjmp	.-292    	; 0x7b9e <DisplayWordSequence(unsigned char)+0x78>

00007cc2 <DisplayMenuOptionName()>:
DisplayMenuOptionName():
/home/ngranado/code/AlphaClock/alphafive/examples/AlphaClock/AlphaClock.ino:623


void DisplayMenuOptionName(void){
  // Display title of menu name after switching to new menu utem.

  switch (menuItem) {
    7cc2:	e0 91 02 07 	lds	r30, 0x0702	; 0x800702 <menuItem>
    7cc6:	e1 50       	subi	r30, 0x01	; 1
    7cc8:	eb 30       	cpi	r30, 0x0B	; 11
    7cca:	08 f0       	brcs	.+2      	; 0x7cce <DisplayMenuOptionName()+0xc>
    7ccc:	40 c0       	rjmp	.+128    	; 0x7d4e <DisplayMenuOptionName()+0x8c>
    7cce:	f0 e0       	ldi	r31, 0x00	; 0
    7cd0:	e4 59       	subi	r30, 0x94	; 148
    7cd2:	f1 4c       	sbci	r31, 0xC1	; 193
    7cd4:	0c 94 a4 56 	jmp	0xad48	; 0xad48 <__tablejump2__>
    7cd8:	77 3e       	cpi	r23, 0xE7	; 231
    7cda:	7a 3e       	cpi	r23, 0xEA	; 234
    7cdc:	7c 3e       	cpi	r23, 0xEC	; 236
    7cde:	7e 3e       	cpi	r23, 0xEE	; 238
    7ce0:	80 3e       	cpi	r24, 0xE0	; 224
    7ce2:	82 3e       	cpi	r24, 0xE2	; 226
    7ce4:	8b 3e       	cpi	r24, 0xEB	; 235
    7ce6:	91 3e       	cpi	r25, 0xE1	; 225
    7ce8:	9b 3e       	cpi	r25, 0xEB	; 235
    7cea:	a0 3e       	cpi	r26, 0xE0	; 224
    7cec:	a2 3e       	cpi	r26, 0xE2	; 226
/home/ngranado/code/AlphaClock/alphafive/examples/AlphaClock/AlphaClock.ino:625
  case NightLightMenuItem:
    DisplayWordSequence(4);  // Night Light
    7cee:	84 e0       	ldi	r24, 0x04	; 4
/home/ngranado/code/AlphaClock/alphafive/examples/AlphaClock/AlphaClock.ino:628
    break;
  case AlarmToneMenuItem:
    DisplayWordSequence(6);  // Alarm Tone
    7cf0:	0c 94 93 3d 	jmp	0x7b26	; 0x7b26 <DisplayWordSequence(unsigned char)>
    7cf4:	86 e0       	ldi	r24, 0x06	; 6
    7cf6:	fc cf       	rjmp	.-8      	; 0x7cf0 <DisplayMenuOptionName()+0x2e>
/home/ngranado/code/AlphaClock/alphafive/examples/AlphaClock/AlphaClock.ino:631
    break; 
  case SoundTestMenuItem:
    DisplayWordSequence(3); // Sound-test menu item, 3.  Display "TEST" "SOUND" "USE+-"
    7cf8:	83 e0       	ldi	r24, 0x03	; 3
    7cfa:	fa cf       	rjmp	.-12     	; 0x7cf0 <DisplayMenuOptionName()+0x2e>
/home/ngranado/code/AlphaClock/alphafive/examples/AlphaClock/AlphaClock.ino:634
    break;
  case numberCharSetMenuItem:
    DisplayWordSequence(7); // Font Style
    7cfc:	87 e0       	ldi	r24, 0x07	; 7
    7cfe:	f8 cf       	rjmp	.-16     	; 0x7cf0 <DisplayMenuOptionName()+0x2e>
/home/ngranado/code/AlphaClock/alphafive/examples/AlphaClock/AlphaClock.ino:637
    break;
  case DisplayStyleMenuItem:
    DisplayWordSequence(8); // Clock Style
    7d00:	88 e0       	ldi	r24, 0x08	; 8
    7d02:	f6 cf       	rjmp	.-20     	; 0x7cf0 <DisplayMenuOptionName()+0x2e>
/home/ngranado/code/AlphaClock/alphafive/examples/AlphaClock/AlphaClock.ino:640
    break;
  case SetYearMenuItem:
    DisplayWord ("YEAR ", 800); 
    7d04:	60 e2       	ldi	r22, 0x20	; 32
    7d06:	73 e0       	ldi	r23, 0x03	; 3
    7d08:	8e ec       	ldi	r24, 0xCE	; 206
    7d0a:	92 e0       	ldi	r25, 0x02	; 2
/home/ngranado/code/AlphaClock/alphafive/examples/AlphaClock/AlphaClock.ino:651
  case SetDayMenuItem:
    DisplayWord ("DAY  ", 800);  
    DisplayWordDP("__12_");
    break;       
  case SetSecondsMenuItem:
    DisplayWord ("SECS ", 800);  
    7d0c:	0e 94 65 3d 	call	0x7aca	; 0x7aca <DisplayWord(char*, unsigned int)>
/home/ngranado/code/AlphaClock/alphafive/examples/AlphaClock/AlphaClock.ino:652
    DisplayWordDP("___12");
    7d10:	84 ed       	ldi	r24, 0xD4	; 212
    7d12:	92 e0       	ldi	r25, 0x02	; 2
    7d14:	0e c0       	rjmp	.+28     	; 0x7d32 <DisplayMenuOptionName()+0x70>
/home/ngranado/code/AlphaClock/alphafive/examples/AlphaClock/AlphaClock.ino:644
  case SetYearMenuItem:
    DisplayWord ("YEAR ", 800); 
    DisplayWordDP("___12");
    break;
  case SetMonthMenuItem:
    DisplayWord ("MONTH", 800);   
    7d16:	60 e2       	ldi	r22, 0x20	; 32
    7d18:	73 e0       	ldi	r23, 0x03	; 3
    7d1a:	8a ed       	ldi	r24, 0xDA	; 218
    7d1c:	92 e0       	ldi	r25, 0x02	; 2
/home/ngranado/code/AlphaClock/alphafive/examples/AlphaClock/AlphaClock.ino:660
    DisplayWordSequence(9); // "TIME AND..."
    //    DisplayWord ("ALTW/", 2000);  
    //   DisplayWordDP("__11_");
    break;
  case UTCOffsetMenuItem:
    DisplayWord ("UTC  ", 800);
    7d1e:	0c 94 65 3d 	jmp	0x7aca	; 0x7aca <DisplayWord(char*, unsigned int)>
/home/ngranado/code/AlphaClock/alphafive/examples/AlphaClock/AlphaClock.ino:647
    break;
  case SetMonthMenuItem:
    DisplayWord ("MONTH", 800);   
    break;      
  case SetDayMenuItem:
    DisplayWord ("DAY  ", 800);  
    7d22:	60 e2       	ldi	r22, 0x20	; 32
    7d24:	73 e0       	ldi	r23, 0x03	; 3
    7d26:	80 ee       	ldi	r24, 0xE0	; 224
    7d28:	92 e0       	ldi	r25, 0x02	; 2
    7d2a:	0e 94 65 3d 	call	0x7aca	; 0x7aca <DisplayWord(char*, unsigned int)>
/home/ngranado/code/AlphaClock/alphafive/examples/AlphaClock/AlphaClock.ino:648
    DisplayWordDP("__12_");
    7d2e:	86 ee       	ldi	r24, 0xE6	; 230
    7d30:	92 e0       	ldi	r25, 0x02	; 2
/home/ngranado/code/AlphaClock/alphafive/examples/AlphaClock/AlphaClock.ino:652
    break;       
  case SetSecondsMenuItem:
    DisplayWord ("SECS ", 800);  
    DisplayWordDP("___12");
    7d32:	0c 94 50 3d 	jmp	0x7aa0	; 0x7aa0 <DisplayWordDP(char*)>
/home/ngranado/code/AlphaClock/alphafive/examples/AlphaClock/AlphaClock.ino:651
  case SetDayMenuItem:
    DisplayWord ("DAY  ", 800);  
    DisplayWordDP("__12_");
    break;       
  case SetSecondsMenuItem:
    DisplayWord ("SECS ", 800);  
    7d36:	60 e2       	ldi	r22, 0x20	; 32
    7d38:	73 e0       	ldi	r23, 0x03	; 3
    7d3a:	8c ee       	ldi	r24, 0xEC	; 236
    7d3c:	92 e0       	ldi	r25, 0x02	; 2
    7d3e:	e6 cf       	rjmp	.-52     	; 0x7d0c <DisplayMenuOptionName()+0x4a>
/home/ngranado/code/AlphaClock/alphafive/examples/AlphaClock/AlphaClock.ino:655
    DisplayWordDP("___12");
    break;   
  case AltModeMenuItem:  
    DisplayWordSequence(9); // "TIME AND..."
    7d40:	89 e0       	ldi	r24, 0x09	; 9
    7d42:	d6 cf       	rjmp	.-84     	; 0x7cf0 <DisplayMenuOptionName()+0x2e>
/home/ngranado/code/AlphaClock/alphafive/examples/AlphaClock/AlphaClock.ino:660
    //    DisplayWord ("ALTW/", 2000);  
    //   DisplayWordDP("__11_");
    break;
  case UTCOffsetMenuItem:
    DisplayWord ("UTC  ", 800);
    7d44:	60 e2       	ldi	r22, 0x20	; 32
    7d46:	73 e0       	ldi	r23, 0x03	; 3
    7d48:	82 ef       	ldi	r24, 0xF2	; 242
    7d4a:	92 e0       	ldi	r25, 0x02	; 2
    7d4c:	e8 cf       	rjmp	.-48     	; 0x7d1e <DisplayMenuOptionName()+0x5c>
/home/ngranado/code/AlphaClock/alphafive/examples/AlphaClock/AlphaClock.ino:665
    break;
  default:  // do nothing!
    break;
  }
}
    7d4e:	08 95       	ret

00007d50 <TurnOffAlarm()>:
TurnOffAlarm():
/home/ngranado/code/AlphaClock/alphafive/examples/AlphaClock/AlphaClock.ino:233
}

void TurnOffAlarm(void)
{ // This cancels the alarm when it is going off (or snoozed).
  // It does leave the alarm enabled for next time, however.
  if (alarmNow || snoozed){
    7d50:	80 91 3d 07 	lds	r24, 0x073D	; 0x80073d <alarmNow>
    7d54:	81 11       	cpse	r24, r1
    7d56:	04 c0       	rjmp	.+8      	; 0x7d60 <TurnOffAlarm()+0x10>
    7d58:	80 91 3c 07 	lds	r24, 0x073C	; 0x80073c <snoozed>
    7d5c:	88 23       	and	r24, r24
    7d5e:	69 f0       	breq	.+26     	; 0x7d7a <TurnOffAlarm()+0x2a>
/home/ngranado/code/AlphaClock/alphafive/examples/AlphaClock/AlphaClock.ino:234
    snoozed = 0;
    7d60:	10 92 3c 07 	sts	0x073C, r1	; 0x80073c <snoozed>
/home/ngranado/code/AlphaClock/alphafive/examples/AlphaClock/AlphaClock.ino:235
    alarmNow = 0;
    7d64:	10 92 3d 07 	sts	0x073D, r1	; 0x80073d <alarmNow>
/home/ngranado/code/AlphaClock/alphafive/examples/AlphaClock/AlphaClock.ino:236
    a5noTone();
    7d68:	0e 94 84 39 	call	0x7308	; 0x7308 <a5noTone()>
/home/ngranado/code/AlphaClock/alphafive/examples/AlphaClock/AlphaClock.ino:238

    if (modeShowMenu == 0) 
    7d6c:	80 91 2c 07 	lds	r24, 0x072C	; 0x80072c <modeShowMenu>
    7d70:	81 11       	cpse	r24, r1
    7d72:	03 c0       	rjmp	.+6      	; 0x7d7a <TurnOffAlarm()+0x2a>
/home/ngranado/code/AlphaClock/alphafive/examples/AlphaClock/AlphaClock.ino:239
      DisplayWordSequence(2); // Display: "ALARM OFF", EXCEPT if we are in the menus.
    7d74:	82 e0       	ldi	r24, 0x02	; 2
    7d76:	0c 94 93 3d 	jmp	0x7b26	; 0x7b26 <DisplayWordSequence(unsigned char)>
/home/ngranado/code/AlphaClock/alphafive/examples/AlphaClock/AlphaClock.ino:241
  }
}  
    7d7a:	08 95       	ret

00007d7c <decrementAlarm()>:
decrementAlarm():
/home/ngranado/code/AlphaClock/alphafive/examples/AlphaClock/AlphaClock.ino:217
}

void decrementAlarm(void)
{  // Retard alarm time by one minute 

  if (AlarmTimeMin > 0)
    7d7c:	80 91 3f 07 	lds	r24, 0x073F	; 0x80073f <AlarmTimeMin>
    7d80:	88 23       	and	r24, r24
    7d82:	39 f0       	breq	.+14     	; 0x7d92 <decrementAlarm()+0x16>
/home/ngranado/code/AlphaClock/alphafive/examples/AlphaClock/AlphaClock.ino:218
    AlarmTimeMin--;
    7d84:	81 50       	subi	r24, 0x01	; 1
    7d86:	80 93 3f 07 	sts	0x073F, r24	; 0x80073f <AlarmTimeMin>
/home/ngranado/code/AlphaClock/alphafive/examples/AlphaClock/AlphaClock.ino:227
    if (AlarmTimeHr > 0)
      AlarmTimeHr--;
    else
      AlarmTimeHr = 23;
  }
  UpdateEE = 1;
    7d8a:	81 e0       	ldi	r24, 0x01	; 1
    7d8c:	80 93 46 07 	sts	0x0746, r24	; 0x800746 <UpdateEE>
/home/ngranado/code/AlphaClock/alphafive/examples/AlphaClock/AlphaClock.ino:228
}
    7d90:	08 95       	ret
/home/ngranado/code/AlphaClock/alphafive/examples/AlphaClock/AlphaClock.ino:221

  if (AlarmTimeMin > 0)
    AlarmTimeMin--;
  else
  {   
    AlarmTimeMin = 59;
    7d92:	8b e3       	ldi	r24, 0x3B	; 59
    7d94:	80 93 3f 07 	sts	0x073F, r24	; 0x80073f <AlarmTimeMin>
/home/ngranado/code/AlphaClock/alphafive/examples/AlphaClock/AlphaClock.ino:222
    if (AlarmTimeHr > 0)
    7d98:	80 91 40 07 	lds	r24, 0x0740	; 0x800740 <AlarmTimeHr>
    7d9c:	88 23       	and	r24, r24
    7d9e:	21 f0       	breq	.+8      	; 0x7da8 <decrementAlarm()+0x2c>
/home/ngranado/code/AlphaClock/alphafive/examples/AlphaClock/AlphaClock.ino:223
      AlarmTimeHr--;
    7da0:	81 50       	subi	r24, 0x01	; 1
/home/ngranado/code/AlphaClock/alphafive/examples/AlphaClock/AlphaClock.ino:225
    else
      AlarmTimeHr = 23;
    7da2:	80 93 40 07 	sts	0x0740, r24	; 0x800740 <AlarmTimeHr>
    7da6:	f1 cf       	rjmp	.-30     	; 0x7d8a <decrementAlarm()+0xe>
    7da8:	87 e1       	ldi	r24, 0x17	; 23
    7daa:	fb cf       	rjmp	.-10     	; 0x7da2 <decrementAlarm()+0x26>

00007dac <incrementAlarm()>:
incrementAlarm():
/home/ngranado/code/AlphaClock/alphafive/examples/AlphaClock/AlphaClock.ino:203
byte SoundSequence; 

void incrementAlarm(void)
{  // Advance alarm time by one minute 

  AlarmTimeMin += 1;
    7dac:	80 91 3f 07 	lds	r24, 0x073F	; 0x80073f <AlarmTimeMin>
    7db0:	8f 5f       	subi	r24, 0xFF	; 255
/home/ngranado/code/AlphaClock/alphafive/examples/AlphaClock/AlphaClock.ino:204
  if (AlarmTimeMin > 59)
    7db2:	8c 33       	cpi	r24, 0x3C	; 60
    7db4:	30 f4       	brcc	.+12     	; 0x7dc2 <incrementAlarm()+0x16>
/home/ngranado/code/AlphaClock/alphafive/examples/AlphaClock/AlphaClock.ino:203
byte SoundSequence; 

void incrementAlarm(void)
{  // Advance alarm time by one minute 

  AlarmTimeMin += 1;
    7db6:	80 93 3f 07 	sts	0x073F, r24	; 0x80073f <AlarmTimeMin>
/home/ngranado/code/AlphaClock/alphafive/examples/AlphaClock/AlphaClock.ino:211
    AlarmTimeMin = 0;
    AlarmTimeHr += 1; 
    if (AlarmTimeHr > 23)
      AlarmTimeHr = 0; 
  } 
  UpdateEE = 1;
    7dba:	81 e0       	ldi	r24, 0x01	; 1
    7dbc:	80 93 46 07 	sts	0x0746, r24	; 0x800746 <UpdateEE>
/home/ngranado/code/AlphaClock/alphafive/examples/AlphaClock/AlphaClock.ino:212
}
    7dc0:	08 95       	ret
/home/ngranado/code/AlphaClock/alphafive/examples/AlphaClock/AlphaClock.ino:206
{  // Advance alarm time by one minute 

  AlarmTimeMin += 1;
  if (AlarmTimeMin > 59)
  {
    AlarmTimeMin = 0;
    7dc2:	10 92 3f 07 	sts	0x073F, r1	; 0x80073f <AlarmTimeMin>
/home/ngranado/code/AlphaClock/alphafive/examples/AlphaClock/AlphaClock.ino:207
    AlarmTimeHr += 1; 
    7dc6:	80 91 40 07 	lds	r24, 0x0740	; 0x800740 <AlarmTimeHr>
    7dca:	8f 5f       	subi	r24, 0xFF	; 255
/home/ngranado/code/AlphaClock/alphafive/examples/AlphaClock/AlphaClock.ino:208
    if (AlarmTimeHr > 23)
    7dcc:	88 31       	cpi	r24, 0x18	; 24
    7dce:	18 f4       	brcc	.+6      	; 0x7dd6 <incrementAlarm()+0x2a>
/home/ngranado/code/AlphaClock/alphafive/examples/AlphaClock/AlphaClock.ino:207

  AlarmTimeMin += 1;
  if (AlarmTimeMin > 59)
  {
    AlarmTimeMin = 0;
    AlarmTimeHr += 1; 
    7dd0:	80 93 40 07 	sts	0x0740, r24	; 0x800740 <AlarmTimeHr>
    7dd4:	f2 cf       	rjmp	.-28     	; 0x7dba <incrementAlarm()+0xe>
/home/ngranado/code/AlphaClock/alphafive/examples/AlphaClock/AlphaClock.ino:209
    if (AlarmTimeHr > 23)
      AlarmTimeHr = 0; 
    7dd6:	10 92 40 07 	sts	0x0740, r1	; 0x800740 <AlarmTimeHr>
    7dda:	ef cf       	rjmp	.-34     	; 0x7dba <incrementAlarm()+0xe>

00007ddc <Print::write(char const*) [clone .part.2] [clone .constprop.26]>:
_ZN5Print5writeEPKc.part.2():
/tmp/claude-1000/-home-ngranado-code-AlphaClock/a04e4601-07d0-434a-ba88-eb280e7d56e2/scratchpad/a15/packages/MightyCore/hardware/avr/3.1.0/cores/MCUdude_corefiles/Print.h:54
    void clearWriteError() { setWriteError(0); }

    virtual size_t write(uint8_t) = 0;
    size_t write(const char *str) {
      if (str == NULL) return 0;
      return write((const uint8_t *)str, strlen(str));
    7ddc:	fc 01       	movw	r30, r24
    7dde:	01 90       	ld	r0, Z+
    7de0:	00 20       	and	r0, r0
    7de2:	e9 f7       	brne	.-6      	; 0x7dde <Print::write(char const*) [clone .part.2] [clone .constprop.26]+0x2>
    7de4:	31 97       	sbiw	r30, 0x01	; 1
    7de6:	af 01       	movw	r20, r30
    7de8:	48 1b       	sub	r20, r24
    7dea:	59 0b       	sbc	r21, r25
    7dec:	bc 01       	movw	r22, r24
    7dee:	87 e4       	ldi	r24, 0x47	; 71
    7df0:	98 e0       	ldi	r25, 0x08	; 8
    7df2:	0c 94 6e 34 	jmp	0x68dc	; 0x68dc <Print::write(unsigned char const*, unsigned int)>

00007df6 <Print::printNumber(unsigned long, unsigned char) [clone .constprop.24]>:
printNumber():
/tmp/claude-1000/-home-ngranado-code-AlphaClock/a04e4601-07d0-434a-ba88-eb280e7d56e2/scratchpad/a15/packages/MightyCore/hardware/avr/3.1.0/cores/MCUdude_corefiles/Print.cpp:232
  return vfprintf_P(&f, (const char *)format, ap);
}

// Private Methods /////////////////////////////////////////////////////////////

size_t Print::printNumber(unsigned long n, uint8_t base)
    7df6:	8f 92       	push	r8
    7df8:	9f 92       	push	r9
    7dfa:	af 92       	push	r10
    7dfc:	bf 92       	push	r11
    7dfe:	0f 93       	push	r16
    7e00:	1f 93       	push	r17
    7e02:	cf 93       	push	r28
    7e04:	df 93       	push	r29
    7e06:	cd b7       	in	r28, 0x3d	; 61
    7e08:	de b7       	in	r29, 0x3e	; 62
    7e0a:	a1 97       	sbiw	r28, 0x21	; 33
    7e0c:	0f b6       	in	r0, 0x3f	; 63
    7e0e:	f8 94       	cli
    7e10:	de bf       	out	0x3e, r29	; 62
    7e12:	0f be       	out	0x3f, r0	; 63
    7e14:	cd bf       	out	0x3d, r28	; 61
/tmp/claude-1000/-home-ngranado-code-AlphaClock/a04e4601-07d0-434a-ba88-eb280e7d56e2/scratchpad/a15/packages/MightyCore/hardware/avr/3.1.0/cores/MCUdude_corefiles/Print.cpp:237
{
  char buf[8 * sizeof(long) + 1]; // Assumes 8-bit chars plus zero byte.
  char *str = &buf[sizeof(buf) - 1];

  *str = '\0';
    7e16:	19 a2       	std	Y+33, r1	; 0x21
/tmp/claude-1000/-home-ngranado-code-AlphaClock/a04e4601-07d0-434a-ba88-eb280e7d56e2/scratchpad/a15/packages/MightyCore/hardware/avr/3.1.0/cores/MCUdude_corefiles/Print.cpp:240

  // prevent crash if called with base == 1
  if (base < 2) base = 10;
    7e18:	42 30       	cpi	r20, 0x02	; 2
    7e1a:	08 f4       	brcc	.+2      	; 0x7e1e <Print::printNumber(unsigned long, unsigned char) [clone .constprop.24]+0x28>
    7e1c:	4a e0       	ldi	r20, 0x0A	; 10
    7e1e:	8e 01       	movw	r16, r28
    7e20:	0f 5d       	subi	r16, 0xDF	; 223
    7e22:	1f 4f       	sbci	r17, 0xFF	; 255
/tmp/claude-1000/-home-ngranado-code-AlphaClock/a04e4601-07d0-434a-ba88-eb280e7d56e2/scratchpad/a15/packages/MightyCore/hardware/avr/3.1.0/cores/MCUdude_corefiles/Print.cpp:243

  do {
    char c = n % base;
    7e24:	84 2e       	mov	r8, r20
    7e26:	91 2c       	mov	r9, r1
    7e28:	b1 2c       	mov	r11, r1
    7e2a:	a1 2c       	mov	r10, r1
    7e2c:	a5 01       	movw	r20, r10
    7e2e:	94 01       	movw	r18, r8
    7e30:	0e 94 43 56 	call	0xac86	; 0xac86 <__udivmodsi4>
    7e34:	e6 2f       	mov	r30, r22
/tmp/claude-1000/-home-ngranado-code-AlphaClock/a04e4601-07d0-434a-ba88-eb280e7d56e2/scratchpad/a15/packages/MightyCore/hardware/avr/3.1.0/cores/MCUdude_corefiles/Print.cpp:244
    n /= base;
    7e36:	b9 01       	movw	r22, r18
    7e38:	ca 01       	movw	r24, r20
/tmp/claude-1000/-home-ngranado-code-AlphaClock/a04e4601-07d0-434a-ba88-eb280e7d56e2/scratchpad/a15/packages/MightyCore/hardware/avr/3.1.0/cores/MCUdude_corefiles/Print.cpp:246

    *--str = c < 10 ? c + '0' : c + 'A' - 10;
    7e3a:	ea 30       	cpi	r30, 0x0A	; 10
    7e3c:	f4 f4       	brge	.+60     	; 0x7e7a <Print::printNumber(unsigned long, unsigned char) [clone .constprop.24]+0x84>
    7e3e:	e0 5d       	subi	r30, 0xD0	; 208
    7e40:	d8 01       	movw	r26, r16
    7e42:	ee 93       	st	-X, r30
    7e44:	8d 01       	movw	r16, r26
/tmp/claude-1000/-home-ngranado-code-AlphaClock/a04e4601-07d0-434a-ba88-eb280e7d56e2/scratchpad/a15/packages/MightyCore/hardware/avr/3.1.0/cores/MCUdude_corefiles/Print.cpp:247
  } while(n);
    7e46:	23 2b       	or	r18, r19
    7e48:	24 2b       	or	r18, r20
    7e4a:	25 2b       	or	r18, r21
    7e4c:	79 f7       	brne	.-34     	; 0x7e2c <Print::printNumber(unsigned long, unsigned char) [clone .constprop.24]+0x36>
/tmp/claude-1000/-home-ngranado-code-AlphaClock/a04e4601-07d0-434a-ba88-eb280e7d56e2/scratchpad/a15/packages/MightyCore/hardware/avr/3.1.0/cores/MCUdude_corefiles/Print.h:53
    int getWriteError() { return write_error; }
    void clearWriteError() { setWriteError(0); }

    virtual size_t write(uint8_t) = 0;
    size_t write(const char *str) {
      if (str == NULL) return 0;
    7e4e:	90 e0       	ldi	r25, 0x00	; 0
    7e50:	80 e0       	ldi	r24, 0x00	; 0
write():
    7e52:	10 97       	sbiw	r26, 0x00	; 0
    7e54:	19 f0       	breq	.+6      	; 0x7e5c <Print::printNumber(unsigned long, unsigned char) [clone .constprop.24]+0x66>
    7e56:	cd 01       	movw	r24, r26
    7e58:	0e 94 ee 3e 	call	0x7ddc	; 0x7ddc <Print::write(char const*) [clone .part.2] [clone .constprop.26]>
printNumber():
/tmp/claude-1000/-home-ngranado-code-AlphaClock/a04e4601-07d0-434a-ba88-eb280e7d56e2/scratchpad/a15/packages/MightyCore/hardware/avr/3.1.0/cores/MCUdude_corefiles/Print.cpp:250

  return write(str);
}
    7e5c:	a1 96       	adiw	r28, 0x21	; 33
    7e5e:	0f b6       	in	r0, 0x3f	; 63
    7e60:	f8 94       	cli
    7e62:	de bf       	out	0x3e, r29	; 62
    7e64:	0f be       	out	0x3f, r0	; 63
    7e66:	cd bf       	out	0x3d, r28	; 61
    7e68:	df 91       	pop	r29
    7e6a:	cf 91       	pop	r28
    7e6c:	1f 91       	pop	r17
    7e6e:	0f 91       	pop	r16
    7e70:	bf 90       	pop	r11
    7e72:	af 90       	pop	r10
    7e74:	9f 90       	pop	r9
    7e76:	8f 90       	pop	r8
    7e78:	08 95       	ret
/tmp/claude-1000/-home-ngranado-code-AlphaClock/a04e4601-07d0-434a-ba88-eb280e7d56e2/scratchpad/a15/packages/MightyCore/hardware/avr/3.1.0/cores/MCUdude_corefiles/Print.cpp:246

  do {
    char c = n % base;
    n /= base;

    *--str = c < 10 ? c + '0' : c + 'A' - 10;
    7e7a:	e9 5c       	subi	r30, 0xC9	; 201
    7e7c:	e1 cf       	rjmp	.-62     	; 0x7e40 <Print::printNumber(unsigned long, unsigned char) [clone .constprop.24]+0x4a>

00007e7e <Print::print(long, int) [clone .part.3] [clone .constprop.22]>:
_ZN5Print5printEli.part.3():
/tmp/claude-1000/-home-ngranado-code-AlphaClock/a04e4601-07d0-434a-ba88-eb280e7d56e2/scratchpad/a15/packages/MightyCore/hardware/avr/3.1.0/cores/MCUdude_corefiles/Print.cpp:87
size_t Print::print(unsigned int n, int base)
{
  return print((unsigned long) n, base);
}

size_t Print::print(long n, int base)
    7e7e:	cf 92       	push	r12
    7e80:	df 92       	push	r13
    7e82:	ef 92       	push	r14
    7e84:	ff 92       	push	r15
    7e86:	cf 93       	push	r28
    7e88:	df 93       	push	r29
    7e8a:	6b 01       	movw	r12, r22
    7e8c:	7c 01       	movw	r14, r24
print():
/tmp/claude-1000/-home-ngranado-code-AlphaClock/a04e4601-07d0-434a-ba88-eb280e7d56e2/scratchpad/a15/packages/MightyCore/hardware/avr/3.1.0/cores/MCUdude_corefiles/Print.cpp:69
  return write(str);
}

size_t Print::print(char c)
{
  return write(c);
    7e8e:	6d e2       	ldi	r22, 0x2D	; 45
    7e90:	87 e4       	ldi	r24, 0x47	; 71
    7e92:	98 e0       	ldi	r25, 0x08	; 8
    7e94:	0e 94 0e 35 	call	0x6a1c	; 0x6a1c <HardwareSerial::write(unsigned char)>
    7e98:	ec 01       	movw	r28, r24
_ZN5Print5printEli.part.3():
/tmp/claude-1000/-home-ngranado-code-AlphaClock/a04e4601-07d0-434a-ba88-eb280e7d56e2/scratchpad/a15/packages/MightyCore/hardware/avr/3.1.0/cores/MCUdude_corefiles/Print.cpp:94
  if (base == 0) {
    return write(n);
  } else if (base == 10) {
    if (n < 0) {
      int t = print('-');
      n = -n;
    7e9a:	66 27       	eor	r22, r22
    7e9c:	77 27       	eor	r23, r23
    7e9e:	cb 01       	movw	r24, r22
    7ea0:	6c 19       	sub	r22, r12
    7ea2:	7d 09       	sbc	r23, r13
    7ea4:	8e 09       	sbc	r24, r14
    7ea6:	9f 09       	sbc	r25, r15
/tmp/claude-1000/-home-ngranado-code-AlphaClock/a04e4601-07d0-434a-ba88-eb280e7d56e2/scratchpad/a15/packages/MightyCore/hardware/avr/3.1.0/cores/MCUdude_corefiles/Print.cpp:95
      return printNumber(n, 10) + t;
    7ea8:	4a e0       	ldi	r20, 0x0A	; 10
    7eaa:	0e 94 fb 3e 	call	0x7df6	; 0x7df6 <Print::printNumber(unsigned long, unsigned char) [clone .constprop.24]>
/tmp/claude-1000/-home-ngranado-code-AlphaClock/a04e4601-07d0-434a-ba88-eb280e7d56e2/scratchpad/a15/packages/MightyCore/hardware/avr/3.1.0/cores/MCUdude_corefiles/Print.cpp:101
    }
    return printNumber(n, 10);
  } else {
    return printNumber(n, base);
  }
}
    7eae:	8c 0f       	add	r24, r28
    7eb0:	9d 1f       	adc	r25, r29
    7eb2:	df 91       	pop	r29
    7eb4:	cf 91       	pop	r28
    7eb6:	ff 90       	pop	r15
    7eb8:	ef 90       	pop	r14
    7eba:	df 90       	pop	r13
    7ebc:	cf 90       	pop	r12
    7ebe:	08 95       	ret

00007ec0 <Print::print(char const*) [clone .constprop.19]>:
write():
/tmp/claude-1000/-home-ngranado-code-AlphaClock/a04e4601-07d0-434a-ba88-eb280e7d56e2/scratchpad/a15/packages/MightyCore/hardware/avr/3.1.0/cores/MCUdude_corefiles/Print.h:53
    7ec0:	00 97       	sbiw	r24, 0x00	; 0
    7ec2:	11 f0       	breq	.+4      	; 0x7ec8 <Print::print(char const*) [clone .constprop.19]+0x8>
    7ec4:	0c 94 ee 3e 	jmp	0x7ddc	; 0x7ddc <Print::write(char const*) [clone .part.2] [clone .constprop.26]>
print():
/tmp/claude-1000/-home-ngranado-code-AlphaClock/a04e4601-07d0-434a-ba88-eb280e7d56e2/scratchpad/a15/packages/MightyCore/hardware/avr/3.1.0/cores/MCUdude_corefiles/Print.cpp:65
}

size_t Print::print(const char str[])
{
  return write(str);
}
    7ec8:	90 e0       	ldi	r25, 0x00	; 0
    7eca:	80 e0       	ldi	r24, 0x00	; 0
    7ecc:	08 95       	ret

00007ece <Print::println(char const*) [clone .constprop.17]>:
println():
/tmp/claude-1000/-home-ngranado-code-AlphaClock/a04e4601-07d0-434a-ba88-eb280e7d56e2/scratchpad/a15/packages/MightyCore/hardware/avr/3.1.0/cores/MCUdude_corefiles/Print.cpp:138
  size_t n = print(s);
  n += println();
  return n;
}

size_t Print::println(const char c[])
    7ece:	cf 93       	push	r28
    7ed0:	df 93       	push	r29
write():
    7ed2:	0e 94 ee 3e 	call	0x7ddc	; 0x7ddc <Print::write(char const*) [clone .part.2] [clone .constprop.26]>
    7ed6:	ec 01       	movw	r28, r24
    7ed8:	88 ef       	ldi	r24, 0xF8	; 248
    7eda:	92 e0       	ldi	r25, 0x02	; 2
    7edc:	0e 94 ee 3e 	call	0x7ddc	; 0x7ddc <Print::write(char const*) [clone .part.2] [clone .constprop.26]>
println():
/tmp/claude-1000/-home-ngranado-code-AlphaClock/a04e4601-07d0-434a-ba88-eb280e7d56e2/scratchpad/a15/packages/MightyCore/hardware/avr/3.1.0/cores/MCUdude_corefiles/Print.cpp:143
{
  size_t n = print(c);
  n += println();
  return n;
}
    7ee0:	8c 0f       	add	r24, r28
    7ee2:	9d 1f       	adc	r25, r29
    7ee4:	df 91       	pop	r29
    7ee6:	cf 91       	pop	r28
    7ee8:	08 95       	ret

00007eea <printDigits(int)>:
printDigits():
/home/ngranado/code/AlphaClock/alphafive/examples/AlphaClock/AlphaClock.ino:2276
  Serial.print(year(timeTmp)); 
  Serial.println(); 

}

void printDigits(int digits){
    7eea:	cf 93       	push	r28
    7eec:	df 93       	push	r29
    7eee:	ec 01       	movw	r28, r24
/home/ngranado/code/AlphaClock/alphafive/examples/AlphaClock/AlphaClock.ino:2279
  // utility function for digital clock serial output: prints preceding colon and leading 0
  // borrowed from Time library.
  Serial.print(":");
    7ef0:	8b ef       	ldi	r24, 0xFB	; 251
    7ef2:	92 e0       	ldi	r25, 0x02	; 2
    7ef4:	0e 94 60 3f 	call	0x7ec0	; 0x7ec0 <Print::print(char const*) [clone .constprop.19]>
/home/ngranado/code/AlphaClock/alphafive/examples/AlphaClock/AlphaClock.ino:2280
  if(digits < 10)
    7ef8:	ca 30       	cpi	r28, 0x0A	; 10
    7efa:	d1 05       	cpc	r29, r1
    7efc:	2c f4       	brge	.+10     	; 0x7f08 <printDigits(int)+0x1e>
print():
/tmp/claude-1000/-home-ngranado-code-AlphaClock/a04e4601-07d0-434a-ba88-eb280e7d56e2/scratchpad/a15/packages/MightyCore/hardware/avr/3.1.0/cores/MCUdude_corefiles/Print.cpp:69
  return write(str);
}

size_t Print::print(char c)
{
  return write(c);
    7efe:	60 e3       	ldi	r22, 0x30	; 48
    7f00:	87 e4       	ldi	r24, 0x47	; 71
    7f02:	98 e0       	ldi	r25, 0x08	; 8
    7f04:	0e 94 0e 35 	call	0x6a1c	; 0x6a1c <HardwareSerial::write(unsigned char)>
/tmp/claude-1000/-home-ngranado-code-AlphaClock/a04e4601-07d0-434a-ba88-eb280e7d56e2/scratchpad/a15/packages/MightyCore/hardware/avr/3.1.0/cores/MCUdude_corefiles/Print.cpp:79
  return print((unsigned long) b, base);
}

size_t Print::print(int n, int base)
{
  return print((long) n, base);
    7f08:	be 01       	movw	r22, r28
    7f0a:	dd 0f       	add	r29, r29
    7f0c:	88 0b       	sbc	r24, r24
    7f0e:	99 0b       	sbc	r25, r25
/tmp/claude-1000/-home-ngranado-code-AlphaClock/a04e4601-07d0-434a-ba88-eb280e7d56e2/scratchpad/a15/packages/MightyCore/hardware/avr/3.1.0/cores/MCUdude_corefiles/Print.cpp:92
size_t Print::print(long n, int base)
{
  if (base == 0) {
    return write(n);
  } else if (base == 10) {
    if (n < 0) {
    7f10:	97 ff       	sbrs	r25, 7
    7f12:	04 c0       	rjmp	.+8      	; 0x7f1c <printDigits(int)+0x32>
printDigits():
/home/ngranado/code/AlphaClock/alphafive/examples/AlphaClock/AlphaClock.ino:2283
    Serial.print('0');
  Serial.print(digits);
}
    7f14:	df 91       	pop	r29
    7f16:	cf 91       	pop	r28
print():
    7f18:	0c 94 3f 3f 	jmp	0x7e7e	; 0x7e7e <Print::print(long, int) [clone .part.3] [clone .constprop.22]>
/tmp/claude-1000/-home-ngranado-code-AlphaClock/a04e4601-07d0-434a-ba88-eb280e7d56e2/scratchpad/a15/packages/MightyCore/hardware/avr/3.1.0/cores/MCUdude_corefiles/Print.cpp:97
      int t = print('-');
      n = -n;
      return printNumber(n, 10) + t;
    }
    return printNumber(n, 10);
    7f1c:	4a e0       	ldi	r20, 0x0A	; 10
printDigits():
/home/ngranado/code/AlphaClock/alphafive/examples/AlphaClock/AlphaClock.ino:2283
    7f1e:	df 91       	pop	r29
    7f20:	cf 91       	pop	r28
print():
/tmp/claude-1000/-home-ngranado-code-AlphaClock/a04e4601-07d0-434a-ba88-eb280e7d56e2/scratchpad/a15/packages/MightyCore/hardware/avr/3.1.0/cores/MCUdude_corefiles/Print.cpp:97
    7f22:	0c 94 fb 3e 	jmp	0x7df6	; 0x7df6 <Print::printNumber(unsigned long, unsigned char) [clone .constprop.24]>

00007f26 <Print::print(int, int) [clone .constprop.20]>:
/tmp/claude-1000/-home-ngranado-code-AlphaClock/a04e4601-07d0-434a-ba88-eb280e7d56e2/scratchpad/a15/packages/MightyCore/hardware/avr/3.1.0/cores/MCUdude_corefiles/Print.cpp:79
  return print((unsigned long) b, base);
}

size_t Print::print(int n, int base)
{
  return print((long) n, base);
    7f26:	bc 01       	movw	r22, r24
    7f28:	99 0f       	add	r25, r25
    7f2a:	88 0b       	sbc	r24, r24
    7f2c:	99 0b       	sbc	r25, r25
/tmp/claude-1000/-home-ngranado-code-AlphaClock/a04e4601-07d0-434a-ba88-eb280e7d56e2/scratchpad/a15/packages/MightyCore/hardware/avr/3.1.0/cores/MCUdude_corefiles/Print.cpp:92
size_t Print::print(long n, int base)
{
  if (base == 0) {
    return write(n);
  } else if (base == 10) {
    if (n < 0) {
    7f2e:	97 fd       	sbrc	r25, 7
    7f30:	0c 94 3f 3f 	jmp	0x7e7e	; 0x7e7e <Print::print(long, int) [clone .part.3] [clone .constprop.22]>
/tmp/claude-1000/-home-ngranado-code-AlphaClock/a04e4601-07d0-434a-ba88-eb280e7d56e2/scratchpad/a15/packages/MightyCore/hardware/avr/3.1.0/cores/MCUdude_corefiles/Print.cpp:97
      int t = print('-');
      n = -n;
      return printNumber(n, 10) + t;
    }
    return printNumber(n, 10);
    7f34:	4a e0       	ldi	r20, 0x0A	; 10
    7f36:	0c 94 fb 3e 	jmp	0x7df6	; 0x7df6 <Print::printNumber(unsigned long, unsigned char) [clone .constprop.24]>

00007f3a <TwoWire::requestFrom(int, int) [clone .constprop.11]>:
requestFrom():
/tmp/claude-1000/-home-ngranado-code-AlphaClock/a04e4601-07d0-434a-ba88-eb280e7d56e2/scratchpad/a15/packages/MightyCore/hardware/avr/3.1.0/libraries/Wire/src/Wire.cpp:183
uint8_t TwoWire::requestFrom(uint8_t address, uint8_t quantity)
{
  return requestFrom((uint8_t)address, (uint8_t)quantity, (uint8_t)true);
}

uint8_t TwoWire::requestFrom(int address, int quantity)
    7f3a:	98 2f       	mov	r25, r24
twi_readFrom():
/tmp/claude-1000/-home-ngranado-code-AlphaClock/a04e4601-07d0-434a-ba88-eb280e7d56e2/scratchpad/a15/packages/MightyCore/hardware/avr/3.1.0/libraries/Wire/src/utility/twi.c:177
        twi_handleTimeout(twi_do_reset_on_timeout);
        return 0;
      }
    }
  #else
    while(TWI_READY != twi_state){
    7f3c:	80 91 ea 08 	lds	r24, 0x08EA	; 0x8008ea <twi_state>
    7f40:	81 11       	cpse	r24, r1
    7f42:	fc cf       	rjmp	.-8      	; 0x7f3c <TwoWire::requestFrom(int, int) [clone .constprop.11]+0x2>
requestFrom():
/tmp/claude-1000/-home-ngranado-code-AlphaClock/a04e4601-07d0-434a-ba88-eb280e7d56e2/scratchpad/a15/packages/MightyCore/hardware/avr/3.1.0/libraries/Wire/src/Wire.cpp:185
{
  return requestFrom((uint8_t)address, (uint8_t)quantity, (uint8_t)true);
    7f44:	89 2f       	mov	r24, r25
twi_readFrom():
/tmp/claude-1000/-home-ngranado-code-AlphaClock/a04e4601-07d0-434a-ba88-eb280e7d56e2/scratchpad/a15/packages/MightyCore/hardware/avr/3.1.0/libraries/Wire/src/utility/twi.c:181
      continue;
    }
  #endif
  twi_state = TWI_MRX;
    7f46:	21 e0       	ldi	r18, 0x01	; 1
    7f48:	20 93 ea 08 	sts	0x08EA, r18	; 0x8008ea <twi_state>
/tmp/claude-1000/-home-ngranado-code-AlphaClock/a04e4601-07d0-434a-ba88-eb280e7d56e2/scratchpad/a15/packages/MightyCore/hardware/avr/3.1.0/libraries/Wire/src/utility/twi.c:182
  twi_sendStop = sendStop;
    7f4c:	20 93 e9 08 	sts	0x08E9, r18	; 0x8008e9 <twi_sendStop>
/tmp/claude-1000/-home-ngranado-code-AlphaClock/a04e4601-07d0-434a-ba88-eb280e7d56e2/scratchpad/a15/packages/MightyCore/hardware/avr/3.1.0/libraries/Wire/src/utility/twi.c:184
  // reset error state (0xFF.. no error occurred)
  twi_error = 0xFF;
    7f50:	3f ef       	ldi	r19, 0xFF	; 255
    7f52:	30 93 87 07 	sts	0x0787, r19	; 0x800787 <twi_error>
/tmp/claude-1000/-home-ngranado-code-AlphaClock/a04e4601-07d0-434a-ba88-eb280e7d56e2/scratchpad/a15/packages/MightyCore/hardware/avr/3.1.0/libraries/Wire/src/utility/twi.c:187

  // initialize buffer iteration vars
  twi_masterBuffer = data;
    7f56:	42 e6       	ldi	r20, 0x62	; 98
    7f58:	57 e0       	ldi	r21, 0x07	; 7
    7f5a:	50 93 86 07 	sts	0x0786, r21	; 0x800786 <twi_masterBuffer+0x1>
    7f5e:	40 93 85 07 	sts	0x0785, r20	; 0x800785 <twi_masterBuffer>
/tmp/claude-1000/-home-ngranado-code-AlphaClock/a04e4601-07d0-434a-ba88-eb280e7d56e2/scratchpad/a15/packages/MightyCore/hardware/avr/3.1.0/libraries/Wire/src/utility/twi.c:188
  twi_masterBufferIndex = 0;
    7f62:	10 92 84 07 	sts	0x0784, r1	; 0x800784 <twi_masterBufferIndex>
/tmp/claude-1000/-home-ngranado-code-AlphaClock/a04e4601-07d0-434a-ba88-eb280e7d56e2/scratchpad/a15/packages/MightyCore/hardware/avr/3.1.0/libraries/Wire/src/utility/twi.c:189
  twi_masterBufferLength = length-1;  // This is not intuitive, read on...
    7f66:	39 0f       	add	r19, r25
    7f68:	30 93 83 07 	sts	0x0783, r19	; 0x800783 <twi_masterBufferLength>
/tmp/claude-1000/-home-ngranado-code-AlphaClock/a04e4601-07d0-434a-ba88-eb280e7d56e2/scratchpad/a15/packages/MightyCore/hardware/avr/3.1.0/libraries/Wire/src/utility/twi.c:197
  // Therefore we must actually set NACK when the _next_ to last byte is
  // received, causing that NACK to be sent in response to receiving the last
  // expected byte of data.

  // build sla+w, slave device address + w bit
  twi_slarw = TW_READ;
    7f6c:	20 93 82 07 	sts	0x0782, r18	; 0x800782 <twi_slarw>
/tmp/claude-1000/-home-ngranado-code-AlphaClock/a04e4601-07d0-434a-ba88-eb280e7d56e2/scratchpad/a15/packages/MightyCore/hardware/avr/3.1.0/libraries/Wire/src/utility/twi.c:198
  twi_slarw |= address << 1;
    7f70:	20 91 82 07 	lds	r18, 0x0782	; 0x800782 <twi_slarw>
    7f74:	20 6d       	ori	r18, 0xD0	; 208
    7f76:	20 93 82 07 	sts	0x0782, r18	; 0x800782 <twi_slarw>
/tmp/claude-1000/-home-ngranado-code-AlphaClock/a04e4601-07d0-434a-ba88-eb280e7d56e2/scratchpad/a15/packages/MightyCore/hardware/avr/3.1.0/libraries/Wire/src/utility/twi.c:200

  if (true == twi_inRepStart) {
    7f7a:	20 91 e8 08 	lds	r18, 0x08E8	; 0x8008e8 <twi_inRepStart>
    7f7e:	21 30       	cpi	r18, 0x01	; 1
    7f80:	e1 f4       	brne	.+56     	; 0x7fba <TwoWire::requestFrom(int, int) [clone .constprop.11]+0x80>
/tmp/claude-1000/-home-ngranado-code-AlphaClock/a04e4601-07d0-434a-ba88-eb280e7d56e2/scratchpad/a15/packages/MightyCore/hardware/avr/3.1.0/libraries/Wire/src/utility/twi.c:207
    // (@@@ we hope), and the TWI statemachine is just waiting for the address byte.
    // We need to remove ourselves from the repeated start state before we enable interrupts,
    // since the ISR is ASYNC, and we could get confused if we hit the ISR before cleaning
    // up. Also, don't enable the START interrupt. There may be one pending from the
    // repeated start that we sent ourselves, and that would really confuse things.
    twi_inRepStart = false; // Remember, we're dealing with an ASYNC ISR
    7f82:	10 92 e8 08 	sts	0x08E8, r1	; 0x8008e8 <twi_inRepStart>
/tmp/claude-1000/-home-ngranado-code-AlphaClock/a04e4601-07d0-434a-ba88-eb280e7d56e2/scratchpad/a15/packages/MightyCore/hardware/avr/3.1.0/libraries/Wire/src/utility/twi.c:219
          return 0;
        }
      } while(TWCR & _BV(TWWC));
    #else
      do {
        TWDR = twi_slarw;
    7f86:	20 91 82 07 	lds	r18, 0x0782	; 0x800782 <twi_slarw>
    7f8a:	20 93 bb 00 	sts	0x00BB, r18	; 0x8000bb <__DATA_REGION_ORIGIN__+0x5b>
/tmp/claude-1000/-home-ngranado-code-AlphaClock/a04e4601-07d0-434a-ba88-eb280e7d56e2/scratchpad/a15/packages/MightyCore/hardware/avr/3.1.0/libraries/Wire/src/utility/twi.c:220
      } while(TWCR & _BV(TWWC));
    7f8e:	20 91 bc 00 	lds	r18, 0x00BC	; 0x8000bc <__DATA_REGION_ORIGIN__+0x5c>
    7f92:	23 fd       	sbrc	r18, 3
    7f94:	f8 cf       	rjmp	.-16     	; 0x7f86 <TwoWire::requestFrom(int, int) [clone .constprop.11]+0x4c>
/tmp/claude-1000/-home-ngranado-code-AlphaClock/a04e4601-07d0-434a-ba88-eb280e7d56e2/scratchpad/a15/packages/MightyCore/hardware/avr/3.1.0/libraries/Wire/src/utility/twi.c:222
    #endif
    TWCR = _BV(TWINT) | _BV(TWEA) | _BV(TWEN) | _BV(TWIE);  // enable INTs, but not START
    7f96:	25 ec       	ldi	r18, 0xC5	; 197
/tmp/claude-1000/-home-ngranado-code-AlphaClock/a04e4601-07d0-434a-ba88-eb280e7d56e2/scratchpad/a15/packages/MightyCore/hardware/avr/3.1.0/libraries/Wire/src/utility/twi.c:226
  }
  else
    // send start condition
    TWCR = _BV(TWEN) | _BV(TWIE) | _BV(TWEA) | _BV(TWINT) | _BV(TWSTA);
    7f98:	20 93 bc 00 	sts	0x00BC, r18	; 0x8000bc <__DATA_REGION_ORIGIN__+0x5c>
/tmp/claude-1000/-home-ngranado-code-AlphaClock/a04e4601-07d0-434a-ba88-eb280e7d56e2/scratchpad/a15/packages/MightyCore/hardware/avr/3.1.0/libraries/Wire/src/utility/twi.c:238
        twi_handleTimeout(twi_do_reset_on_timeout);
        return 0;
      }
    }
  #else
    while(TWI_MRX == twi_state){
    7f9c:	20 91 ea 08 	lds	r18, 0x08EA	; 0x8008ea <twi_state>
    7fa0:	21 30       	cpi	r18, 0x01	; 1
    7fa2:	e1 f3       	breq	.-8      	; 0x7f9c <TwoWire::requestFrom(int, int) [clone .constprop.11]+0x62>
/tmp/claude-1000/-home-ngranado-code-AlphaClock/a04e4601-07d0-434a-ba88-eb280e7d56e2/scratchpad/a15/packages/MightyCore/hardware/avr/3.1.0/libraries/Wire/src/utility/twi.c:243
      continue;
    }
  #endif

  if (twi_masterBufferIndex < length)
    7fa4:	20 91 84 07 	lds	r18, 0x0784	; 0x800784 <twi_masterBufferIndex>
    7fa8:	29 17       	cp	r18, r25
    7faa:	10 f4       	brcc	.+4      	; 0x7fb0 <TwoWire::requestFrom(int, int) [clone .constprop.11]+0x76>
/tmp/claude-1000/-home-ngranado-code-AlphaClock/a04e4601-07d0-434a-ba88-eb280e7d56e2/scratchpad/a15/packages/MightyCore/hardware/avr/3.1.0/libraries/Wire/src/utility/twi.c:244
    length = twi_masterBufferIndex;
    7fac:	80 91 84 07 	lds	r24, 0x0784	; 0x800784 <twi_masterBufferIndex>
requestFrom():
/tmp/claude-1000/-home-ngranado-code-AlphaClock/a04e4601-07d0-434a-ba88-eb280e7d56e2/scratchpad/a15/packages/MightyCore/hardware/avr/3.1.0/libraries/Wire/src/Wire.cpp:120
    quantity = TWI_BUFFER_SIZE;
  }
  // perform blocking read into buffer
  uint8_t read = twi_readFrom(address, rxBuffer, quantity, sendStop);
  // set rx buffer iterator vars
  rxBufferIndex = 0;
    7fb0:	10 92 ee 08 	sts	0x08EE, r1	; 0x8008ee <TwoWire::rxBufferIndex>
/tmp/claude-1000/-home-ngranado-code-AlphaClock/a04e4601-07d0-434a-ba88-eb280e7d56e2/scratchpad/a15/packages/MightyCore/hardware/avr/3.1.0/libraries/Wire/src/Wire.cpp:121
  rxBufferLength = read;
    7fb4:	80 93 ed 08 	sts	0x08ED, r24	; 0x8008ed <TwoWire::rxBufferLength>
/tmp/claude-1000/-home-ngranado-code-AlphaClock/a04e4601-07d0-434a-ba88-eb280e7d56e2/scratchpad/a15/packages/MightyCore/hardware/avr/3.1.0/libraries/Wire/src/Wire.cpp:186
}

uint8_t TwoWire::requestFrom(int address, int quantity)
{
  return requestFrom((uint8_t)address, (uint8_t)quantity, (uint8_t)true);
}
    7fb8:	08 95       	ret
twi_readFrom():
/tmp/claude-1000/-home-ngranado-code-AlphaClock/a04e4601-07d0-434a-ba88-eb280e7d56e2/scratchpad/a15/packages/MightyCore/hardware/avr/3.1.0/libraries/Wire/src/utility/twi.c:226
    #endif
    TWCR = _BV(TWINT) | _BV(TWEA) | _BV(TWEN) | _BV(TWIE);  // enable INTs, but not START
  }
  else
    // send start condition
    TWCR = _BV(TWEN) | _BV(TWIE) | _BV(TWEA) | _BV(TWINT) | _BV(TWSTA);
    7fba:	25 ee       	ldi	r18, 0xE5	; 229
    7fbc:	ed cf       	rjmp	.-38     	; 0x7f98 <TwoWire::requestFrom(int, int) [clone .constprop.11]+0x5e>

00007fbe <DS1307RTC::get()>:
get():
/tmp/claude-1000/-home-ngranado-code-AlphaClock/a04e4601-07d0-434a-ba88-eb280e7d56e2/scratchpad/ard/libraries/DS1307RTC/DS1307RTC.cpp:43
  Wire.begin();
}
  
// PUBLIC FUNCTIONS
time_t DS1307RTC::get()   // Aquire data from buffer and convert to time_t
{
    7fbe:	0f 93       	push	r16
    7fc0:	1f 93       	push	r17
    7fc2:	cf 93       	push	r28
    7fc4:	df 93       	push	r29
    7fc6:	00 d0       	rcall	.+0      	; 0x7fc8 <DS1307RTC::get()+0xa>
    7fc8:	00 d0       	rcall	.+0      	; 0x7fca <DS1307RTC::get()+0xc>
    7fca:	00 d0       	rcall	.+0      	; 0x7fcc <DS1307RTC::get()+0xe>
    7fcc:	1f 92       	push	r1
    7fce:	cd b7       	in	r28, 0x3d	; 61
    7fd0:	de b7       	in	r29, 0x3e	; 62
beginTransmission():
/tmp/claude-1000/-home-ngranado-code-AlphaClock/a04e4601-07d0-434a-ba88-eb280e7d56e2/scratchpad/a15/packages/MightyCore/hardware/avr/3.1.0/libraries/Wire/src/Wire.cpp:196
}

void TwoWire::beginTransmission(uint8_t address)
{
  // indicate that we are transmitting
  transmitting = 1;
    7fd2:	81 e0       	ldi	r24, 0x01	; 1
    7fd4:	80 93 88 07 	sts	0x0788, r24	; 0x800788 <TwoWire::transmitting>
/tmp/claude-1000/-home-ngranado-code-AlphaClock/a04e4601-07d0-434a-ba88-eb280e7d56e2/scratchpad/a15/packages/MightyCore/hardware/avr/3.1.0/libraries/Wire/src/Wire.cpp:198
  // set address of targeted slave
  txAddress = address;
    7fd8:	88 e6       	ldi	r24, 0x68	; 104
    7fda:	80 93 a9 07 	sts	0x07A9, r24	; 0x8007a9 <TwoWire::txAddress>
/tmp/claude-1000/-home-ngranado-code-AlphaClock/a04e4601-07d0-434a-ba88-eb280e7d56e2/scratchpad/a15/packages/MightyCore/hardware/avr/3.1.0/libraries/Wire/src/Wire.cpp:200
  // reset tx buffer iterator vars
  txBufferIndex = 0;
    7fde:	10 92 ec 08 	sts	0x08EC, r1	; 0x8008ec <TwoWire::txBufferIndex>
/tmp/claude-1000/-home-ngranado-code-AlphaClock/a04e4601-07d0-434a-ba88-eb280e7d56e2/scratchpad/a15/packages/MightyCore/hardware/avr/3.1.0/libraries/Wire/src/Wire.cpp:201
  txBufferLength = 0;
    7fe2:	10 92 eb 08 	sts	0x08EB, r1	; 0x8008eb <TwoWire::txBufferLength>
read():
/tmp/claude-1000/-home-ngranado-code-AlphaClock/a04e4601-07d0-434a-ba88-eb280e7d56e2/scratchpad/ard/libraries/DS1307RTC/DS1307RTC.cpp:62
bool DS1307RTC::read(tmElements_t &tm)
{
  uint8_t sec;
  Wire.beginTransmission(DS1307_CTRL_ID);
#if ARDUINO >= 100  
  Wire.write((uint8_t)0x00); 
    7fe6:	60 e0       	ldi	r22, 0x00	; 0
    7fe8:	8f ee       	ldi	r24, 0xEF	; 239
    7fea:	98 e0       	ldi	r25, 0x08	; 8
    7fec:	0e 94 b7 38 	call	0x716e	; 0x716e <TwoWire::write(unsigned char)>
endTransmission():
/tmp/claude-1000/-home-ngranado-code-AlphaClock/a04e4601-07d0-434a-ba88-eb280e7d56e2/scratchpad/a15/packages/MightyCore/hardware/avr/3.1.0/libraries/Wire/src/Wire.cpp:239
//  This provides backwards compatibility with the original
//  definition, and expected behaviour, of endTransmission
//
uint8_t TwoWire::endTransmission(void)
{
  return endTransmission(true);
    7ff0:	81 e0       	ldi	r24, 0x01	; 1
    7ff2:	0e 94 0f 34 	call	0x681e	; 0x681e <TwoWire::endTransmission(unsigned char) [clone .constprop.31]>
read():
/tmp/claude-1000/-home-ngranado-code-AlphaClock/a04e4601-07d0-434a-ba88-eb280e7d56e2/scratchpad/ard/libraries/DS1307RTC/DS1307RTC.cpp:66
#else
  Wire.send(0x00);
#endif  
  if (Wire.endTransmission() != 0) {
    7ff6:	88 23       	and	r24, r24
    7ff8:	71 f0       	breq	.+28     	; 0x8016 <DS1307RTC::get()+0x58>
get():
/tmp/claude-1000/-home-ngranado-code-AlphaClock/a04e4601-07d0-434a-ba88-eb280e7d56e2/scratchpad/ard/libraries/DS1307RTC/DS1307RTC.cpp:45
  
// PUBLIC FUNCTIONS
time_t DS1307RTC::get()   // Aquire data from buffer and convert to time_t
{
  tmElements_t tm;
  if (read(tm) == false) return 0;
    7ffa:	60 e0       	ldi	r22, 0x00	; 0
    7ffc:	70 e0       	ldi	r23, 0x00	; 0
    7ffe:	cb 01       	movw	r24, r22
/tmp/claude-1000/-home-ngranado-code-AlphaClock/a04e4601-07d0-434a-ba88-eb280e7d56e2/scratchpad/ard/libraries/DS1307RTC/DS1307RTC.cpp:47
  return(makeTime(tm));
}
    8000:	27 96       	adiw	r28, 0x07	; 7
    8002:	0f b6       	in	r0, 0x3f	; 63
    8004:	f8 94       	cli
    8006:	de bf       	out	0x3e, r29	; 62
    8008:	0f be       	out	0x3f, r0	; 63
    800a:	cd bf       	out	0x3d, r28	; 61
    800c:	df 91       	pop	r29
    800e:	cf 91       	pop	r28
    8010:	1f 91       	pop	r17
    8012:	0f 91       	pop	r16
    8014:	08 95       	ret
read():
/tmp/claude-1000/-home-ngranado-code-AlphaClock/a04e4601-07d0-434a-ba88-eb280e7d56e2/scratchpad/ard/libraries/DS1307RTC/DS1307RTC.cpp:73
    return false;
  }
  exists = true;

  // request the 7 data fields   (secs, min, hr, dow, date, mth, yr)
  Wire.requestFrom(DS1307_CTRL_ID, tmNbrFields);
    8016:	87 e0       	ldi	r24, 0x07	; 7
    8018:	90 e0       	ldi	r25, 0x00	; 0
    801a:	0e 94 9d 3f 	call	0x7f3a	; 0x7f3a <TwoWire::requestFrom(int, int) [clone .constprop.11]>
available():
/tmp/claude-1000/-home-ngranado-code-AlphaClock/a04e4601-07d0-434a-ba88-eb280e7d56e2/scratchpad/a15/packages/MightyCore/hardware/avr/3.1.0/libraries/Wire/src/Wire.cpp:290
// must be called in:
// slave rx event callback
// or after requestFrom(address, numBytes)
int TwoWire::available(void)
{
  return rxBufferLength - rxBufferIndex;
    801e:	80 91 ed 08 	lds	r24, 0x08ED	; 0x8008ed <TwoWire::rxBufferLength>
    8022:	90 91 ee 08 	lds	r25, 0x08EE	; 0x8008ee <TwoWire::rxBufferIndex>
    8026:	89 1b       	sub	r24, r25
    8028:	99 0b       	sbc	r25, r25
read():
/tmp/claude-1000/-home-ngranado-code-AlphaClock/a04e4601-07d0-434a-ba88-eb280e7d56e2/scratchpad/ard/libraries/DS1307RTC/DS1307RTC.cpp:74
  if (Wire.available() < tmNbrFields) return false;
    802a:	07 97       	sbiw	r24, 0x07	; 7
    802c:	34 f3       	brlt	.-52     	; 0x7ffa <DS1307RTC::get()+0x3c>
/tmp/claude-1000/-home-ngranado-code-AlphaClock/a04e4601-07d0-434a-ba88-eb280e7d56e2/scratchpad/ard/libraries/DS1307RTC/DS1307RTC.cpp:76
#if ARDUINO >= 100
  sec = Wire.read();
    802e:	8f ee       	ldi	r24, 0xEF	; 239
    8030:	98 e0       	ldi	r25, 0x08	; 8
    8032:	0e 94 77 38 	call	0x70ee	; 0x70ee <TwoWire::read()>
    8036:	08 2f       	mov	r16, r24
bcd2dec():
/tmp/claude-1000/-home-ngranado-code-AlphaClock/a04e4601-07d0-434a-ba88-eb280e7d56e2/scratchpad/ard/libraries/DS1307RTC/DS1307RTC.cpp:212
}

// Convert Binary Coded Decimal (BCD) to Decimal
uint8_t DS1307RTC::bcd2dec(uint8_t num)
{
  return ((num/16 * 10) + (num % 16));
    8038:	98 2f       	mov	r25, r24
    803a:	92 95       	swap	r25
    803c:	97 70       	andi	r25, 0x07	; 7
    803e:	1a e0       	ldi	r17, 0x0A	; 10
    8040:	80 2f       	mov	r24, r16
    8042:	8f 70       	andi	r24, 0x0F	; 15
    8044:	91 9f       	mul	r25, r17
    8046:	80 0d       	add	r24, r0
    8048:	11 24       	eor	r1, r1
read():
/tmp/claude-1000/-home-ngranado-code-AlphaClock/a04e4601-07d0-434a-ba88-eb280e7d56e2/scratchpad/ard/libraries/DS1307RTC/DS1307RTC.cpp:77
  // request the 7 data fields   (secs, min, hr, dow, date, mth, yr)
  Wire.requestFrom(DS1307_CTRL_ID, tmNbrFields);
  if (Wire.available() < tmNbrFields) return false;
#if ARDUINO >= 100
  sec = Wire.read();
  tm.Second = bcd2dec(sec & 0x7f);   
    804a:	89 83       	std	Y+1, r24	; 0x01
/tmp/claude-1000/-home-ngranado-code-AlphaClock/a04e4601-07d0-434a-ba88-eb280e7d56e2/scratchpad/ard/libraries/DS1307RTC/DS1307RTC.cpp:78
  tm.Minute = bcd2dec(Wire.read() );
    804c:	8f ee       	ldi	r24, 0xEF	; 239
    804e:	98 e0       	ldi	r25, 0x08	; 8
    8050:	0e 94 77 38 	call	0x70ee	; 0x70ee <TwoWire::read()>
bcd2dec():
/tmp/claude-1000/-home-ngranado-code-AlphaClock/a04e4601-07d0-434a-ba88-eb280e7d56e2/scratchpad/ard/libraries/DS1307RTC/DS1307RTC.cpp:212
}

// Convert Binary Coded Decimal (BCD) to Decimal
uint8_t DS1307RTC::bcd2dec(uint8_t num)
{
  return ((num/16 * 10) + (num % 16));
    8054:	98 2f       	mov	r25, r24
    8056:	92 95       	swap	r25
    8058:	9f 70       	andi	r25, 0x0F	; 15
    805a:	8f 70       	andi	r24, 0x0F	; 15
    805c:	91 9f       	mul	r25, r17
    805e:	80 0d       	add	r24, r0
    8060:	11 24       	eor	r1, r1
read():
/tmp/claude-1000/-home-ngranado-code-AlphaClock/a04e4601-07d0-434a-ba88-eb280e7d56e2/scratchpad/ard/libraries/DS1307RTC/DS1307RTC.cpp:78
  Wire.requestFrom(DS1307_CTRL_ID, tmNbrFields);
  if (Wire.available() < tmNbrFields) return false;
#if ARDUINO >= 100
  sec = Wire.read();
  tm.Second = bcd2dec(sec & 0x7f);   
  tm.Minute = bcd2dec(Wire.read() );
    8062:	8a 83       	std	Y+2, r24	; 0x02
/tmp/claude-1000/-home-ngranado-code-AlphaClock/a04e4601-07d0-434a-ba88-eb280e7d56e2/scratchpad/ard/libraries/DS1307RTC/DS1307RTC.cpp:79
  tm.Hour =   bcd2dec(Wire.read() & 0x3f);  // mask assumes 24hr clock
    8064:	8f ee       	ldi	r24, 0xEF	; 239
    8066:	98 e0       	ldi	r25, 0x08	; 8
    8068:	0e 94 77 38 	call	0x70ee	; 0x70ee <TwoWire::read()>
bcd2dec():
/tmp/claude-1000/-home-ngranado-code-AlphaClock/a04e4601-07d0-434a-ba88-eb280e7d56e2/scratchpad/ard/libraries/DS1307RTC/DS1307RTC.cpp:212
}

// Convert Binary Coded Decimal (BCD) to Decimal
uint8_t DS1307RTC::bcd2dec(uint8_t num)
{
  return ((num/16 * 10) + (num % 16));
    806c:	98 2f       	mov	r25, r24
    806e:	92 95       	swap	r25
    8070:	93 70       	andi	r25, 0x03	; 3
    8072:	8f 70       	andi	r24, 0x0F	; 15
    8074:	91 9f       	mul	r25, r17
    8076:	80 0d       	add	r24, r0
    8078:	11 24       	eor	r1, r1
read():
/tmp/claude-1000/-home-ngranado-code-AlphaClock/a04e4601-07d0-434a-ba88-eb280e7d56e2/scratchpad/ard/libraries/DS1307RTC/DS1307RTC.cpp:79
  if (Wire.available() < tmNbrFields) return false;
#if ARDUINO >= 100
  sec = Wire.read();
  tm.Second = bcd2dec(sec & 0x7f);   
  tm.Minute = bcd2dec(Wire.read() );
  tm.Hour =   bcd2dec(Wire.read() & 0x3f);  // mask assumes 24hr clock
    807a:	8b 83       	std	Y+3, r24	; 0x03
/tmp/claude-1000/-home-ngranado-code-AlphaClock/a04e4601-07d0-434a-ba88-eb280e7d56e2/scratchpad/ard/libraries/DS1307RTC/DS1307RTC.cpp:80
  tm.Wday = bcd2dec(Wire.read() );
    807c:	8f ee       	ldi	r24, 0xEF	; 239
    807e:	98 e0       	ldi	r25, 0x08	; 8
    8080:	0e 94 77 38 	call	0x70ee	; 0x70ee <TwoWire::read()>
bcd2dec():
/tmp/claude-1000/-home-ngranado-code-AlphaClock/a04e4601-07d0-434a-ba88-eb280e7d56e2/scratchpad/ard/libraries/DS1307RTC/DS1307RTC.cpp:212
}

// Convert Binary Coded Decimal (BCD) to Decimal
uint8_t DS1307RTC::bcd2dec(uint8_t num)
{
  return ((num/16 * 10) + (num % 16));
    8084:	98 2f       	mov	r25, r24
    8086:	92 95       	swap	r25
    8088:	9f 70       	andi	r25, 0x0F	; 15
    808a:	8f 70       	andi	r24, 0x0F	; 15
    808c:	91 9f       	mul	r25, r17
    808e:	80 0d       	add	r24, r0
    8090:	11 24       	eor	r1, r1
read():
/tmp/claude-1000/-home-ngranado-code-AlphaClock/a04e4601-07d0-434a-ba88-eb280e7d56e2/scratchpad/ard/libraries/DS1307RTC/DS1307RTC.cpp:80
#if ARDUINO >= 100
  sec = Wire.read();
  tm.Second = bcd2dec(sec & 0x7f);   
  tm.Minute = bcd2dec(Wire.read() );
  tm.Hour =   bcd2dec(Wire.read() & 0x3f);  // mask assumes 24hr clock
  tm.Wday = bcd2dec(Wire.read() );
    8092:	8c 83       	std	Y+4, r24	; 0x04
/tmp/claude-1000/-home-ngranado-code-AlphaClock/a04e4601-07d0-434a-ba88-eb280e7d56e2/scratchpad/ard/libraries/DS1307RTC/DS1307RTC.cpp:81
  tm.Day = bcd2dec(Wire.read() );
    8094:	8f ee       	ldi	r24, 0xEF	; 239
    8096:	98 e0       	ldi	r25, 0x08	; 8
    8098:	0e 94 77 38 	call	0x70ee	; 0x70ee <TwoWire::read()>
bcd2dec():
/tmp/claude-1000/-home-ngranado-code-AlphaClock/a04e4601-07d0-434a-ba88-eb280e7d56e2/scratchpad/ard/libraries/DS1307RTC/DS1307RTC.cpp:212
}

// Convert Binary Coded Decimal (BCD) to Decimal
uint8_t DS1307RTC::bcd2dec(uint8_t num)
{
  return ((num/16 * 10) + (num % 16));
    809c:	98 2f       	mov	r25, r24
    809e:	92 95       	swap	r25
    80a0:	9f 70       	andi	r25, 0x0F	; 15
    80a2:	8f 70       	andi	r24, 0x0F	; 15
    80a4:	91 9f       	mul	r25, r17
    80a6:	80 0d       	add	r24, r0
    80a8:	11 24       	eor	r1, r1
read():
/tmp/claude-1000/-home-ngranado-code-AlphaClock/a04e4601-07d0-434a-ba88-eb280e7d56e2/scratchpad/ard/libraries/DS1307RTC/DS1307RTC.cpp:81
  sec = Wire.read();
  tm.Second = bcd2dec(sec & 0x7f);   
  tm.Minute = bcd2dec(Wire.read() );
  tm.Hour =   bcd2dec(Wire.read() & 0x3f);  // mask assumes 24hr clock
  tm.Wday = bcd2dec(Wire.read() );
  tm.Day = bcd2dec(Wire.read() );
    80aa:	8d 83       	std	Y+5, r24	; 0x05
/tmp/claude-1000/-home-ngranado-code-AlphaClock/a04e4601-07d0-434a-ba88-eb280e7d56e2/scratchpad/ard/libraries/DS1307RTC/DS1307RTC.cpp:82
  tm.Month = bcd2dec(Wire.read() );
    80ac:	8f ee       	ldi	r24, 0xEF	; 239
    80ae:	98 e0       	ldi	r25, 0x08	; 8
    80b0:	0e 94 77 38 	call	0x70ee	; 0x70ee <TwoWire::read()>
bcd2dec():
/tmp/claude-1000/-home-ngranado-code-AlphaClock/a04e4601-07d0-434a-ba88-eb280e7d56e2/scratchpad/ard/libraries/DS1307RTC/DS1307RTC.cpp:212
}

// Convert Binary Coded Decimal (BCD) to Decimal
uint8_t DS1307RTC::bcd2dec(uint8_t num)
{
  return ((num/16 * 10) + (num % 16));
    80b4:	98 2f       	mov	r25, r24
    80b6:	92 95       	swap	r25
    80b8:	9f 70       	andi	r25, 0x0F	; 15
    80ba:	8f 70       	andi	r24, 0x0F	; 15
    80bc:	91 9f       	mul	r25, r17
    80be:	80 0d       	add	r24, r0
    80c0:	11 24       	eor	r1, r1
read():
/tmp/claude-1000/-home-ngranado-code-AlphaClock/a04e4601-07d0-434a-ba88-eb280e7d56e2/scratchpad/ard/libraries/DS1307RTC/DS1307RTC.cpp:82
  tm.Second = bcd2dec(sec & 0x7f);   
  tm.Minute = bcd2dec(Wire.read() );
  tm.Hour =   bcd2dec(Wire.read() & 0x3f);  // mask assumes 24hr clock
  tm.Wday = bcd2dec(Wire.read() );
  tm.Day = bcd2dec(Wire.read() );
  tm.Month = bcd2dec(Wire.read() );
    80c2:	8e 83       	std	Y+6, r24	; 0x06
/tmp/claude-1000/-home-ngranado-code-AlphaClock/a04e4601-07d0-434a-ba88-eb280e7d56e2/scratchpad/ard/libraries/DS1307RTC/DS1307RTC.cpp:83
  tm.Year = y2kYearToTm((bcd2dec(Wire.read())));
    80c4:	8f ee       	ldi	r24, 0xEF	; 239
    80c6:	98 e0       	ldi	r25, 0x08	; 8
    80c8:	0e 94 77 38 	call	0x70ee	; 0x70ee <TwoWire::read()>
bcd2dec():
/tmp/claude-1000/-home-ngranado-code-AlphaClock/a04e4601-07d0-434a-ba88-eb280e7d56e2/scratchpad/ard/libraries/DS1307RTC/DS1307RTC.cpp:212
}

// Convert Binary Coded Decimal (BCD) to Decimal
uint8_t DS1307RTC::bcd2dec(uint8_t num)
{
  return ((num/16 * 10) + (num % 16));
    80cc:	98 2f       	mov	r25, r24
    80ce:	9f 70       	andi	r25, 0x0F	; 15
read():
/tmp/claude-1000/-home-ngranado-code-AlphaClock/a04e4601-07d0-434a-ba88-eb280e7d56e2/scratchpad/ard/libraries/DS1307RTC/DS1307RTC.cpp:83
  tm.Minute = bcd2dec(Wire.read() );
  tm.Hour =   bcd2dec(Wire.read() & 0x3f);  // mask assumes 24hr clock
  tm.Wday = bcd2dec(Wire.read() );
  tm.Day = bcd2dec(Wire.read() );
  tm.Month = bcd2dec(Wire.read() );
  tm.Year = y2kYearToTm((bcd2dec(Wire.read())));
    80d0:	92 5e       	subi	r25, 0xE2	; 226
bcd2dec():
/tmp/claude-1000/-home-ngranado-code-AlphaClock/a04e4601-07d0-434a-ba88-eb280e7d56e2/scratchpad/ard/libraries/DS1307RTC/DS1307RTC.cpp:212
}

// Convert Binary Coded Decimal (BCD) to Decimal
uint8_t DS1307RTC::bcd2dec(uint8_t num)
{
  return ((num/16 * 10) + (num % 16));
    80d2:	82 95       	swap	r24
    80d4:	8f 70       	andi	r24, 0x0F	; 15
read():
/tmp/claude-1000/-home-ngranado-code-AlphaClock/a04e4601-07d0-434a-ba88-eb280e7d56e2/scratchpad/ard/libraries/DS1307RTC/DS1307RTC.cpp:83
  tm.Minute = bcd2dec(Wire.read() );
  tm.Hour =   bcd2dec(Wire.read() & 0x3f);  // mask assumes 24hr clock
  tm.Wday = bcd2dec(Wire.read() );
  tm.Day = bcd2dec(Wire.read() );
  tm.Month = bcd2dec(Wire.read() );
  tm.Year = y2kYearToTm((bcd2dec(Wire.read())));
    80d6:	81 9f       	mul	r24, r17
    80d8:	90 0d       	add	r25, r0
    80da:	11 24       	eor	r1, r1
    80dc:	9f 83       	std	Y+7, r25	; 0x07
/tmp/claude-1000/-home-ngranado-code-AlphaClock/a04e4601-07d0-434a-ba88-eb280e7d56e2/scratchpad/ard/libraries/DS1307RTC/DS1307RTC.cpp:94
  tm.Wday = bcd2dec(Wire.receive() );
  tm.Day = bcd2dec(Wire.receive() );
  tm.Month = bcd2dec(Wire.receive() );
  tm.Year = y2kYearToTm((bcd2dec(Wire.receive())));
#endif
  if (sec & 0x80) return false; // clock is halted
    80de:	07 fd       	sbrc	r16, 7
    80e0:	8c cf       	rjmp	.-232    	; 0x7ffa <DS1307RTC::get()+0x3c>
get():
/tmp/claude-1000/-home-ngranado-code-AlphaClock/a04e4601-07d0-434a-ba88-eb280e7d56e2/scratchpad/ard/libraries/DS1307RTC/DS1307RTC.cpp:46
// PUBLIC FUNCTIONS
time_t DS1307RTC::get()   // Aquire data from buffer and convert to time_t
{
  tmElements_t tm;
  if (read(tm) == false) return 0;
  return(makeTime(tm));
    80e2:	ce 01       	movw	r24, r28
    80e4:	01 96       	adiw	r24, 0x01	; 1
    80e6:	0e 94 5e 36 	call	0x6cbc	; 0x6cbc <makeTime(tmElements_t const&)>
    80ea:	8a cf       	rjmp	.-236    	; 0x8000 <DS1307RTC::get()+0x42>

000080ec <EndVCRmode()>:
EndVCRmode():
/home/ngranado/code/AlphaClock/alphafive/examples/AlphaClock/AlphaClock.ino:943




void  EndVCRmode(){ 
  if (VCRmode){
    80ec:	80 91 50 07 	lds	r24, 0x0750	; 0x800750 <VCRmode>
    80f0:	88 23       	and	r24, r24
    80f2:	b1 f0       	breq	.+44     	; 0x8120 <EndVCRmode()+0x34>
/home/ngranado/code/AlphaClock/alphafive/examples/AlphaClock/AlphaClock.ino:944
    a5_brightLevel = MBlevel[Brightness];  
    80f4:	e0 91 53 07 	lds	r30, 0x0753	; 0x800753 <Brightness>
    80f8:	f0 e0       	ldi	r31, 0x00	; 0
    80fa:	ec 5e       	subi	r30, 0xEC	; 236
    80fc:	fd 4f       	sbci	r31, 0xFD	; 253
    80fe:	80 81       	ld	r24, Z
    8100:	80 93 51 07 	sts	0x0751, r24	; 0x800751 <a5_brightLevel>
/home/ngranado/code/AlphaClock/alphafive/examples/AlphaClock/AlphaClock.ino:945
    RedrawNow_NoFade = 1;
    8104:	81 e0       	ldi	r24, 0x01	; 1
    8106:	80 93 4e 07 	sts	0x074E, r24	; 0x80074e <RedrawNow_NoFade>
/home/ngranado/code/AlphaClock/alphafive/examples/AlphaClock/AlphaClock.ino:946
    VCRmode = 0;
    810a:	10 92 50 07 	sts	0x0750, r1	; 0x800750 <VCRmode>
/home/ngranado/code/AlphaClock/alphafive/examples/AlphaClock/AlphaClock.ino:948

    randomSeed(now());  // Either a button press or RTC time 
    810e:	0e 94 d7 35 	call	0x6bae	; 0x6bae <now()>
randomSeed():
/tmp/claude-1000/-home-ngranado-code-AlphaClock/a04e4601-07d0-434a-ba88-eb280e7d56e2/scratchpad/a15/packages/MightyCore/hardware/avr/3.1.0/cores/MCUdude_corefiles/WMath.cpp:30
  #include "stdlib.h"
}

void randomSeed(unsigned long seed)
{
  if (seed != 0) {
    8112:	61 15       	cp	r22, r1
    8114:	71 05       	cpc	r23, r1
    8116:	81 05       	cpc	r24, r1
    8118:	91 05       	cpc	r25, r1
    811a:	11 f0       	breq	.+4      	; 0x8120 <EndVCRmode()+0x34>
/tmp/claude-1000/-home-ngranado-code-AlphaClock/a04e4601-07d0-434a-ba88-eb280e7d56e2/scratchpad/a15/packages/MightyCore/hardware/avr/3.1.0/cores/MCUdude_corefiles/WMath.cpp:31
    srandom(seed);
    811c:	0c 94 eb 55 	jmp	0xabd6	; 0xabd6 <srandom>
EndVCRmode():
/home/ngranado/code/AlphaClock/alphafive/examples/AlphaClock/AlphaClock.ino:950
  }
}
    8120:	08 95       	ret

00008122 <a5writeEEPROM(unsigned char, unsigned char)>:
a5writeEEPROM():
/home/ngranado/code/AlphaClock/alphafive/alphafive.cpp:769
    return status;
} 

 
void a5writeEEPROM(byte address, byte value)
{
    8122:	cf 93       	push	r28
/home/ngranado/code/AlphaClock/alphafive/alphafive.cpp:773
    // Disable interrupts while writing to EEPROM, to avoid
    // possible EEPROM corruption that can result from not doing so.
    
    byte oldSREG = SREG;
    8124:	cf b7       	in	r28, 0x3f	; 63
/home/ngranado/code/AlphaClock/alphafive/alphafive.cpp:774
    cli();
    8126:	f8 94       	cli
operator=():
/tmp/claude-1000/-home-ngranado-code-AlphaClock/a04e4601-07d0-434a-ba88-eb280e7d56e2/scratchpad/a15/packages/MightyCore/hardware/avr/3.1.0/libraries/EEPROM/src/EEPROM.h:47
    uint8_t operator*() const            { return eeprom_read_byte( (uint8_t*) index ); }
    operator uint8_t() const             { return **this; }
    
    //Assignment/write members.
    EERef &operator=( const EERef &ref ) { return *this = *ref; }
    EERef &operator=( uint8_t in )       { return eeprom_write_byte( (uint8_t*) index, in ), *this;  }
    8128:	90 e0       	ldi	r25, 0x00	; 0
    812a:	0e 94 03 56 	call	0xac06	; 0xac06 <eeprom_write_byte>
a5writeEEPROM():
/home/ngranado/code/AlphaClock/alphafive/alphafive.cpp:776
    EEPROM.write(address, value);
    SREG = oldSREG;
    812e:	cf bf       	out	0x3f, r28	; 63
/home/ngranado/code/AlphaClock/alphafive/alphafive.cpp:777
}
    8130:	cf 91       	pop	r28
    8132:	08 95       	ret

00008134 <EEPROMClass::read(int) [clone .isra.0]>:
operator*():
/tmp/claude-1000/-home-ngranado-code-AlphaClock/a04e4601-07d0-434a-ba88-eb280e7d56e2/scratchpad/a15/packages/MightyCore/hardware/avr/3.1.0/libraries/EEPROM/src/EEPROM.h:42

    EERef( const int index )
        : index( index )                 {}
    
    //Access/read members.
    uint8_t operator*() const            { return eeprom_read_byte( (uint8_t*) index ); }
    8134:	0c 94 fb 55 	jmp	0xabf6	; 0xabf6 <eeprom_read_byte>

00008138 <SerialPrintTime()>:
SerialPrintTime():
/home/ngranado/code/AlphaClock/alphafive/examples/AlphaClock/AlphaClock.ino:2256
    EpochDaisyActive = 0;
  }
}


void SerialPrintTime(){
    8138:	cf 92       	push	r12
    813a:	df 92       	push	r13
    813c:	ef 92       	push	r14
    813e:	ff 92       	push	r15
/home/ngranado/code/AlphaClock/alphafive/examples/AlphaClock/AlphaClock.ino:2259
  //   Print time over serial interface.   Adapted from Time library.

 time_t timeTmp = now();  
    8140:	0e 94 d7 35 	call	0x6bae	; 0x6bae <now()>
    8144:	6b 01       	movw	r12, r22
    8146:	7c 01       	movw	r14, r24
hour():
/tmp/claude-1000/-home-ngranado-code-AlphaClock/a04e4601-07d0-434a-ba88-eb280e7d56e2/scratchpad/ard/libraries/Time/Time.cpp:54
int hour() { // the hour now 
  return hour(now()); 
}

int hour(time_t t) { // the hour for the given time
  refreshCache(t);
    8148:	0e 94 fa 37 	call	0x6ff4	; 0x6ff4 <refreshCache(unsigned long)>
/tmp/claude-1000/-home-ngranado-code-AlphaClock/a04e4601-07d0-434a-ba88-eb280e7d56e2/scratchpad/ard/libraries/Time/Time.cpp:55
  return tm.Hour;  
    814c:	80 91 f2 06 	lds	r24, 0x06F2	; 0x8006f2 <tm+0x2>
SerialPrintTime():
/home/ngranado/code/AlphaClock/alphafive/examples/AlphaClock/AlphaClock.ino:2261

  Serial.print(hour(timeTmp));
    8150:	90 e0       	ldi	r25, 0x00	; 0
    8152:	0e 94 93 3f 	call	0x7f26	; 0x7f26 <Print::print(int, int) [clone .constprop.20]>
minute():
/tmp/claude-1000/-home-ngranado-code-AlphaClock/a04e4601-07d0-434a-ba88-eb280e7d56e2/scratchpad/ard/libraries/Time/Time.cpp:93
int minute() {
  return minute(now()); 
}

int minute(time_t t) { // the minute for the given time
  refreshCache(t);
    8156:	c7 01       	movw	r24, r14
    8158:	b6 01       	movw	r22, r12
    815a:	0e 94 fa 37 	call	0x6ff4	; 0x6ff4 <refreshCache(unsigned long)>
/tmp/claude-1000/-home-ngranado-code-AlphaClock/a04e4601-07d0-434a-ba88-eb280e7d56e2/scratchpad/ard/libraries/Time/Time.cpp:94
  return tm.Minute;  
    815e:	80 91 f1 06 	lds	r24, 0x06F1	; 0x8006f1 <tm+0x1>
SerialPrintTime():
/home/ngranado/code/AlphaClock/alphafive/examples/AlphaClock/AlphaClock.ino:2262
  printDigits(minute(timeTmp));
    8162:	90 e0       	ldi	r25, 0x00	; 0
    8164:	0e 94 75 3f 	call	0x7eea	; 0x7eea <printDigits(int)>
second():
/tmp/claude-1000/-home-ngranado-code-AlphaClock/a04e4601-07d0-434a-ba88-eb280e7d56e2/scratchpad/ard/libraries/Time/Time.cpp:102
int second() {
  return second(now()); 
}

int second(time_t t) {  // the second for the given time
  refreshCache(t);
    8168:	c7 01       	movw	r24, r14
    816a:	b6 01       	movw	r22, r12
    816c:	0e 94 fa 37 	call	0x6ff4	; 0x6ff4 <refreshCache(unsigned long)>
/tmp/claude-1000/-home-ngranado-code-AlphaClock/a04e4601-07d0-434a-ba88-eb280e7d56e2/scratchpad/ard/libraries/Time/Time.cpp:103
  return tm.Second;
    8170:	80 91 f0 06 	lds	r24, 0x06F0	; 0x8006f0 <tm>
SerialPrintTime():
/home/ngranado/code/AlphaClock/alphafive/examples/AlphaClock/AlphaClock.ino:2263
  printDigits(second(timeTmp));
    8174:	90 e0       	ldi	r25, 0x00	; 0
    8176:	0e 94 75 3f 	call	0x7eea	; 0x7eea <printDigits(int)>
/home/ngranado/code/AlphaClock/alphafive/examples/AlphaClock/AlphaClock.ino:2264
  Serial.print(" ");
    817a:	86 e6       	ldi	r24, 0x66	; 102
    817c:	92 e0       	ldi	r25, 0x02	; 2
    817e:	0e 94 60 3f 	call	0x7ec0	; 0x7ec0 <Print::print(char const*) [clone .constprop.19]>
weekday():
/tmp/claude-1000/-home-ngranado-code-AlphaClock/a04e4601-07d0-434a-ba88-eb280e7d56e2/scratchpad/ard/libraries/Time/Time.cpp:120
int weekday() {   // Sunday is day 1
  return  weekday(now()); 
}

int weekday(time_t t) {
  refreshCache(t);
    8182:	c7 01       	movw	r24, r14
    8184:	b6 01       	movw	r22, r12
    8186:	0e 94 fa 37 	call	0x6ff4	; 0x6ff4 <refreshCache(unsigned long)>
dayStr():
/tmp/claude-1000/-home-ngranado-code-AlphaClock/a04e4601-07d0-434a-ba88-eb280e7d56e2/scratchpad/ard/libraries/Time/DateStrings.cpp:86
   return buffer;
}

char* dayStr(uint8_t day) 
{
   strcpy_P(buffer, (PGM_P)pgm_read_ptr(&(dayNames_P[day])));
    818a:	e0 91 f3 06 	lds	r30, 0x06F3	; 0x8006f3 <tm+0x3>
    818e:	f0 e0       	ldi	r31, 0x00	; 0
    8190:	ee 0f       	add	r30, r30
    8192:	ff 1f       	adc	r31, r31
    8194:	ef 5d       	subi	r30, 0xDF	; 223
    8196:	f8 49       	sbci	r31, 0x98	; 152
    8198:	65 91       	lpm	r22, Z+
    819a:	74 91       	lpm	r23, Z
    819c:	87 ec       	ldi	r24, 0xC7	; 199
    819e:	94 e0       	ldi	r25, 0x04	; 4
    81a0:	0e 94 f4 55 	call	0xabe8	; 0xabe8 <strcpy_P>
SerialPrintTime():
/home/ngranado/code/AlphaClock/alphafive/examples/AlphaClock/AlphaClock.ino:2265
  Serial.print(dayStr(weekday(timeTmp)));
    81a4:	87 ec       	ldi	r24, 0xC7	; 199
    81a6:	94 e0       	ldi	r25, 0x04	; 4
    81a8:	0e 94 60 3f 	call	0x7ec0	; 0x7ec0 <Print::print(char const*) [clone .constprop.19]>
/home/ngranado/code/AlphaClock/alphafive/examples/AlphaClock/AlphaClock.ino:2266
  Serial.print(" ");
    81ac:	86 e6       	ldi	r24, 0x66	; 102
    81ae:	92 e0       	ldi	r25, 0x02	; 2
    81b0:	0e 94 60 3f 	call	0x7ec0	; 0x7ec0 <Print::print(char const*) [clone .constprop.19]>
day():
/tmp/claude-1000/-home-ngranado-code-AlphaClock/a04e4601-07d0-434a-ba88-eb280e7d56e2/scratchpad/ard/libraries/Time/Time.cpp:111
int day(){
  return(day(now())); 
}

int day(time_t t) { // the day for the given time (0-6)
  refreshCache(t);
    81b4:	c7 01       	movw	r24, r14
    81b6:	b6 01       	movw	r22, r12
    81b8:	0e 94 fa 37 	call	0x6ff4	; 0x6ff4 <refreshCache(unsigned long)>
/tmp/claude-1000/-home-ngranado-code-AlphaClock/a04e4601-07d0-434a-ba88-eb280e7d56e2/scratchpad/ard/libraries/Time/Time.cpp:112
  return tm.Day;
    81bc:	80 91 f4 06 	lds	r24, 0x06F4	; 0x8006f4 <tm+0x4>
SerialPrintTime():
/home/ngranado/code/AlphaClock/alphafive/examples/AlphaClock/AlphaClock.ino:2267
  Serial.print(day(timeTmp));
    81c0:	90 e0       	ldi	r25, 0x00	; 0
    81c2:	0e 94 93 3f 	call	0x7f26	; 0x7f26 <Print::print(int, int) [clone .constprop.20]>
/home/ngranado/code/AlphaClock/alphafive/examples/AlphaClock/AlphaClock.ino:2268
  Serial.print(" ");
    81c6:	86 e6       	ldi	r24, 0x66	; 102
    81c8:	92 e0       	ldi	r25, 0x02	; 2
    81ca:	0e 94 60 3f 	call	0x7ec0	; 0x7ec0 <Print::print(char const*) [clone .constprop.19]>
month():
/tmp/claude-1000/-home-ngranado-code-AlphaClock/a04e4601-07d0-434a-ba88-eb280e7d56e2/scratchpad/ard/libraries/Time/Time.cpp:129
int month(){
  return month(now()); 
}

int month(time_t t) {  // the month for the given time
  refreshCache(t);
    81ce:	c7 01       	movw	r24, r14
    81d0:	b6 01       	movw	r22, r12
    81d2:	0e 94 fa 37 	call	0x6ff4	; 0x6ff4 <refreshCache(unsigned long)>
monthShortStr():
/tmp/claude-1000/-home-ngranado-code-AlphaClock/a04e4601-07d0-434a-ba88-eb280e7d56e2/scratchpad/ard/libraries/Time/DateStrings.cpp:79
}

char* monthShortStr(uint8_t month)
{
   for (int i=0; i < dt_SHORT_STR_LEN; i++)      
      buffer[i] = pgm_read_byte(&(monthShortNames_P[i+ (month*dt_SHORT_STR_LEN)]));  
    81d6:	80 91 f5 06 	lds	r24, 0x06F5	; 0x8006f5 <tm+0x5>
    81da:	23 e0       	ldi	r18, 0x03	; 3
    81dc:	82 9f       	mul	r24, r18
    81de:	c0 01       	movw	r24, r0
    81e0:	11 24       	eor	r1, r1
    81e2:	a7 ec       	ldi	r26, 0xC7	; 199
    81e4:	b4 e0       	ldi	r27, 0x04	; 4
SerialPrintTime():
/tmp/claude-1000/-home-ngranado-code-AlphaClock/a04e4601-07d0-434a-ba88-eb280e7d56e2/scratchpad/ard/libraries/Time/DateStrings.cpp:78
    return buffer;
}

char* monthShortStr(uint8_t month)
{
   for (int i=0; i < dt_SHORT_STR_LEN; i++)      
    81e6:	30 e0       	ldi	r19, 0x00	; 0
    81e8:	20 e0       	ldi	r18, 0x00	; 0
monthShortStr():
/tmp/claude-1000/-home-ngranado-code-AlphaClock/a04e4601-07d0-434a-ba88-eb280e7d56e2/scratchpad/ard/libraries/Time/DateStrings.cpp:79
      buffer[i] = pgm_read_byte(&(monthShortNames_P[i+ (month*dt_SHORT_STR_LEN)]));  
    81ea:	8f 5c       	subi	r24, 0xCF	; 207
    81ec:	98 49       	sbci	r25, 0x98	; 152
    81ee:	fc 01       	movw	r30, r24
    81f0:	e2 0f       	add	r30, r18
    81f2:	f3 1f       	adc	r31, r19
    81f4:	e4 91       	lpm	r30, Z
    81f6:	ed 93       	st	X+, r30
/tmp/claude-1000/-home-ngranado-code-AlphaClock/a04e4601-07d0-434a-ba88-eb280e7d56e2/scratchpad/ard/libraries/Time/DateStrings.cpp:78
    return buffer;
}

char* monthShortStr(uint8_t month)
{
   for (int i=0; i < dt_SHORT_STR_LEN; i++)      
    81f8:	2f 5f       	subi	r18, 0xFF	; 255
    81fa:	3f 4f       	sbci	r19, 0xFF	; 255
    81fc:	23 30       	cpi	r18, 0x03	; 3
    81fe:	31 05       	cpc	r19, r1
    8200:	b1 f7       	brne	.-20     	; 0x81ee <SerialPrintTime()+0xb6>
/tmp/claude-1000/-home-ngranado-code-AlphaClock/a04e4601-07d0-434a-ba88-eb280e7d56e2/scratchpad/ard/libraries/Time/DateStrings.cpp:80
      buffer[i] = pgm_read_byte(&(monthShortNames_P[i+ (month*dt_SHORT_STR_LEN)]));  
   buffer[dt_SHORT_STR_LEN] = 0;
    8202:	10 92 ca 04 	sts	0x04CA, r1	; 0x8004ca <buffer+0x3>
SerialPrintTime():
/home/ngranado/code/AlphaClock/alphafive/examples/AlphaClock/AlphaClock.ino:2269
  Serial.print(monthShortStr(month(timeTmp)));
    8206:	87 ec       	ldi	r24, 0xC7	; 199
    8208:	94 e0       	ldi	r25, 0x04	; 4
    820a:	0e 94 60 3f 	call	0x7ec0	; 0x7ec0 <Print::print(char const*) [clone .constprop.19]>
/home/ngranado/code/AlphaClock/alphafive/examples/AlphaClock/AlphaClock.ino:2270
  Serial.print(" ");
    820e:	86 e6       	ldi	r24, 0x66	; 102
    8210:	92 e0       	ldi	r25, 0x02	; 2
    8212:	0e 94 60 3f 	call	0x7ec0	; 0x7ec0 <Print::print(char const*) [clone .constprop.19]>
year():
/tmp/claude-1000/-home-ngranado-code-AlphaClock/a04e4601-07d0-434a-ba88-eb280e7d56e2/scratchpad/ard/libraries/Time/Time.cpp:138
int year() {  // as in Processing, the full four digit year: (2009, 2010 etc) 
  return year(now()); 
}

int year(time_t t) { // the year for the given time
  refreshCache(t);
    8216:	c7 01       	movw	r24, r14
    8218:	b6 01       	movw	r22, r12
    821a:	0e 94 fa 37 	call	0x6ff4	; 0x6ff4 <refreshCache(unsigned long)>
/tmp/claude-1000/-home-ngranado-code-AlphaClock/a04e4601-07d0-434a-ba88-eb280e7d56e2/scratchpad/ard/libraries/Time/Time.cpp:139
  return tmYearToCalendar(tm.Year);
    821e:	80 91 f6 06 	lds	r24, 0x06F6	; 0x8006f6 <tm+0x6>
    8222:	90 e0       	ldi	r25, 0x00	; 0
SerialPrintTime():
/home/ngranado/code/AlphaClock/alphafive/examples/AlphaClock/AlphaClock.ino:2271
  Serial.print(year(timeTmp)); 
    8224:	8e 54       	subi	r24, 0x4E	; 78
    8226:	98 4f       	sbci	r25, 0xF8	; 248
    8228:	0e 94 93 3f 	call	0x7f26	; 0x7f26 <Print::print(int, int) [clone .constprop.20]>
write():
    822c:	88 ef       	ldi	r24, 0xF8	; 248
    822e:	92 e0       	ldi	r25, 0x02	; 2
SerialPrintTime():
/home/ngranado/code/AlphaClock/alphafive/examples/AlphaClock/AlphaClock.ino:2274
  Serial.println(); 

}
    8230:	ff 90       	pop	r15
    8232:	ef 90       	pop	r14
    8234:	df 90       	pop	r13
    8236:	cf 90       	pop	r12
write():
    8238:	0c 94 ee 3e 	jmp	0x7ddc	; 0x7ddc <Print::write(char const*) [clone .part.2] [clone .constprop.26]>

0000823c <TimeDisplay(unsigned char, unsigned char)>:
TimeDisplay():
/home/ngranado/code/AlphaClock/alphafive/examples/AlphaClock/AlphaClock.ino:1870
}




void TimeDisplay (byte DisplayModeLocal, byte forceUpdateCopy)  {
    823c:	4f 92       	push	r4
    823e:	5f 92       	push	r5
    8240:	6f 92       	push	r6
    8242:	7f 92       	push	r7
    8244:	8f 92       	push	r8
    8246:	9f 92       	push	r9
    8248:	af 92       	push	r10
    824a:	bf 92       	push	r11
    824c:	df 92       	push	r13
    824e:	ef 92       	push	r14
    8250:	ff 92       	push	r15
    8252:	0f 93       	push	r16
    8254:	1f 93       	push	r17
    8256:	cf 93       	push	r28
    8258:	df 93       	push	r29
    825a:	cd b7       	in	r28, 0x3d	; 61
    825c:	de b7       	in	r29, 0x3e	; 62
    825e:	60 97       	sbiw	r28, 0x10	; 16
    8260:	0f b6       	in	r0, 0x3f	; 63
    8262:	f8 94       	cli
    8264:	de bf       	out	0x3e, r29	; 62
    8266:	0f be       	out	0x3f, r0	; 63
    8268:	cd bf       	out	0x3d, r28	; 61
    826a:	08 2f       	mov	r16, r24
    826c:	d6 2e       	mov	r13, r22
/home/ngranado/code/AlphaClock/alphafive/examples/AlphaClock/AlphaClock.ino:1873
  byte temp;
  char units;
  char WordIn[] = {
    826e:	86 e0       	ldi	r24, 0x06	; 6
    8270:	e2 e6       	ldi	r30, 0x62	; 98
    8272:	f2 e0       	ldi	r31, 0x02	; 2
    8274:	de 01       	movw	r26, r28
    8276:	1b 96       	adiw	r26, 0x0b	; 11
    8278:	01 90       	ld	r0, Z+
    827a:	0d 92       	st	X+, r0
    827c:	8a 95       	dec	r24
    827e:	e1 f7       	brne	.-8      	; 0x8278 <TimeDisplay(unsigned char, unsigned char)+0x3c>
/home/ngranado/code/AlphaClock/alphafive/examples/AlphaClock/AlphaClock.ino:1878
    "     "                                                                                                                                      };
  byte SecNowTens,  SecNowOnes;
  byte SecNow;

  SecNow = second();
    8280:	0e 94 1e 38 	call	0x703c	; 0x703c <second()>
    8284:	f8 2e       	mov	r15, r24
/home/ngranado/code/AlphaClock/alphafive/examples/AlphaClock/AlphaClock.ino:1880

  if (SecLast != SecNow){
    8286:	90 91 c6 04 	lds	r25, 0x04C6	; 0x8004c6 <SecLast>
    828a:	9f 15       	cp	r25, r15
    828c:	39 f0       	breq	.+14     	; 0x829c <TimeDisplay(unsigned char, unsigned char)+0x60>
/home/ngranado/code/AlphaClock/alphafive/examples/AlphaClock/AlphaClock.ino:1882
    forceUpdateCopy = 1;
    DisplayModePhaseCount++;
    828e:	90 91 f7 06 	lds	r25, 0x06F7	; 0x8006f7 <DisplayModePhaseCount>
    8292:	9f 5f       	subi	r25, 0xFF	; 255
    8294:	90 93 f7 06 	sts	0x06F7, r25	; 0x8006f7 <DisplayModePhaseCount>
/home/ngranado/code/AlphaClock/alphafive/examples/AlphaClock/AlphaClock.ino:1881
  byte SecNow;

  SecNow = second();

  if (SecLast != SecNow){
    forceUpdateCopy = 1;
    8298:	dd 24       	eor	r13, r13
    829a:	d3 94       	inc	r13
/home/ngranado/code/AlphaClock/alphafive/examples/AlphaClock/AlphaClock.ino:1885
    DisplayModePhaseCount++;
  }

  if ((DisplayModeLocal <= 4) || (DisplayModeLocal == 20))
    829c:	05 30       	cpi	r16, 0x05	; 5
    829e:	88 f0       	brcs	.+34     	; 0x82c2 <TimeDisplay(unsigned char, unsigned char)+0x86>
    82a0:	04 31       	cpi	r16, 0x14	; 20
    82a2:	09 f0       	breq	.+2      	; 0x82a6 <TimeDisplay(unsigned char, unsigned char)+0x6a>
    82a4:	e7 c0       	rjmp	.+462    	; 0x8474 <TimeDisplay(unsigned char, unsigned char)+0x238>
/home/ngranado/code/AlphaClock/alphafive/examples/AlphaClock/AlphaClock.ino:1897
    // DisplayModeLocal 20: Standard-mode alarm-time display

    byte HrNowTens,  HrNowOnes, MinNowTens,  MinNowOnes;

    if (DisplayModeLocal == 20)
      temp = AlarmTimeHr;  
    82a6:	80 91 40 07 	lds	r24, 0x0740	; 0x800740 <AlarmTimeHr>
/home/ngranado/code/AlphaClock/alphafive/examples/AlphaClock/AlphaClock.ino:1901
    else
      temp = hour(); 

    if (HourMode24) 
    82aa:	90 91 1f 07 	lds	r25, 0x071F	; 0x80071f <HourMode24>
    82ae:	91 11       	cpse	r25, r1
    82b0:	11 c0       	rjmp	.+34     	; 0x82d4 <TimeDisplay(unsigned char, unsigned char)+0x98>
/home/ngranado/code/AlphaClock/alphafive/examples/AlphaClock/AlphaClock.ino:1907
      units = 'H';  
    else
    {  
        units = 'A'; 
       
      if (temp >= 12){
    82b2:	8c 30       	cpi	r24, 0x0C	; 12
    82b4:	48 f0       	brcs	.+18     	; 0x82c8 <TimeDisplay(unsigned char, unsigned char)+0x8c>
/home/ngranado/code/AlphaClock/alphafive/examples/AlphaClock/AlphaClock.ino:1911
        units = 'P';   
      }       
      
      if (temp > 12){ 
    82b6:	8c 30       	cpi	r24, 0x0C	; 12
    82b8:	09 f0       	breq	.+2      	; 0x82bc <TimeDisplay(unsigned char, unsigned char)+0x80>
/home/ngranado/code/AlphaClock/alphafive/examples/AlphaClock/AlphaClock.ino:1912
        temp -= 12;   //
    82ba:	8c 50       	subi	r24, 0x0C	; 12
/home/ngranado/code/AlphaClock/alphafive/examples/AlphaClock/AlphaClock.ino:1908
    else
    {  
        units = 'A'; 
       
      if (temp >= 12){
        units = 'P';   
    82bc:	10 e5       	ldi	r17, 0x50	; 80
    82be:	b1 2e       	mov	r11, r17
    82c0:	0b c0       	rjmp	.+22     	; 0x82d8 <TimeDisplay(unsigned char, unsigned char)+0x9c>
/home/ngranado/code/AlphaClock/alphafive/examples/AlphaClock/AlphaClock.ino:1899
    byte HrNowTens,  HrNowOnes, MinNowTens,  MinNowOnes;

    if (DisplayModeLocal == 20)
      temp = AlarmTimeHr;  
    else
      temp = hour(); 
    82c2:	0e 94 2e 38 	call	0x705c	; 0x705c <hour()>
    82c6:	f1 cf       	rjmp	.-30     	; 0x82aa <TimeDisplay(unsigned char, unsigned char)+0x6e>
/home/ngranado/code/AlphaClock/alphafive/examples/AlphaClock/AlphaClock.ino:1915
      
      if (temp > 12){ 
        temp -= 12;   //
      }
       
      if (temp == 0)  // Represent 00:00 as 12:00
    82c8:	88 23       	and	r24, r24
    82ca:	09 f4       	brne	.+2      	; 0x82ce <TimeDisplay(unsigned char, unsigned char)+0x92>
    82cc:	ac c0       	rjmp	.+344    	; 0x8426 <TimeDisplay(unsigned char, unsigned char)+0x1ea>
/home/ngranado/code/AlphaClock/alphafive/examples/AlphaClock/AlphaClock.ino:1905

    if (HourMode24) 
      units = 'H';  
    else
    {  
        units = 'A'; 
    82ce:	b1 e4       	ldi	r27, 0x41	; 65
    82d0:	bb 2e       	mov	r11, r27
    82d2:	02 c0       	rjmp	.+4      	; 0x82d8 <TimeDisplay(unsigned char, unsigned char)+0x9c>
/home/ngranado/code/AlphaClock/alphafive/examples/AlphaClock/AlphaClock.ino:1902
      temp = AlarmTimeHr;  
    else
      temp = hour(); 

    if (HourMode24) 
      units = 'H';  
    82d4:	98 e4       	ldi	r25, 0x48	; 72
    82d6:	b9 2e       	mov	r11, r25
/home/ngranado/code/AlphaClock/alphafive/examples/AlphaClock/AlphaClock.ino:1919
       
      if (temp == 0)  // Represent 00:00 as 12:00
          temp += 12;
    }

    HrNowTens = U8DIVBY10(temp);    //i.e.,  HrNowTens = temp / 10;
    82d8:	9d ec       	ldi	r25, 0xCD	; 205
    82da:	89 9f       	mul	r24, r25
    82dc:	90 01       	movw	r18, r0
    82de:	11 24       	eor	r1, r1
    82e0:	93 2e       	mov	r9, r19
    82e2:	96 94       	lsr	r9
    82e4:	96 94       	lsr	r9
    82e6:	96 94       	lsr	r9
/home/ngranado/code/AlphaClock/alphafive/examples/AlphaClock/AlphaClock.ino:1920
    HrNowOnes = temp - 10 * HrNowTens;
    82e8:	96 ef       	ldi	r25, 0xF6	; 246
    82ea:	99 9e       	mul	r9, r25
    82ec:	a0 2c       	mov	r10, r0
    82ee:	11 24       	eor	r1, r1
    82f0:	a0 e3       	ldi	r26, 0x30	; 48
    82f2:	ea 2e       	mov	r14, r26
    82f4:	e8 0e       	add	r14, r24
/home/ngranado/code/AlphaClock/alphafive/examples/AlphaClock/AlphaClock.ino:1923

    if (DisplayModeLocal == 20)
      temp = AlarmTimeMin;
    82f6:	10 91 3f 07 	lds	r17, 0x073F	; 0x80073f <AlarmTimeMin>
/home/ngranado/code/AlphaClock/alphafive/examples/AlphaClock/AlphaClock.ino:1922
    }

    HrNowTens = U8DIVBY10(temp);    //i.e.,  HrNowTens = temp / 10;
    HrNowOnes = temp - 10 * HrNowTens;

    if (DisplayModeLocal == 20)
    82fa:	04 31       	cpi	r16, 0x14	; 20
    82fc:	19 f0       	breq	.+6      	; 0x8304 <TimeDisplay(unsigned char, unsigned char)+0xc8>
/home/ngranado/code/AlphaClock/alphafive/examples/AlphaClock/AlphaClock.ino:1925
      temp = AlarmTimeMin;
    else
      temp = minute(); 
    82fe:	0e 94 26 38 	call	0x704c	; 0x704c <minute()>
    8302:	18 2f       	mov	r17, r24
/home/ngranado/code/AlphaClock/alphafive/examples/AlphaClock/AlphaClock.ino:1927

    MinNowTens = U8DIVBY10(temp);      //i.e.,  MinNowTens = temp / 10;
    8304:	2d ec       	ldi	r18, 0xCD	; 205
    8306:	12 9f       	mul	r17, r18
    8308:	c0 01       	movw	r24, r0
    830a:	11 24       	eor	r1, r1
    830c:	69 2e       	mov	r6, r25
    830e:	66 94       	lsr	r6
    8310:	66 94       	lsr	r6
    8312:	66 94       	lsr	r6
/home/ngranado/code/AlphaClock/alphafive/examples/AlphaClock/AlphaClock.ino:1928
    MinNowOnes = temp - 10 * MinNowTens;
    8314:	81 2e       	mov	r8, r17
    8316:	86 ef       	ldi	r24, 0xF6	; 246
    8318:	68 9e       	mul	r6, r24
    831a:	80 0c       	add	r8, r0
    831c:	11 24       	eor	r1, r1
/home/ngranado/code/AlphaClock/alphafive/examples/AlphaClock/AlphaClock.ino:1930

    if (MinNowOnesLast != MinNowOnes)
    831e:	80 91 c5 04 	lds	r24, 0x04C5	; 0x8004c5 <MinNowOnesLast>
    8322:	88 15       	cp	r24, r8
    8324:	11 f0       	breq	.+4      	; 0x832a <TimeDisplay(unsigned char, unsigned char)+0xee>
/home/ngranado/code/AlphaClock/alphafive/examples/AlphaClock/AlphaClock.ino:1931
      forceUpdateCopy = 1;
    8326:	dd 24       	eor	r13, r13
    8328:	d3 94       	inc	r13
/home/ngranado/code/AlphaClock/alphafive/examples/AlphaClock/AlphaClock.ino:1933

    SecNow = second();    
    832a:	0e 94 1e 38 	call	0x703c	; 0x703c <second()>
    832e:	78 2e       	mov	r7, r24
    8330:	f8 2e       	mov	r15, r24
/home/ngranado/code/AlphaClock/alphafive/examples/AlphaClock/AlphaClock.ino:1935

    if (SecLast != SecNow)
    8332:	80 91 c6 04 	lds	r24, 0x04C6	; 0x8004c6 <SecLast>
    8336:	87 15       	cp	r24, r7
    8338:	11 f0       	breq	.+4      	; 0x833e <TimeDisplay(unsigned char, unsigned char)+0x102>
/home/ngranado/code/AlphaClock/alphafive/examples/AlphaClock/AlphaClock.ino:1936
      forceUpdateCopy = 1;
    833a:	dd 24       	eor	r13, r13
    833c:	d3 94       	inc	r13
/home/ngranado/code/AlphaClock/alphafive/examples/AlphaClock/AlphaClock.ino:1938

    if (DisplayModeLocal & 1) // Seconds Spinner Mode
    833e:	90 2f       	mov	r25, r16
    8340:	91 70       	andi	r25, 0x01	; 1
    8342:	00 ff       	sbrs	r16, 0
    8344:	0d c0       	rjmp	.+26     	; 0x8360 <TimeDisplay(unsigned char, unsigned char)+0x124>
/home/ngranado/code/AlphaClock/alphafive/examples/AlphaClock/AlphaClock.ino:1945


      // binary tree for 8 cases:  three tests max, rather than 8.
      // Split seconds into octants: 0-6,7-14,15-22,23-29,30-36,37-44,45-52,53-59

      if (SecNow < 30)
    8346:	2d e1       	ldi	r18, 0x1D	; 29
    8348:	2f 15       	cp	r18, r15
    834a:	08 f4       	brcc	.+2      	; 0x834e <TimeDisplay(unsigned char, unsigned char)+0x112>
    834c:	75 c0       	rjmp	.+234    	; 0x8438 <TimeDisplay(unsigned char, unsigned char)+0x1fc>
/home/ngranado/code/AlphaClock/alphafive/examples/AlphaClock/AlphaClock.ino:1947
      {// temp in range 0-29
        if (SecNow < 15)
    834e:	8e e0       	ldi	r24, 0x0E	; 14
    8350:	8f 15       	cp	r24, r15
    8352:	08 f4       	brcc	.+2      	; 0x8356 <TimeDisplay(unsigned char, unsigned char)+0x11a>
    8354:	6a c0       	rjmp	.+212    	; 0x842a <TimeDisplay(unsigned char, unsigned char)+0x1ee>
/home/ngranado/code/AlphaClock/alphafive/examples/AlphaClock/AlphaClock.ino:1949
        {// temp in range 0-14
          if (SecNow < 7)
    8356:	26 e0       	ldi	r18, 0x06	; 6
/home/ngranado/code/AlphaClock/alphafive/examples/AlphaClock/AlphaClock.ino:1951
          { // temp in range 0-6 
            temp = 15;   //  a5editFontChar('a',0,0,32);    // N arrow
    8358:	1f e0       	ldi	r17, 0x0F	; 15
/home/ngranado/code/AlphaClock/alphafive/examples/AlphaClock/AlphaClock.ino:1949

      if (SecNow < 30)
      {// temp in range 0-29
        if (SecNow < 15)
        {// temp in range 0-14
          if (SecNow < 7)
    835a:	2f 15       	cp	r18, r15
    835c:	08 f4       	brcc	.+2      	; 0x8360 <TimeDisplay(unsigned char, unsigned char)+0x124>
/home/ngranado/code/AlphaClock/alphafive/examples/AlphaClock/AlphaClock.ino:1955
          { // temp in range 0-6 
            temp = 15;   //  a5editFontChar('a',0,0,32);    // N arrow
          }
          else 
          { // temp in range 7-14
            temp = 16; // a5editFontChar('a',0,0,64);    // NE arrow
    835e:	10 e1       	ldi	r17, 0x10	; 16
/home/ngranado/code/AlphaClock/alphafive/examples/AlphaClock/AlphaClock.ino:1997
          }     
        }
      } 
    }

    if ((HourMode24) || (HrNowTens > 0))
    8360:	80 91 1f 07 	lds	r24, 0x071F	; 0x80071f <HourMode24>
    8364:	81 11       	cpse	r24, r1
    8366:	02 c0       	rjmp	.+4      	; 0x836c <TimeDisplay(unsigned char, unsigned char)+0x130>
    8368:	99 20       	and	r9, r9
    836a:	19 f0       	breq	.+6      	; 0x8372 <TimeDisplay(unsigned char, unsigned char)+0x136>
/home/ngranado/code/AlphaClock/alphafive/examples/AlphaClock/AlphaClock.ino:1998
      WordIn[0] =  HrNowTens + a5_integerOffset;   // Blank leading zero unless in 24-hour mode.
    836c:	80 e3       	ldi	r24, 0x30	; 48
    836e:	89 0d       	add	r24, r9
    8370:	8b 87       	std	Y+11, r24	; 0x0b
/home/ngranado/code/AlphaClock/alphafive/examples/AlphaClock/AlphaClock.ino:2000

    WordIn[1] =  HrNowOnes  + a5_integerOffset;
    8372:	8a 2d       	mov	r24, r10
    8374:	8e 0d       	add	r24, r14
    8376:	8c 87       	std	Y+12, r24	; 0x0c
/home/ngranado/code/AlphaClock/alphafive/examples/AlphaClock/AlphaClock.ino:2001
    WordIn[2] =  MinNowTens + a5_integerOffset;
    8378:	80 e3       	ldi	r24, 0x30	; 48
    837a:	86 0d       	add	r24, r6
    837c:	8d 87       	std	Y+13, r24	; 0x0d
/home/ngranado/code/AlphaClock/alphafive/examples/AlphaClock/AlphaClock.ino:2002
    WordIn[3] =  MinNowOnes + a5_integerOffset;
    837e:	80 e3       	ldi	r24, 0x30	; 48
    8380:	88 0d       	add	r24, r8
    8382:	8e 87       	std	Y+14, r24	; 0x0e
/home/ngranado/code/AlphaClock/alphafive/examples/AlphaClock/AlphaClock.ino:2004

    if (DisplayModeLocal & 1)  // Spinner
    8384:	99 23       	and	r25, r25
    8386:	09 f4       	brne	.+2      	; 0x838a <TimeDisplay(unsigned char, unsigned char)+0x14e>
    8388:	68 c0       	rjmp	.+208    	; 0x845a <TimeDisplay(unsigned char, unsigned char)+0x21e>
/home/ngranado/code/AlphaClock/alphafive/examples/AlphaClock/AlphaClock.ino:2005
      WordIn[4] =  ' ';
    838a:	80 e2       	ldi	r24, 0x20	; 32
    838c:	8f 87       	std	Y+15, r24	; 0x0f
/home/ngranado/code/AlphaClock/alphafive/examples/AlphaClock/AlphaClock.ino:2009
    else
      WordIn[4] =  units;

    if(forceUpdateCopy)
    838e:	dd 20       	and	r13, r13
    8390:	71 f1       	breq	.+92     	; 0x83ee <TimeDisplay(unsigned char, unsigned char)+0x1b2>
/home/ngranado/code/AlphaClock/alphafive/examples/AlphaClock/AlphaClock.ino:2011
    { 
      a5clearOSB();  
    8392:	0e 94 eb 39 	call	0x73d6	; 0x73d6 <a5clearOSB()>
/home/ngranado/code/AlphaClock/alphafive/examples/AlphaClock/AlphaClock.ino:2012
      a5loadOSB_Ascii(WordIn,a5_brightLevel);    
    8396:	e0 90 51 07 	lds	r14, 0x0751	; 0x800751 <a5_brightLevel>
    839a:	6e 2d       	mov	r22, r14
    839c:	ce 01       	movw	r24, r28
    839e:	0b 96       	adiw	r24, 0x0b	; 11
    83a0:	0e 94 0b 3a 	call	0x7416	; 0x7416 <a5loadOSB_Ascii(char*, unsigned char)>
a5loadOSB_Segment():
/home/ngranado/code/AlphaClock/alphafive/alphafive.cpp:698
     BUT, remember to CLEAR the OSB before using it and remember that the contents will not be visible until you load
     them into the video buffer.
     
     */
    
    a5_OSB[segment] += BrightIn;
    83a4:	e1 2f       	mov	r30, r17
    83a6:	f0 e0       	ldi	r31, 0x00	; 0
    83a8:	e1 52       	subi	r30, 0x21	; 33
    83aa:	fa 4f       	sbci	r31, 0xFA	; 250
    83ac:	80 81       	ld	r24, Z
    83ae:	8e 0d       	add	r24, r14
    83b0:	80 83       	st	Z, r24
TimeDisplay():
/home/ngranado/code/AlphaClock/alphafive/examples/AlphaClock/AlphaClock.ino:2017

      if (DisplayModeLocal & 1)
      {
        a5loadOSB_Segment (temp, a5_brightLevel);
        if (units == 'P')
    83b2:	80 e5       	ldi	r24, 0x50	; 80
    83b4:	b8 12       	cpse	r11, r24
    83b6:	05 c0       	rjmp	.+10     	; 0x83c2 <TimeDisplay(unsigned char, unsigned char)+0x186>
/home/ngranado/code/AlphaClock/alphafive/examples/AlphaClock/AlphaClock.ino:2018
          a5loadOSB_DP("___1_",a5_brightLevel);   // DP dot in DisplayMode 1.        
    83b8:	6e 2d       	mov	r22, r14
    83ba:	88 e9       	ldi	r24, 0x98	; 152
    83bc:	92 e0       	ldi	r25, 0x02	; 2
    83be:	0e 94 f3 39 	call	0x73e6	; 0x73e6 <a5loadOSB_DP(char*, unsigned char)>
/home/ngranado/code/AlphaClock/alphafive/examples/AlphaClock/AlphaClock.ino:2021
      }

      if (AlarmEnabled)
    83c2:	80 91 41 07 	lds	r24, 0x0741	; 0x800741 <AlarmEnabled>
    83c6:	88 23       	and	r24, r24
    83c8:	29 f0       	breq	.+10     	; 0x83d4 <TimeDisplay(unsigned char, unsigned char)+0x198>
/home/ngranado/code/AlphaClock/alphafive/examples/AlphaClock/AlphaClock.ino:2022
        a5loadOSB_DP("2____",a5_brightLevel);     
    83ca:	6e 2d       	mov	r22, r14
    83cc:	8d ef       	ldi	r24, 0xFD	; 253
    83ce:	92 e0       	ldi	r25, 0x02	; 2
    83d0:	0e 94 f3 39 	call	0x73e6	; 0x73e6 <a5loadOSB_DP(char*, unsigned char)>
/home/ngranado/code/AlphaClock/alphafive/examples/AlphaClock/AlphaClock.ino:2024

      if ((DisplayModeLocal < 20) && (DisplayModeLocal & 2) && (SecNow & 1)){ 
    83d4:	04 31       	cpi	r16, 0x14	; 20
    83d6:	20 f4       	brcc	.+8      	; 0x83e0 <TimeDisplay(unsigned char, unsigned char)+0x1a4>
    83d8:	01 ff       	sbrs	r16, 1
    83da:	02 c0       	rjmp	.+4      	; 0x83e0 <TimeDisplay(unsigned char, unsigned char)+0x1a4>
    83dc:	70 fc       	sbrc	r7, 0
    83de:	05 c0       	rjmp	.+10     	; 0x83ea <TimeDisplay(unsigned char, unsigned char)+0x1ae>
/home/ngranado/code/AlphaClock/alphafive/examples/AlphaClock/AlphaClock.ino:2028
        // no HOUR:MINUTE separators
      }
      else
        a5loadOSB_DP("01200",a5_brightLevel);    
    83e0:	6e 2d       	mov	r22, r14
    83e2:	83 e0       	ldi	r24, 0x03	; 3
    83e4:	93 e0       	ldi	r25, 0x03	; 3
    83e6:	0e 94 f3 39 	call	0x73e6	; 0x73e6 <a5loadOSB_DP(char*, unsigned char)>
/home/ngranado/code/AlphaClock/alphafive/examples/AlphaClock/AlphaClock.ino:2030

      a5BeginFadeToOSB();  
    83ea:	0e 94 c0 3a 	call	0x7580	; 0x7580 <a5BeginFadeToOSB()>
/home/ngranado/code/AlphaClock/alphafive/examples/AlphaClock/AlphaClock.ino:2033
    }  

    MinNowOnesLast = MinNowOnes;  
    83ee:	80 92 c5 04 	sts	0x04C5, r8	; 0x8004c5 <MinNowOnesLast>
/home/ngranado/code/AlphaClock/alphafive/examples/AlphaClock/AlphaClock.ino:2193

      a5BeginFadeToOSB();
    }
  }

  DisplayModeLocalLast = DisplayModeLocal;
    83f2:	00 93 c4 04 	sts	0x04C4, r16	; 0x8004c4 <DisplayModeLocalLast>
/home/ngranado/code/AlphaClock/alphafive/examples/AlphaClock/AlphaClock.ino:2194
  SecLast = SecNow;
    83f6:	f0 92 c6 04 	sts	0x04C6, r15	; 0x8004c6 <SecLast>
/home/ngranado/code/AlphaClock/alphafive/examples/AlphaClock/AlphaClock.ino:2196

}
    83fa:	60 96       	adiw	r28, 0x10	; 16
    83fc:	0f b6       	in	r0, 0x3f	; 63
    83fe:	f8 94       	cli
    8400:	de bf       	out	0x3e, r29	; 62
    8402:	0f be       	out	0x3f, r0	; 63
    8404:	cd bf       	out	0x3d, r28	; 61
    8406:	df 91       	pop	r29
    8408:	cf 91       	pop	r28
    840a:	1f 91       	pop	r17
    840c:	0f 91       	pop	r16
    840e:	ff 90       	pop	r15
    8410:	ef 90       	pop	r14
    8412:	df 90       	pop	r13
    8414:	bf 90       	pop	r11
    8416:	af 90       	pop	r10
    8418:	9f 90       	pop	r9
    841a:	8f 90       	pop	r8
    841c:	7f 90       	pop	r7
    841e:	6f 90       	pop	r6
    8420:	5f 90       	pop	r5
    8422:	4f 90       	pop	r4
    8424:	08 95       	ret
/home/ngranado/code/AlphaClock/alphafive/examples/AlphaClock/AlphaClock.ino:1916
      if (temp > 12){ 
        temp -= 12;   //
      }
       
      if (temp == 0)  // Represent 00:00 as 12:00
          temp += 12;
    8426:	8c e0       	ldi	r24, 0x0C	; 12
    8428:	52 cf       	rjmp	.-348    	; 0x82ce <TimeDisplay(unsigned char, unsigned char)+0x92>
/home/ngranado/code/AlphaClock/alphafive/examples/AlphaClock/AlphaClock.ino:1960
            temp = 16; // a5editFontChar('a',0,0,64);    // NE arrow
          } 
        }
        else
        {// temp in range 15-29
          if (SecNow < 23)
    842a:	86 e1       	ldi	r24, 0x16	; 22
/home/ngranado/code/AlphaClock/alphafive/examples/AlphaClock/AlphaClock.ino:1962
          {  // temp in range 15-22
            temp = 5;  // a5editFontChar('a',32,0,0);    // E arrow 
    842c:	15 e0       	ldi	r17, 0x05	; 5
/home/ngranado/code/AlphaClock/alphafive/examples/AlphaClock/AlphaClock.ino:1960
            temp = 16; // a5editFontChar('a',0,0,64);    // NE arrow
          } 
        }
        else
        {// temp in range 15-29
          if (SecNow < 23)
    842e:	8f 15       	cp	r24, r15
    8430:	08 f0       	brcs	.+2      	; 0x8434 <TimeDisplay(unsigned char, unsigned char)+0x1f8>
    8432:	96 cf       	rjmp	.-212    	; 0x8360 <TimeDisplay(unsigned char, unsigned char)+0x124>
/home/ngranado/code/AlphaClock/alphafive/examples/AlphaClock/AlphaClock.ino:1966
          {  // temp in range 15-22
            temp = 5;  // a5editFontChar('a',32,0,0);    // E arrow 
          }
          else
          {  // temp in range 23-29
            temp = 17;  // a5editFontChar('a',0,0,128);    // SE arrow
    8434:	11 e1       	ldi	r17, 0x11	; 17
    8436:	94 cf       	rjmp	.-216    	; 0x8360 <TimeDisplay(unsigned char, unsigned char)+0x124>
/home/ngranado/code/AlphaClock/alphafive/examples/AlphaClock/AlphaClock.ino:1972
          }   
        }
      }
      else
      {// temp in range 30-59
        if (SecNow < 45)
    8438:	2c e2       	ldi	r18, 0x2C	; 44
    843a:	2f 15       	cp	r18, r15
    843c:	38 f0       	brcs	.+14     	; 0x844c <TimeDisplay(unsigned char, unsigned char)+0x210>
/home/ngranado/code/AlphaClock/alphafive/examples/AlphaClock/AlphaClock.ino:1974
        {// temp in range 30-44 
          if (SecNow < 37)
    843e:	84 e2       	ldi	r24, 0x24	; 36
/home/ngranado/code/AlphaClock/alphafive/examples/AlphaClock/AlphaClock.ino:1976
          {  // temp in range 30-36
            temp = 8;  // a5editFontChar('a',0,1,0);    // S arrow
    8440:	18 e0       	ldi	r17, 0x08	; 8
/home/ngranado/code/AlphaClock/alphafive/examples/AlphaClock/AlphaClock.ino:1974
      }
      else
      {// temp in range 30-59
        if (SecNow < 45)
        {// temp in range 30-44 
          if (SecNow < 37)
    8442:	8f 15       	cp	r24, r15
    8444:	08 f0       	brcs	.+2      	; 0x8448 <TimeDisplay(unsigned char, unsigned char)+0x20c>
    8446:	8c cf       	rjmp	.-232    	; 0x8360 <TimeDisplay(unsigned char, unsigned char)+0x124>
/home/ngranado/code/AlphaClock/alphafive/examples/AlphaClock/AlphaClock.ino:1980
          {  // temp in range 30-36
            temp = 8;  // a5editFontChar('a',0,1,0);    // S arrow
          }
          else 
          {   // temp in range 37-44
            temp = 9;  // a5editFontChar('a',0,2,0);    // SW arrow
    8448:	19 e0       	ldi	r17, 0x09	; 9
    844a:	8a cf       	rjmp	.-236    	; 0x8360 <TimeDisplay(unsigned char, unsigned char)+0x124>
/home/ngranado/code/AlphaClock/alphafive/examples/AlphaClock/AlphaClock.ino:1985
          }  
        }
        else
        {// temp in range 45-59
          if (SecNow < 53)
    844c:	24 e3       	ldi	r18, 0x34	; 52
/home/ngranado/code/AlphaClock/alphafive/examples/AlphaClock/AlphaClock.ino:1987
          {  // temp in range 45-52
            temp = 4;  //  a5editFontChar('a',16,0,0);    // W arrow
    844e:	14 e0       	ldi	r17, 0x04	; 4
/home/ngranado/code/AlphaClock/alphafive/examples/AlphaClock/AlphaClock.ino:1985
            temp = 9;  // a5editFontChar('a',0,2,0);    // SW arrow
          }  
        }
        else
        {// temp in range 45-59
          if (SecNow < 53)
    8450:	2f 15       	cp	r18, r15
    8452:	08 f0       	brcs	.+2      	; 0x8456 <TimeDisplay(unsigned char, unsigned char)+0x21a>
    8454:	85 cf       	rjmp	.-246    	; 0x8360 <TimeDisplay(unsigned char, unsigned char)+0x124>
/home/ngranado/code/AlphaClock/alphafive/examples/AlphaClock/AlphaClock.ino:1991
          {  // temp in range 45-52
            temp = 4;  //  a5editFontChar('a',16,0,0);    // W arrow
          }
          else 
          {   // temp in range 53-59
            temp = 14;  // a5editFontChar('a',0,0,16);    // NW arrow     
    8456:	1e e0       	ldi	r17, 0x0E	; 14
    8458:	83 cf       	rjmp	.-250    	; 0x8360 <TimeDisplay(unsigned char, unsigned char)+0x124>
/home/ngranado/code/AlphaClock/alphafive/examples/AlphaClock/AlphaClock.ino:2007
    WordIn[3] =  MinNowOnes + a5_integerOffset;

    if (DisplayModeLocal & 1)  // Spinner
      WordIn[4] =  ' ';
    else
      WordIn[4] =  units;
    845a:	bf 86       	std	Y+15, r11	; 0x0f
/home/ngranado/code/AlphaClock/alphafive/examples/AlphaClock/AlphaClock.ino:2009

    if(forceUpdateCopy)
    845c:	dd 20       	and	r13, r13
    845e:	39 f2       	breq	.-114    	; 0x83ee <TimeDisplay(unsigned char, unsigned char)+0x1b2>
/home/ngranado/code/AlphaClock/alphafive/examples/AlphaClock/AlphaClock.ino:2011
    { 
      a5clearOSB();  
    8460:	0e 94 eb 39 	call	0x73d6	; 0x73d6 <a5clearOSB()>
/home/ngranado/code/AlphaClock/alphafive/examples/AlphaClock/AlphaClock.ino:2012
      a5loadOSB_Ascii(WordIn,a5_brightLevel);    
    8464:	e0 90 51 07 	lds	r14, 0x0751	; 0x800751 <a5_brightLevel>
    8468:	6e 2d       	mov	r22, r14
    846a:	ce 01       	movw	r24, r28
    846c:	0b 96       	adiw	r24, 0x0b	; 11
    846e:	0e 94 0b 3a 	call	0x7416	; 0x7416 <a5loadOSB_Ascii(char*, unsigned char)>
    8472:	a7 cf       	rjmp	.-178    	; 0x83c2 <TimeDisplay(unsigned char, unsigned char)+0x186>
/home/ngranado/code/AlphaClock/alphafive/examples/AlphaClock/AlphaClock.ino:2037

    MinNowOnesLast = MinNowOnes;  

  }

  else if (DisplayModeLocal == 32)  //Seconds only
    8474:	00 32       	cpi	r16, 0x20	; 32
    8476:	61 f5       	brne	.+88     	; 0x84d0 <TimeDisplay(unsigned char, unsigned char)+0x294>
/home/ngranado/code/AlphaClock/alphafive/examples/AlphaClock/AlphaClock.ino:2042
  { 

    temp = SecNow;

    SecNowTens = U8DIVBY10(temp);      //i.e.,  SecNowTens = temp / 10;
    8478:	9d ec       	ldi	r25, 0xCD	; 205
    847a:	89 9f       	mul	r24, r25
    847c:	90 01       	movw	r18, r0
    847e:	11 24       	eor	r1, r1
    8480:	93 2f       	mov	r25, r19
    8482:	96 95       	lsr	r25
    8484:	96 95       	lsr	r25
    8486:	96 95       	lsr	r25
/home/ngranado/code/AlphaClock/alphafive/examples/AlphaClock/AlphaClock.ino:2045
    SecNowOnes = temp - 10 * SecNowTens;

    WordIn[2] =  SecNowTens + a5_integerOffset;
    8488:	20 e3       	ldi	r18, 0x30	; 48
    848a:	29 0f       	add	r18, r25
    848c:	2d 87       	std	Y+13, r18	; 0x0d
/home/ngranado/code/AlphaClock/alphafive/examples/AlphaClock/AlphaClock.ino:2046
    WordIn[3] =  SecNowOnes + a5_integerOffset; 
    848e:	80 5d       	subi	r24, 0xD0	; 208
    8490:	26 ef       	ldi	r18, 0xF6	; 246
    8492:	92 9f       	mul	r25, r18
    8494:	80 0d       	add	r24, r0
    8496:	11 24       	eor	r1, r1
    8498:	8e 87       	std	Y+14, r24	; 0x0e
/home/ngranado/code/AlphaClock/alphafive/examples/AlphaClock/AlphaClock.ino:2047
    if(forceUpdateCopy)
    849a:	dd 20       	and	r13, r13
    849c:	09 f4       	brne	.+2      	; 0x84a0 <TimeDisplay(unsigned char, unsigned char)+0x264>
    849e:	a9 cf       	rjmp	.-174    	; 0x83f2 <TimeDisplay(unsigned char, unsigned char)+0x1b6>
/home/ngranado/code/AlphaClock/alphafive/examples/AlphaClock/AlphaClock.ino:2049
    { 
      a5clearOSB();  
    84a0:	0e 94 eb 39 	call	0x73d6	; 0x73d6 <a5clearOSB()>
/home/ngranado/code/AlphaClock/alphafive/examples/AlphaClock/AlphaClock.ino:2050
      a5loadOSB_Ascii(WordIn,a5_brightLevel);    
    84a4:	10 91 51 07 	lds	r17, 0x0751	; 0x800751 <a5_brightLevel>
    84a8:	61 2f       	mov	r22, r17
    84aa:	ce 01       	movw	r24, r28
    84ac:	0b 96       	adiw	r24, 0x0b	; 11
    84ae:	0e 94 0b 3a 	call	0x7416	; 0x7416 <a5loadOSB_Ascii(char*, unsigned char)>
/home/ngranado/code/AlphaClock/alphafive/examples/AlphaClock/AlphaClock.ino:2052

      if (AlarmEnabled)
    84b2:	80 91 41 07 	lds	r24, 0x0741	; 0x800741 <AlarmEnabled>
/home/ngranado/code/AlphaClock/alphafive/examples/AlphaClock/AlphaClock.ino:2053
        a5loadOSB_DP("21200",a5_brightLevel);     
    84b6:	61 2f       	mov	r22, r17
/home/ngranado/code/AlphaClock/alphafive/examples/AlphaClock/AlphaClock.ino:2052
    if(forceUpdateCopy)
    { 
      a5clearOSB();  
      a5loadOSB_Ascii(WordIn,a5_brightLevel);    

      if (AlarmEnabled)
    84b8:	88 23       	and	r24, r24
    84ba:	39 f0       	breq	.+14     	; 0x84ca <TimeDisplay(unsigned char, unsigned char)+0x28e>
/home/ngranado/code/AlphaClock/alphafive/examples/AlphaClock/AlphaClock.ino:2053
        a5loadOSB_DP("21200",a5_brightLevel);     
    84bc:	89 e0       	ldi	r24, 0x09	; 9
    84be:	93 e0       	ldi	r25, 0x03	; 3
/home/ngranado/code/AlphaClock/alphafive/examples/AlphaClock/AlphaClock.ino:2187
        a5loadOSB_Ascii(&digits[5],a5_brightLevel);
      else
        a5loadOSB_Ascii(digits,a5_brightLevel);

      if (AlarmEnabled)
        a5loadOSB_DP("20000",a5_brightLevel);
    84c0:	0e 94 f3 39 	call	0x73e6	; 0x73e6 <a5loadOSB_DP(char*, unsigned char)>
/home/ngranado/code/AlphaClock/alphafive/examples/AlphaClock/AlphaClock.ino:2189

      a5BeginFadeToOSB();
    84c4:	0e 94 c0 3a 	call	0x7580	; 0x7580 <a5BeginFadeToOSB()>
    84c8:	94 cf       	rjmp	.-216    	; 0x83f2 <TimeDisplay(unsigned char, unsigned char)+0x1b6>
/home/ngranado/code/AlphaClock/alphafive/examples/AlphaClock/AlphaClock.ino:2055
      a5loadOSB_Ascii(WordIn,a5_brightLevel);    

      if (AlarmEnabled)
        a5loadOSB_DP("21200",a5_brightLevel);     
      else
        a5loadOSB_DP("01200",a5_brightLevel);     
    84ca:	83 e0       	ldi	r24, 0x03	; 3
    84cc:	93 e0       	ldi	r25, 0x03	; 3
    84ce:	f8 cf       	rjmp	.-16     	; 0x84c0 <TimeDisplay(unsigned char, unsigned char)+0x284>
/home/ngranado/code/AlphaClock/alphafive/examples/AlphaClock/AlphaClock.ino:2062
      a5BeginFadeToOSB(); 
    } 
    SecLast = SecNow; 
  }

  else if (DisplayModeLocal == 33)  //Month, Day
    84d0:	01 32       	cpi	r16, 0x21	; 33
    84d2:	09 f0       	breq	.+2      	; 0x84d6 <TimeDisplay(unsigned char, unsigned char)+0x29a>
    84d4:	4d c0       	rjmp	.+154    	; 0x8570 <TimeDisplay(unsigned char, unsigned char)+0x334>
/home/ngranado/code/AlphaClock/alphafive/examples/AlphaClock/AlphaClock.ino:2065
  {  

    if(forceUpdateCopy)
    84d6:	dd 20       	and	r13, r13
    84d8:	09 f4       	brne	.+2      	; 0x84dc <TimeDisplay(unsigned char, unsigned char)+0x2a0>
    84da:	8b cf       	rjmp	.-234    	; 0x83f2 <TimeDisplay(unsigned char, unsigned char)+0x1b6>
day():
/tmp/claude-1000/-home-ngranado-code-AlphaClock/a04e4601-07d0-434a-ba88-eb280e7d56e2/scratchpad/ard/libraries/Time/Time.cpp:107
  refreshCache(t);
  return tm.Second;
}

int day(){
  return(day(now())); 
    84dc:	0e 94 d7 35 	call	0x6bae	; 0x6bae <now()>
/tmp/claude-1000/-home-ngranado-code-AlphaClock/a04e4601-07d0-434a-ba88-eb280e7d56e2/scratchpad/ard/libraries/Time/Time.cpp:111
}

int day(time_t t) { // the day for the given time (0-6)
  refreshCache(t);
    84e0:	0e 94 fa 37 	call	0x6ff4	; 0x6ff4 <refreshCache(unsigned long)>
/tmp/claude-1000/-home-ngranado-code-AlphaClock/a04e4601-07d0-434a-ba88-eb280e7d56e2/scratchpad/ard/libraries/Time/Time.cpp:112
  return tm.Day;
    84e4:	10 91 f4 06 	lds	r17, 0x06F4	; 0x8006f4 <tm+0x4>
month():
/tmp/claude-1000/-home-ngranado-code-AlphaClock/a04e4601-07d0-434a-ba88-eb280e7d56e2/scratchpad/ard/libraries/Time/Time.cpp:125
  refreshCache(t);
  return tm.Wday;
}
   
int month(){
  return month(now()); 
    84e8:	0e 94 d7 35 	call	0x6bae	; 0x6bae <now()>
/tmp/claude-1000/-home-ngranado-code-AlphaClock/a04e4601-07d0-434a-ba88-eb280e7d56e2/scratchpad/ard/libraries/Time/Time.cpp:129
}

int month(time_t t) {  // the month for the given time
  refreshCache(t);
    84ec:	0e 94 fa 37 	call	0x6ff4	; 0x6ff4 <refreshCache(unsigned long)>
TimeDisplay():
/home/ngranado/code/AlphaClock/alphafive/examples/AlphaClock/AlphaClock.ino:2069
    {  
      temp = day();  

      byte monthTemp = 3 * ( month() - 1);  
    84f0:	80 91 f5 06 	lds	r24, 0x06F5	; 0x8006f5 <tm+0x5>
    84f4:	ef ef       	ldi	r30, 0xFF	; 255
    84f6:	e8 0f       	add	r30, r24
    84f8:	8e 2f       	mov	r24, r30
    84fa:	88 0f       	add	r24, r24
    84fc:	8e 0f       	add	r24, r30
/home/ngranado/code/AlphaClock/alphafive/examples/AlphaClock/AlphaClock.ino:2072
      //Month name (short):
      //      char a5monthShortNames_P[] PROGMEM = "JANFEBMARAPRMAYJUNJULAUGSEPOCTNOVDEC";
      WordIn[0] = pgm_read_byte(&(a5_monthShortNames_P[monthTemp++]));  
    84fe:	e8 2f       	mov	r30, r24
    8500:	f0 e0       	ldi	r31, 0x00	; 0
    8502:	e4 50       	subi	r30, 0x04	; 4
    8504:	f9 49       	sbci	r31, 0x99	; 153
    8506:	e4 91       	lpm	r30, Z
    8508:	eb 87       	std	Y+11, r30	; 0x0b
    850a:	e1 e0       	ldi	r30, 0x01	; 1
    850c:	e8 0f       	add	r30, r24
/home/ngranado/code/AlphaClock/alphafive/examples/AlphaClock/AlphaClock.ino:2073
      WordIn[1] = pgm_read_byte(&(a5_monthShortNames_P[monthTemp++]));
    850e:	f0 e0       	ldi	r31, 0x00	; 0
    8510:	e4 50       	subi	r30, 0x04	; 4
    8512:	f9 49       	sbci	r31, 0x99	; 153
    8514:	e4 91       	lpm	r30, Z
    8516:	ec 87       	std	Y+12, r30	; 0x0c
    8518:	8e 5f       	subi	r24, 0xFE	; 254
/home/ngranado/code/AlphaClock/alphafive/examples/AlphaClock/AlphaClock.ino:2074
      WordIn[2] = pgm_read_byte(&(a5_monthShortNames_P[monthTemp]));
    851a:	e8 2f       	mov	r30, r24
    851c:	f0 e0       	ldi	r31, 0x00	; 0
    851e:	e4 50       	subi	r30, 0x04	; 4
    8520:	f9 49       	sbci	r31, 0x99	; 153
    8522:	e4 91       	lpm	r30, Z
    8524:	ed 87       	std	Y+13, r30	; 0x0d
/home/ngranado/code/AlphaClock/alphafive/examples/AlphaClock/AlphaClock.ino:2076

      byte divtemp =  U8DIVBY10(temp);  //i.e.,  divtemp = day / 10;
    8526:	2d ec       	ldi	r18, 0xCD	; 205
    8528:	12 9f       	mul	r17, r18
    852a:	c0 01       	movw	r24, r0
    852c:	11 24       	eor	r1, r1
    852e:	89 2f       	mov	r24, r25
    8530:	86 95       	lsr	r24
    8532:	86 95       	lsr	r24
    8534:	86 95       	lsr	r24
/home/ngranado/code/AlphaClock/alphafive/examples/AlphaClock/AlphaClock.ino:2078

      WordIn[3] =   divtemp + a5_integerOffset;  
    8536:	90 e3       	ldi	r25, 0x30	; 48
    8538:	98 0f       	add	r25, r24
    853a:	9e 87       	std	Y+14, r25	; 0x0e
/home/ngranado/code/AlphaClock/alphafive/examples/AlphaClock/AlphaClock.ino:2079
      WordIn[4] =  ( temp - 10 * divtemp) + a5_integerOffset;   
    853c:	10 5d       	subi	r17, 0xD0	; 208
    853e:	96 ef       	ldi	r25, 0xF6	; 246
    8540:	89 9f       	mul	r24, r25
    8542:	10 0d       	add	r17, r0
    8544:	11 24       	eor	r1, r1
    8546:	1f 87       	std	Y+15, r17	; 0x0f
/home/ngranado/code/AlphaClock/alphafive/examples/AlphaClock/AlphaClock.ino:2081

      a5clearOSB();  
    8548:	0e 94 eb 39 	call	0x73d6	; 0x73d6 <a5clearOSB()>
/home/ngranado/code/AlphaClock/alphafive/examples/AlphaClock/AlphaClock.ino:2082
      a5loadOSB_Ascii(WordIn,a5_brightLevel);    
    854c:	10 91 51 07 	lds	r17, 0x0751	; 0x800751 <a5_brightLevel>
    8550:	61 2f       	mov	r22, r17
    8552:	ce 01       	movw	r24, r28
    8554:	0b 96       	adiw	r24, 0x0b	; 11
    8556:	0e 94 0b 3a 	call	0x7416	; 0x7416 <a5loadOSB_Ascii(char*, unsigned char)>
/home/ngranado/code/AlphaClock/alphafive/examples/AlphaClock/AlphaClock.ino:2084

      if (AlarmEnabled)
    855a:	80 91 41 07 	lds	r24, 0x0741	; 0x800741 <AlarmEnabled>
/home/ngranado/code/AlphaClock/alphafive/examples/AlphaClock/AlphaClock.ino:2085
        a5loadOSB_DP("20100",a5_brightLevel);     
    855e:	61 2f       	mov	r22, r17
/home/ngranado/code/AlphaClock/alphafive/examples/AlphaClock/AlphaClock.ino:2084
      WordIn[4] =  ( temp - 10 * divtemp) + a5_integerOffset;   

      a5clearOSB();  
      a5loadOSB_Ascii(WordIn,a5_brightLevel);    

      if (AlarmEnabled)
    8560:	88 23       	and	r24, r24
    8562:	19 f0       	breq	.+6      	; 0x856a <TimeDisplay(unsigned char, unsigned char)+0x32e>
/home/ngranado/code/AlphaClock/alphafive/examples/AlphaClock/AlphaClock.ino:2085
        a5loadOSB_DP("20100",a5_brightLevel);     
    8564:	8f e0       	ldi	r24, 0x0F	; 15
    8566:	93 e0       	ldi	r25, 0x03	; 3
    8568:	ab cf       	rjmp	.-170    	; 0x84c0 <TimeDisplay(unsigned char, unsigned char)+0x284>
/home/ngranado/code/AlphaClock/alphafive/examples/AlphaClock/AlphaClock.ino:2087
      else
        a5loadOSB_DP("00100",a5_brightLevel);     
    856a:	85 e1       	ldi	r24, 0x15	; 21
    856c:	93 e0       	ldi	r25, 0x03	; 3
    856e:	a8 cf       	rjmp	.-176    	; 0x84c0 <TimeDisplay(unsigned char, unsigned char)+0x284>
/home/ngranado/code/AlphaClock/alphafive/examples/AlphaClock/AlphaClock.ino:2093

      a5BeginFadeToOSB(); 
    }  
    SecLast = SecNow; 
  }
  else if (DisplayModeLocal == 35)  //Year
    8570:	03 32       	cpi	r16, 0x23	; 35
    8572:	09 f0       	breq	.+2      	; 0x8576 <TimeDisplay(unsigned char, unsigned char)+0x33a>
    8574:	5a c0       	rjmp	.+180    	; 0x862a <TimeDisplay(unsigned char, unsigned char)+0x3ee>
year():
/tmp/claude-1000/-home-ngranado-code-AlphaClock/a04e4601-07d0-434a-ba88-eb280e7d56e2/scratchpad/ard/libraries/Time/Time.cpp:134
  return tm.Month;
}

int year() {  // as in Processing, the full four digit year: (2009, 2010 etc) 
  return year(now()); 
    8576:	0e 94 d7 35 	call	0x6bae	; 0x6bae <now()>
/tmp/claude-1000/-home-ngranado-code-AlphaClock/a04e4601-07d0-434a-ba88-eb280e7d56e2/scratchpad/ard/libraries/Time/Time.cpp:138
}

int year(time_t t) { // the year for the given time
  refreshCache(t);
    857a:	0e 94 fa 37 	call	0x6ff4	; 0x6ff4 <refreshCache(unsigned long)>
/tmp/claude-1000/-home-ngranado-code-AlphaClock/a04e4601-07d0-434a-ba88-eb280e7d56e2/scratchpad/ard/libraries/Time/Time.cpp:139
  return tmYearToCalendar(tm.Year);
    857e:	40 91 f6 06 	lds	r20, 0x06F6	; 0x8006f6 <tm+0x6>
    8582:	a4 2f       	mov	r26, r20
    8584:	b0 e0       	ldi	r27, 0x00	; 0
    8586:	ae 54       	subi	r26, 0x4E	; 78
    8588:	b8 4f       	sbci	r27, 0xF8	; 248
TimeDisplay():
/home/ngranado/code/AlphaClock/alphafive/examples/AlphaClock/AlphaClock.ino:2097
  { 

    unsigned int yeartemp = year();  
    unsigned int divtemp =  U16DIVBY10(yeartemp);  //i.e.,  divtemp = yeartemp / 10;
    858a:	2d ec       	ldi	r18, 0xCD	; 205
    858c:	3c ec       	ldi	r19, 0xCC	; 204
    858e:	0e 94 aa 56 	call	0xad54	; 0xad54 <__usmulhisi3>
    8592:	2b 01       	movw	r4, r22
    8594:	3c 01       	movw	r6, r24
    8596:	63 e1       	ldi	r22, 0x13	; 19
    8598:	76 94       	lsr	r7
    859a:	67 94       	ror	r6
    859c:	57 94       	ror	r5
    859e:	47 94       	ror	r4
    85a0:	6a 95       	dec	r22
    85a2:	d1 f7       	brne	.-12     	; 0x8598 <TimeDisplay(unsigned char, unsigned char)+0x35c>
/home/ngranado/code/AlphaClock/alphafive/examples/AlphaClock/AlphaClock.ino:2099

    WordIn[4] =   yeartemp - 10 * divtemp + a5_integerOffset;  
    85a4:	4e 51       	subi	r20, 0x1E	; 30
    85a6:	ea e0       	ldi	r30, 0x0A	; 10
    85a8:	e4 9d       	mul	r30, r4
    85aa:	40 19       	sub	r20, r0
    85ac:	11 24       	eor	r1, r1
    85ae:	4f 87       	std	Y+15, r20	; 0x0f
/home/ngranado/code/AlphaClock/alphafive/examples/AlphaClock/AlphaClock.ino:2100
    yeartemp = U16DIVBY10(divtemp); 
    85b0:	ad ec       	ldi	r26, 0xCD	; 205
    85b2:	bc ec       	ldi	r27, 0xCC	; 204
    85b4:	a3 01       	movw	r20, r6
    85b6:	92 01       	movw	r18, r4
    85b8:	0e 94 30 56 	call	0xac60	; 0xac60 <__muluhisi3>
    85bc:	4b 01       	movw	r8, r22
    85be:	5c 01       	movw	r10, r24
    85c0:	73 e1       	ldi	r23, 0x13	; 19
    85c2:	b6 94       	lsr	r11
    85c4:	a7 94       	ror	r10
    85c6:	97 94       	ror	r9
    85c8:	87 94       	ror	r8
    85ca:	7a 95       	dec	r23
    85cc:	d1 f7       	brne	.-12     	; 0x85c2 <TimeDisplay(unsigned char, unsigned char)+0x386>
/home/ngranado/code/AlphaClock/alphafive/examples/AlphaClock/AlphaClock.ino:2101
    WordIn[3] =   divtemp - 10 * yeartemp + a5_integerOffset;  
    85ce:	20 e3       	ldi	r18, 0x30	; 48
    85d0:	42 0e       	add	r4, r18
    85d2:	e8 9d       	mul	r30, r8
    85d4:	40 18       	sub	r4, r0
    85d6:	11 24       	eor	r1, r1
    85d8:	4e 86       	std	Y+14, r4	; 0x0e
/home/ngranado/code/AlphaClock/alphafive/examples/AlphaClock/AlphaClock.ino:2102
    divtemp =  U16DIVBY10(yeartemp); 
    85da:	a5 01       	movw	r20, r10
    85dc:	94 01       	movw	r18, r8
    85de:	0e 94 30 56 	call	0xac60	; 0xac60 <__muluhisi3>
    85e2:	f3 e1       	ldi	r31, 0x13	; 19
    85e4:	96 95       	lsr	r25
    85e6:	87 95       	ror	r24
    85e8:	77 95       	ror	r23
    85ea:	67 95       	ror	r22
    85ec:	fa 95       	dec	r31
    85ee:	d1 f7       	brne	.-12     	; 0x85e4 <TimeDisplay(unsigned char, unsigned char)+0x3a8>
/home/ngranado/code/AlphaClock/alphafive/examples/AlphaClock/AlphaClock.ino:2103
    WordIn[2] =   yeartemp - 10 * divtemp + a5_integerOffset;  
    85f0:	20 e3       	ldi	r18, 0x30	; 48
    85f2:	82 0e       	add	r8, r18
    85f4:	e6 9f       	mul	r30, r22
    85f6:	80 18       	sub	r8, r0
    85f8:	11 24       	eor	r1, r1
    85fa:	8d 86       	std	Y+13, r8	; 0x0d
/home/ngranado/code/AlphaClock/alphafive/examples/AlphaClock/AlphaClock.ino:2105
    yeartemp = U16DIVBY10(divtemp); 
    WordIn[1] =   divtemp - 10 * yeartemp + a5_integerOffset;  
    85fc:	60 5d       	subi	r22, 0xD0	; 208
    85fe:	6c 87       	std	Y+12, r22	; 0x0c
/home/ngranado/code/AlphaClock/alphafive/examples/AlphaClock/AlphaClock.ino:2107

    if(forceUpdateCopy)
    8600:	dd 20       	and	r13, r13
    8602:	09 f4       	brne	.+2      	; 0x8606 <TimeDisplay(unsigned char, unsigned char)+0x3ca>
    8604:	f6 ce       	rjmp	.-532    	; 0x83f2 <TimeDisplay(unsigned char, unsigned char)+0x1b6>
/home/ngranado/code/AlphaClock/alphafive/examples/AlphaClock/AlphaClock.ino:2162
      if (temp < 50)
        WordIn[0] = 'Z'; 



      a5clearOSB(); 
    8606:	0e 94 eb 39 	call	0x73d6	; 0x73d6 <a5clearOSB()>
/home/ngranado/code/AlphaClock/alphafive/examples/AlphaClock/AlphaClock.ino:2163
      a5loadOSB_Ascii(WordIn,a5_brightLevel);    
    860a:	10 91 51 07 	lds	r17, 0x0751	; 0x800751 <a5_brightLevel>
    860e:	61 2f       	mov	r22, r17
    8610:	ce 01       	movw	r24, r28
    8612:	0b 96       	adiw	r24, 0x0b	; 11
    8614:	0e 94 0b 3a 	call	0x7416	; 0x7416 <a5loadOSB_Ascii(char*, unsigned char)>
/home/ngranado/code/AlphaClock/alphafive/examples/AlphaClock/AlphaClock.ino:2165

      if (AlarmEnabled)
    8618:	80 91 41 07 	lds	r24, 0x0741	; 0x800741 <AlarmEnabled>
/home/ngranado/code/AlphaClock/alphafive/examples/AlphaClock/AlphaClock.ino:2166
        a5loadOSB_DP("20000",a5_brightLevel);     
    861c:	61 2f       	mov	r22, r17
/home/ngranado/code/AlphaClock/alphafive/examples/AlphaClock/AlphaClock.ino:2165


      a5clearOSB(); 
      a5loadOSB_Ascii(WordIn,a5_brightLevel);    

      if (AlarmEnabled)
    861e:	88 23       	and	r24, r24
    8620:	09 f4       	brne	.+2      	; 0x8624 <TimeDisplay(unsigned char, unsigned char)+0x3e8>
    8622:	5b c0       	rjmp	.+182    	; 0x86da <TimeDisplay(unsigned char, unsigned char)+0x49e>
/home/ngranado/code/AlphaClock/alphafive/examples/AlphaClock/AlphaClock.ino:2187
        a5loadOSB_Ascii(&digits[5],a5_brightLevel);
      else
        a5loadOSB_Ascii(digits,a5_brightLevel);

      if (AlarmEnabled)
        a5loadOSB_DP("20000",a5_brightLevel);
    8624:	8b e1       	ldi	r24, 0x1B	; 27
    8626:	93 e0       	ldi	r25, 0x03	; 3
    8628:	4b cf       	rjmp	.-362    	; 0x84c0 <TimeDisplay(unsigned char, unsigned char)+0x284>
/home/ngranado/code/AlphaClock/alphafive/examples/AlphaClock/AlphaClock.ino:2120
        a5loadOSB_DP("00000",a5_brightLevel);     

      a5BeginFadeToOSB(); 
    }   
  }
  else if (DisplayModeLocal == 36)  //FLW - FIVE LETTER WORD mode
    862a:	04 32       	cpi	r16, 0x24	; 36
    862c:	09 f0       	breq	.+2      	; 0x8630 <TimeDisplay(unsigned char, unsigned char)+0x3f4>
    862e:	58 c0       	rjmp	.+176    	; 0x86e0 <TimeDisplay(unsigned char, unsigned char)+0x4a4>
/home/ngranado/code/AlphaClock/alphafive/examples/AlphaClock/AlphaClock.ino:2125
  {



    if(forceUpdateCopy)
    8630:	dd 20       	and	r13, r13
    8632:	09 f4       	brne	.+2      	; 0x8636 <TimeDisplay(unsigned char, unsigned char)+0x3fa>
    8634:	de ce       	rjmp	.-580    	; 0x83f2 <TimeDisplay(unsigned char, unsigned char)+0x1b6>
/home/ngranado/code/AlphaClock/alphafive/examples/AlphaClock/AlphaClock.ino:2127
    {  
      if (DisplayModeLocalLast != 36)
    8636:	80 91 c4 04 	lds	r24, 0x04C4	; 0x8004c4 <DisplayModeLocalLast>
    863a:	84 32       	cpi	r24, 0x24	; 36
    863c:	61 f0       	breq	.+24     	; 0x8656 <TimeDisplay(unsigned char, unsigned char)+0x41a>
random():
/tmp/claude-1000/-home-ngranado-code-AlphaClock/a04e4601-07d0-434a-ba88-eb280e7d56e2/scratchpad/a15/packages/MightyCore/hardware/avr/3.1.0/cores/MCUdude_corefiles/WMath.cpp:40
long random(long howbig)
{
  if (howbig == 0) {
    return 0;
  }
  return random() % howbig;
    863e:	0e 94 9c 55 	call	0xab38	; 0xab38 <random>
    8642:	24 e8       	ldi	r18, 0x84	; 132
    8644:	39 e1       	ldi	r19, 0x19	; 25
    8646:	40 e0       	ldi	r20, 0x00	; 0
    8648:	50 e0       	ldi	r21, 0x00	; 0
    864a:	0e 94 11 56 	call	0xac22	; 0xac22 <__divmodsi4>
TimeDisplay():
/home/ngranado/code/AlphaClock/alphafive/examples/AlphaClock/AlphaClock.ino:2131
      {  // Pick new display word, but only when first entering mode 36.

        // Uncomment exactly one of the following two lines:
        FLWoffset = random(fiveLetterWordsMax);  // Random word order!
    864e:	70 93 fd 06 	sts	0x06FD, r23	; 0x8006fd <FLWoffset+0x1>
    8652:	60 93 fc 06 	sts	0x06FC, r22	; 0x8006fc <FLWoffset>
/home/ngranado/code/AlphaClock/alphafive/examples/AlphaClock/AlphaClock.ino:2136
        // FLWoffset += 1;  // Alphebetical word order!

      }

      if (FLWoffset >= fiveLetterWordsMax)
    8656:	80 91 fc 06 	lds	r24, 0x06FC	; 0x8006fc <FLWoffset>
    865a:	90 91 fd 06 	lds	r25, 0x06FD	; 0x8006fd <FLWoffset+0x1>
    865e:	84 38       	cpi	r24, 0x84	; 132
    8660:	99 41       	sbci	r25, 0x19	; 25
    8662:	20 f0       	brcs	.+8      	; 0x866c <TimeDisplay(unsigned char, unsigned char)+0x430>
/home/ngranado/code/AlphaClock/alphafive/examples/AlphaClock/AlphaClock.ino:2137
        FLWoffset = 0;
    8664:	10 92 fd 06 	sts	0x06FD, r1	; 0x8006fd <FLWoffset+0x1>
    8668:	10 92 fc 06 	sts	0x06FC, r1	; 0x8006fc <FLWoffset>
/home/ngranado/code/AlphaClock/alphafive/examples/AlphaClock/AlphaClock.ino:2139

      unsigned int index = 4 * FLWoffset; 
    866c:	20 91 fc 06 	lds	r18, 0x06FC	; 0x8006fc <FLWoffset>
    8670:	30 91 fd 06 	lds	r19, 0x06FD	; 0x8006fd <FLWoffset+0x1>
    8674:	c9 01       	movw	r24, r18
    8676:	88 0f       	add	r24, r24
    8678:	99 1f       	adc	r25, r25
    867a:	88 0f       	add	r24, r24
    867c:	99 1f       	adc	r25, r25
/home/ngranado/code/AlphaClock/alphafive/examples/AlphaClock/AlphaClock.ino:2141

      WordIn[1] = pgm_read_byte(&(fiveLetterWords[index++]));
    867e:	fc 01       	movw	r30, r24
    8680:	e5 51       	subi	r30, 0x15	; 21
    8682:	ff 4f       	sbci	r31, 0xFF	; 255
    8684:	e4 91       	lpm	r30, Z
    8686:	ec 87       	std	Y+12, r30	; 0x0c
/home/ngranado/code/AlphaClock/alphafive/examples/AlphaClock/AlphaClock.ino:2142
      WordIn[2] = pgm_read_byte(&(fiveLetterWords[index++]));
    8688:	fc 01       	movw	r30, r24
    868a:	e4 51       	subi	r30, 0x14	; 20
    868c:	ff 4f       	sbci	r31, 0xFF	; 255
    868e:	e4 91       	lpm	r30, Z
    8690:	ed 87       	std	Y+13, r30	; 0x0d
/home/ngranado/code/AlphaClock/alphafive/examples/AlphaClock/AlphaClock.ino:2143
      WordIn[3] = pgm_read_byte(&(fiveLetterWords[index++]));
    8692:	fc 01       	movw	r30, r24
    8694:	e3 51       	subi	r30, 0x13	; 19
    8696:	ff 4f       	sbci	r31, 0xFF	; 255
    8698:	e4 91       	lpm	r30, Z
    869a:	ee 87       	std	Y+14, r30	; 0x0e
/home/ngranado/code/AlphaClock/alphafive/examples/AlphaClock/AlphaClock.ino:2144
      WordIn[4] = pgm_read_byte(&(fiveLetterWords[index]));
    869c:	fc 01       	movw	r30, r24
    869e:	e2 51       	subi	r30, 0x12	; 18
    86a0:	ff 4f       	sbci	r31, 0xFF	; 255
    86a2:	e4 91       	lpm	r30, Z
    86a4:	ef 87       	std	Y+15, r30	; 0x0f
    86a6:	9b 85       	ldd	r25, Y+11	; 0x0b
/home/ngranado/code/AlphaClock/alphafive/examples/AlphaClock/AlphaClock.ino:2146

      temp = 0; 
    86a8:	80 e0       	ldi	r24, 0x00	; 0
/home/ngranado/code/AlphaClock/alphafive/examples/AlphaClock/AlphaClock.ino:2149

      while (temp < 25){
        index = pgm_read_word(&(fiveLetterPosArray[temp]));
    86aa:	e8 2f       	mov	r30, r24
    86ac:	f0 e0       	ldi	r31, 0x00	; 0
    86ae:	ee 0f       	add	r30, r30
    86b0:	ff 1f       	adc	r31, r31
    86b2:	e7 54       	subi	r30, 0x47	; 71
    86b4:	ff 4f       	sbci	r31, 0xFF	; 255
    86b6:	45 91       	lpm	r20, Z+
    86b8:	54 91       	lpm	r21, Z
/home/ngranado/code/AlphaClock/alphafive/examples/AlphaClock/AlphaClock.ino:2150
        if (FLWoffset < index){
    86ba:	24 17       	cp	r18, r20
    86bc:	35 07       	cpc	r19, r21
    86be:	18 f4       	brcc	.+6      	; 0x86c6 <TimeDisplay(unsigned char, unsigned char)+0x48a>
/home/ngranado/code/AlphaClock/alphafive/examples/AlphaClock/AlphaClock.ino:2151
          WordIn[0] = 'A' + temp;
    86c0:	91 e4       	ldi	r25, 0x41	; 65
    86c2:	98 0f       	add	r25, r24
/home/ngranado/code/AlphaClock/alphafive/examples/AlphaClock/AlphaClock.ino:2152
          temp = 50;
    86c4:	82 e3       	ldi	r24, 0x32	; 50
/home/ngranado/code/AlphaClock/alphafive/examples/AlphaClock/AlphaClock.ino:2154
        } 
        temp++;
    86c6:	8f 5f       	subi	r24, 0xFF	; 255
/home/ngranado/code/AlphaClock/alphafive/examples/AlphaClock/AlphaClock.ino:2148
      WordIn[3] = pgm_read_byte(&(fiveLetterWords[index++]));
      WordIn[4] = pgm_read_byte(&(fiveLetterWords[index]));

      temp = 0; 

      while (temp < 25){
    86c8:	89 31       	cpi	r24, 0x19	; 25
    86ca:	78 f3       	brcs	.-34     	; 0x86aa <TimeDisplay(unsigned char, unsigned char)+0x46e>
/home/ngranado/code/AlphaClock/alphafive/examples/AlphaClock/AlphaClock.ino:2157
          temp = 50;
        } 
        temp++;
      }

      if (temp < 50)
    86cc:	82 33       	cpi	r24, 0x32	; 50
    86ce:	10 f0       	brcs	.+4      	; 0x86d4 <TimeDisplay(unsigned char, unsigned char)+0x498>
    86d0:	9b 87       	std	Y+11, r25	; 0x0b
    86d2:	99 cf       	rjmp	.-206    	; 0x8606 <TimeDisplay(unsigned char, unsigned char)+0x3ca>
/home/ngranado/code/AlphaClock/alphafive/examples/AlphaClock/AlphaClock.ino:2158
        WordIn[0] = 'Z'; 
    86d4:	8a e5       	ldi	r24, 0x5A	; 90
    86d6:	8b 87       	std	Y+11, r24	; 0x0b
    86d8:	96 cf       	rjmp	.-212    	; 0x8606 <TimeDisplay(unsigned char, unsigned char)+0x3ca>
/home/ngranado/code/AlphaClock/alphafive/examples/AlphaClock/AlphaClock.ino:2168
      a5loadOSB_Ascii(WordIn,a5_brightLevel);    

      if (AlarmEnabled)
        a5loadOSB_DP("20000",a5_brightLevel);     
      else
        a5loadOSB_DP("00000",a5_brightLevel);     
    86da:	81 e2       	ldi	r24, 0x21	; 33
    86dc:	93 e0       	ldi	r25, 0x03	; 3
    86de:	f0 ce       	rjmp	.-544    	; 0x84c0 <TimeDisplay(unsigned char, unsigned char)+0x284>
/home/ngranado/code/AlphaClock/alphafive/examples/AlphaClock/AlphaClock.ino:2173

      a5BeginFadeToOSB();
    }
  }
  else if (DisplayModeLocal == 37)  // Unix epoch, one half of the ten digits
    86e0:	05 32       	cpi	r16, 0x25	; 37
    86e2:	09 f0       	breq	.+2      	; 0x86e6 <TimeDisplay(unsigned char, unsigned char)+0x4aa>
    86e4:	86 ce       	rjmp	.-756    	; 0x83f2 <TimeDisplay(unsigned char, unsigned char)+0x1b6>
/home/ngranado/code/AlphaClock/alphafive/examples/AlphaClock/AlphaClock.ino:2175
  {
    if(forceUpdateCopy)
    86e6:	dd 20       	and	r13, r13
    86e8:	09 f4       	brne	.+2      	; 0x86ec <TimeDisplay(unsigned char, unsigned char)+0x4b0>
    86ea:	83 ce       	rjmp	.-762    	; 0x83f2 <TimeDisplay(unsigned char, unsigned char)+0x1b6>
/home/ngranado/code/AlphaClock/alphafive/examples/AlphaClock/AlphaClock.ino:2178
    {
      char digits[10];
      EpochDigits(digits);
    86ec:	ce 01       	movw	r24, r28
    86ee:	01 96       	adiw	r24, 0x01	; 1
    86f0:	0e 94 c2 3b 	call	0x7784	; 0x7784 <EpochDigits(char*)>
/home/ngranado/code/AlphaClock/alphafive/examples/AlphaClock/AlphaClock.ino:2180

      a5clearOSB();
    86f4:	0e 94 eb 39 	call	0x73d6	; 0x73d6 <a5clearOSB()>
/home/ngranado/code/AlphaClock/alphafive/examples/AlphaClock/AlphaClock.ino:2181
      if (DisplayMode & EpochRightBit)
    86f8:	80 91 2a 07 	lds	r24, 0x072A	; 0x80072a <DisplayMode>
/home/ngranado/code/AlphaClock/alphafive/examples/AlphaClock/AlphaClock.ino:2182
        a5loadOSB_Ascii(&digits[5],a5_brightLevel);
    86fc:	60 91 51 07 	lds	r22, 0x0751	; 0x800751 <a5_brightLevel>
/home/ngranado/code/AlphaClock/alphafive/examples/AlphaClock/AlphaClock.ino:2181
    {
      char digits[10];
      EpochDigits(digits);

      a5clearOSB();
      if (DisplayMode & EpochRightBit)
    8700:	86 ff       	sbrs	r24, 6
    8702:	0c c0       	rjmp	.+24     	; 0x871c <TimeDisplay(unsigned char, unsigned char)+0x4e0>
/home/ngranado/code/AlphaClock/alphafive/examples/AlphaClock/AlphaClock.ino:2182
        a5loadOSB_Ascii(&digits[5],a5_brightLevel);
    8704:	ce 01       	movw	r24, r28
    8706:	06 96       	adiw	r24, 0x06	; 6
/home/ngranado/code/AlphaClock/alphafive/examples/AlphaClock/AlphaClock.ino:2184
      else
        a5loadOSB_Ascii(digits,a5_brightLevel);
    8708:	0e 94 0b 3a 	call	0x7416	; 0x7416 <a5loadOSB_Ascii(char*, unsigned char)>
/home/ngranado/code/AlphaClock/alphafive/examples/AlphaClock/AlphaClock.ino:2186

      if (AlarmEnabled)
    870c:	80 91 41 07 	lds	r24, 0x0741	; 0x800741 <AlarmEnabled>
    8710:	88 23       	and	r24, r24
    8712:	09 f4       	brne	.+2      	; 0x8716 <TimeDisplay(unsigned char, unsigned char)+0x4da>
    8714:	d7 ce       	rjmp	.-594    	; 0x84c4 <TimeDisplay(unsigned char, unsigned char)+0x288>
/home/ngranado/code/AlphaClock/alphafive/examples/AlphaClock/AlphaClock.ino:2187
        a5loadOSB_DP("20000",a5_brightLevel);
    8716:	60 91 51 07 	lds	r22, 0x0751	; 0x800751 <a5_brightLevel>
    871a:	84 cf       	rjmp	.-248    	; 0x8624 <TimeDisplay(unsigned char, unsigned char)+0x3e8>
/home/ngranado/code/AlphaClock/alphafive/examples/AlphaClock/AlphaClock.ino:2184

      a5clearOSB();
      if (DisplayMode & EpochRightBit)
        a5loadOSB_Ascii(&digits[5],a5_brightLevel);
      else
        a5loadOSB_Ascii(digits,a5_brightLevel);
    871c:	ce 01       	movw	r24, r28
    871e:	01 96       	adiw	r24, 0x01	; 1
    8720:	f3 cf       	rjmp	.-26     	; 0x8708 <TimeDisplay(unsigned char, unsigned char)+0x4cc>

00008722 <UpdateDisplay(unsigned char)>:
UpdateDisplay():
/home/ngranado/code/AlphaClock/alphafive/examples/AlphaClock/AlphaClock.ino:1431
  else if (NightLightType == 3) 
    a5nightLight(255);  // HIGH  
}


void UpdateDisplay (byte forceUpdate) { 
    8722:	cf 92       	push	r12
    8724:	df 92       	push	r13
    8726:	ef 92       	push	r14
    8728:	ff 92       	push	r15
    872a:	0f 93       	push	r16
    872c:	1f 93       	push	r17
    872e:	cf 93       	push	r28
    8730:	df 93       	push	r29
    8732:	cd b7       	in	r28, 0x3d	; 61
    8734:	de b7       	in	r29, 0x3e	; 62
    8736:	62 97       	sbiw	r28, 0x12	; 18
    8738:	0f b6       	in	r0, 0x3f	; 63
    873a:	f8 94       	cli
    873c:	de bf       	out	0x3e, r29	; 62
    873e:	0f be       	out	0x3f, r0	; 63
    8740:	cd bf       	out	0x3d, r28	; 61
    8742:	18 2f       	mov	r17, r24
/home/ngranado/code/AlphaClock/alphafive/examples/AlphaClock/AlphaClock.ino:1435

  byte temp, remainder;

  if (modeShowText)  //Text Display
    8744:	80 91 4f 07 	lds	r24, 0x074F	; 0x80074f <modeShowText>
    8748:	88 23       	and	r24, r24
    874a:	41 f1       	breq	.+80     	; 0x879c <UpdateDisplay(unsigned char)+0x7a>
/home/ngranado/code/AlphaClock/alphafive/examples/AlphaClock/AlphaClock.ino:1437
  { 
    if ((milliTemp >= DisplayWordEndTime) && (modeShowText == 1))
    874c:	c0 90 55 07 	lds	r12, 0x0755	; 0x800755 <milliTemp>
    8750:	d0 90 56 07 	lds	r13, 0x0756	; 0x800756 <milliTemp+0x1>
    8754:	e0 90 57 07 	lds	r14, 0x0757	; 0x800757 <milliTemp+0x2>
    8758:	f0 90 58 07 	lds	r15, 0x0758	; 0x800758 <milliTemp+0x3>
    875c:	40 91 c0 04 	lds	r20, 0x04C0	; 0x8004c0 <DisplayWordEndTime>
    8760:	50 91 c1 04 	lds	r21, 0x04C1	; 0x8004c1 <DisplayWordEndTime+0x1>
    8764:	60 91 c2 04 	lds	r22, 0x04C2	; 0x8004c2 <DisplayWordEndTime+0x2>
    8768:	70 91 c3 04 	lds	r23, 0x04C3	; 0x8004c3 <DisplayWordEndTime+0x3>
    876c:	c4 16       	cp	r12, r20
    876e:	d5 06       	cpc	r13, r21
    8770:	e6 06       	cpc	r14, r22
    8772:	f7 06       	cpc	r15, r23
    8774:	08 f4       	brcc	.+2      	; 0x8778 <UpdateDisplay(unsigned char)+0x56>
    8776:	a3 c0       	rjmp	.+326    	; 0x88be <UpdateDisplay(unsigned char)+0x19c>
    8778:	81 30       	cpi	r24, 0x01	; 1
    877a:	09 f0       	breq	.+2      	; 0x877e <UpdateDisplay(unsigned char)+0x5c>
    877c:	a0 c0       	rjmp	.+320    	; 0x88be <UpdateDisplay(unsigned char)+0x19c>
/home/ngranado/code/AlphaClock/alphafive/examples/AlphaClock/AlphaClock.ino:1439
    {
      modeShowText = 0;
    877e:	10 92 4f 07 	sts	0x074F, r1	; 0x80074f <modeShowText>
/home/ngranado/code/AlphaClock/alphafive/examples/AlphaClock/AlphaClock.ino:1440
      if (wordSequence)
    8782:	80 91 ff 06 	lds	r24, 0x06FF	; 0x8006ff <wordSequence>
    8786:	81 11       	cpse	r24, r1
/home/ngranado/code/AlphaClock/alphafive/examples/AlphaClock/AlphaClock.ino:1441
        DisplayWordSequence(wordSequence);  
    8788:	0e 94 93 3d 	call	0x7b26	; 0x7b26 <DisplayWordSequence(unsigned char)>
/home/ngranado/code/AlphaClock/alphafive/examples/AlphaClock/AlphaClock.ino:1443
      // If the word sequence is finished, return to clock display:
      if (wordSequence == 0) 
    878c:	80 91 ff 06 	lds	r24, 0x06FF	; 0x8006ff <wordSequence>
    8790:	81 11       	cpse	r24, r1
    8792:	42 c0       	rjmp	.+132    	; 0x8818 <UpdateDisplay(unsigned char)+0xf6>
/home/ngranado/code/AlphaClock/alphafive/examples/AlphaClock/AlphaClock.ino:1487
      };  

      a5clearOSB();   
      a5_OSB[18 * temp + map[remainder]] = a5_brightLevel; 
      a5BeginFadeToOSB();  
      RedrawNow = 1;
    8794:	81 e0       	ldi	r24, 0x01	; 1
    8796:	80 93 4d 07 	sts	0x074D, r24	; 0x80074d <RedrawNow>
    879a:	3e c0       	rjmp	.+124    	; 0x8818 <UpdateDisplay(unsigned char)+0xf6>
/home/ngranado/code/AlphaClock/alphafive/examples/AlphaClock/AlphaClock.ino:1457
        a5loadOSB_DP(dpCache,a5_brightLevel);
        a5BeginFadeToOSB();   
      }
    }
  }
  else  if (modeLEDTest)  //LED Test Mode
    879c:	80 91 2b 07 	lds	r24, 0x072B	; 0x80072b <modeLEDTest>
    87a0:	88 23       	and	r24, r24
    87a2:	09 f4       	brne	.+2      	; 0x87a6 <UpdateDisplay(unsigned char)+0x84>
    87a4:	69 c0       	rjmp	.+210    	; 0x8878 <UpdateDisplay(unsigned char)+0x156>
/home/ngranado/code/AlphaClock/alphafive/examples/AlphaClock/AlphaClock.ino:1459
  { 
    if (milliTemp > DisplayWordEndTime)
    87a6:	80 91 55 07 	lds	r24, 0x0755	; 0x800755 <milliTemp>
    87aa:	90 91 56 07 	lds	r25, 0x0756	; 0x800756 <milliTemp+0x1>
    87ae:	a0 91 57 07 	lds	r26, 0x0757	; 0x800757 <milliTemp+0x2>
    87b2:	b0 91 58 07 	lds	r27, 0x0758	; 0x800758 <milliTemp+0x3>
    87b6:	40 91 c0 04 	lds	r20, 0x04C0	; 0x8004c0 <DisplayWordEndTime>
    87ba:	50 91 c1 04 	lds	r21, 0x04C1	; 0x8004c1 <DisplayWordEndTime+0x1>
    87be:	60 91 c2 04 	lds	r22, 0x04C2	; 0x8004c2 <DisplayWordEndTime+0x2>
    87c2:	70 91 c3 04 	lds	r23, 0x04C3	; 0x8004c3 <DisplayWordEndTime+0x3>
    87c6:	48 17       	cp	r20, r24
    87c8:	59 07       	cpc	r21, r25
    87ca:	6a 07       	cpc	r22, r26
    87cc:	7b 07       	cpc	r23, r27
    87ce:	10 f5       	brcc	.+68     	; 0x8814 <UpdateDisplay(unsigned char)+0xf2>
/home/ngranado/code/AlphaClock/alphafive/examples/AlphaClock/AlphaClock.ino:1462
    {  
      forceUpdate = 1;
      SoundSequence++; 
    87d0:	20 91 3b 07 	lds	r18, 0x073B	; 0x80073b <SoundSequence>
    87d4:	2f 5f       	subi	r18, 0xFF	; 255
    87d6:	20 93 3b 07 	sts	0x073B, r18	; 0x80073b <SoundSequence>
/home/ngranado/code/AlphaClock/alphafive/examples/AlphaClock/AlphaClock.ino:1463
      DisplayWordEndTime = milliTemp + 350;  // Advance every 350 ms.
    87da:	82 5a       	subi	r24, 0xA2	; 162
    87dc:	9e 4f       	sbci	r25, 0xFE	; 254
    87de:	af 4f       	sbci	r26, 0xFF	; 255
    87e0:	bf 4f       	sbci	r27, 0xFF	; 255
    87e2:	80 93 c0 04 	sts	0x04C0, r24	; 0x8004c0 <DisplayWordEndTime>
    87e6:	90 93 c1 04 	sts	0x04C1, r25	; 0x8004c1 <DisplayWordEndTime+0x1>
    87ea:	a0 93 c2 04 	sts	0x04C2, r26	; 0x8004c2 <DisplayWordEndTime+0x2>
    87ee:	b0 93 c3 04 	sts	0x04C3, r27	; 0x8004c3 <DisplayWordEndTime+0x3>
/home/ngranado/code/AlphaClock/alphafive/examples/AlphaClock/AlphaClock.ino:1469
    } 

    if(forceUpdate)
    { 
      // Borrow SoundSequence as a dummy variable:
      if (SoundSequence > 91)
    87f2:	80 91 3b 07 	lds	r24, 0x073B	; 0x80073b <SoundSequence>
    87f6:	8c 35       	cpi	r24, 0x5C	; 92
    87f8:	18 f0       	brcs	.+6      	; 0x8800 <UpdateDisplay(unsigned char)+0xde>
/home/ngranado/code/AlphaClock/alphafive/examples/AlphaClock/AlphaClock.ino:1470
        SoundSequence = 1;
    87fa:	81 e0       	ldi	r24, 0x01	; 1
    87fc:	80 93 3b 07 	sts	0x073B, r24	; 0x80073b <SoundSequence>
/home/ngranado/code/AlphaClock/alphafive/examples/AlphaClock/AlphaClock.ino:1472

      remainder = SoundSequence - 1;
    8800:	e0 91 3b 07 	lds	r30, 0x073B	; 0x80073b <SoundSequence>
    8804:	1f ef       	ldi	r17, 0xFF	; 255
    8806:	1e 0f       	add	r17, r30
/home/ngranado/code/AlphaClock/alphafive/examples/AlphaClock/AlphaClock.ino:1473
      temp = 4;
    8808:	04 e0       	ldi	r16, 0x04	; 4
/home/ngranado/code/AlphaClock/alphafive/examples/AlphaClock/AlphaClock.ino:1475

      while (remainder >= 18){ 
    880a:	12 31       	cpi	r17, 0x12	; 18
    880c:	a0 f0       	brcs	.+40     	; 0x8836 <UpdateDisplay(unsigned char)+0x114>
/home/ngranado/code/AlphaClock/alphafive/examples/AlphaClock/AlphaClock.ino:1476
        remainder -= 18;   // remainder
    880e:	12 51       	subi	r17, 0x12	; 18
/home/ngranado/code/AlphaClock/alphafive/examples/AlphaClock/AlphaClock.ino:1477
        temp -= 1;   // (4 - modulo)
    8810:	01 50       	subi	r16, 0x01	; 1
    8812:	fb cf       	rjmp	.-10     	; 0x880a <UpdateDisplay(unsigned char)+0xe8>
/home/ngranado/code/AlphaClock/alphafive/examples/AlphaClock/AlphaClock.ino:1466
      forceUpdate = 1;
      SoundSequence++; 
      DisplayWordEndTime = milliTemp + 350;  // Advance every 350 ms.
    } 

    if(forceUpdate)
    8814:	11 11       	cpse	r17, r1
    8816:	ed cf       	rjmp	.-38     	; 0x87f2 <UpdateDisplay(unsigned char)+0xd0>
/home/ngranado/code/AlphaClock/alphafive/examples/AlphaClock/AlphaClock.ino:1827
    }
    else 
      TimeDisplay(DisplayMode, forceUpdate);

  }
}
    8818:	62 96       	adiw	r28, 0x12	; 18
    881a:	0f b6       	in	r0, 0x3f	; 63
    881c:	f8 94       	cli
    881e:	de bf       	out	0x3e, r29	; 62
    8820:	0f be       	out	0x3f, r0	; 63
    8822:	cd bf       	out	0x3d, r28	; 61
    8824:	df 91       	pop	r29
    8826:	cf 91       	pop	r28
    8828:	1f 91       	pop	r17
    882a:	0f 91       	pop	r16
    882c:	ff 90       	pop	r15
    882e:	ef 90       	pop	r14
    8830:	df 90       	pop	r13
    8832:	cf 90       	pop	r12
    8834:	08 95       	ret
/home/ngranado/code/AlphaClock/alphafive/examples/AlphaClock/AlphaClock.ino:1480
      while (remainder >= 18){ 
        remainder -= 18;   // remainder
        temp -= 1;   // (4 - modulo)
      }

      byte map[] = {
    8836:	82 e1       	ldi	r24, 0x12	; 18
    8838:	e2 ee       	ldi	r30, 0xE2	; 226
    883a:	f1 e0       	ldi	r31, 0x01	; 1
    883c:	de 01       	movw	r26, r28
    883e:	11 96       	adiw	r26, 0x01	; 1
    8840:	01 90       	ld	r0, Z+
    8842:	0d 92       	st	X+, r0
    8844:	8a 95       	dec	r24
    8846:	e1 f7       	brne	.-8      	; 0x8840 <UpdateDisplay(unsigned char)+0x11e>
/home/ngranado/code/AlphaClock/alphafive/examples/AlphaClock/AlphaClock.ino:1484
        7,0,1,10,11,3,2,12,13,14,15,16,5,17,8,9,4,6
      };  

      a5clearOSB();   
    8848:	0e 94 eb 39 	call	0x73d6	; 0x73d6 <a5clearOSB()>
/home/ngranado/code/AlphaClock/alphafive/examples/AlphaClock/AlphaClock.ino:1485
      a5_OSB[18 * temp + map[remainder]] = a5_brightLevel; 
    884c:	22 e1       	ldi	r18, 0x12	; 18
    884e:	02 9f       	mul	r16, r18
    8850:	c0 01       	movw	r24, r0
    8852:	11 24       	eor	r1, r1
    8854:	e1 e0       	ldi	r30, 0x01	; 1
    8856:	f0 e0       	ldi	r31, 0x00	; 0
    8858:	ec 0f       	add	r30, r28
    885a:	fd 1f       	adc	r31, r29
    885c:	e1 0f       	add	r30, r17
    885e:	f1 1d       	adc	r31, r1
    8860:	20 81       	ld	r18, Z
    8862:	81 52       	subi	r24, 0x21	; 33
    8864:	9a 4f       	sbci	r25, 0xFA	; 250
    8866:	82 0f       	add	r24, r18
    8868:	91 1d       	adc	r25, r1
    886a:	20 91 51 07 	lds	r18, 0x0751	; 0x800751 <a5_brightLevel>
    886e:	fc 01       	movw	r30, r24
    8870:	20 83       	st	Z, r18
/home/ngranado/code/AlphaClock/alphafive/examples/AlphaClock/AlphaClock.ino:1486
      a5BeginFadeToOSB();  
    8872:	0e 94 c0 3a 	call	0x7580	; 0x7580 <a5BeginFadeToOSB()>
    8876:	8e cf       	rjmp	.-228    	; 0x8794 <UpdateDisplay(unsigned char)+0x72>
/home/ngranado/code/AlphaClock/alphafive/examples/AlphaClock/AlphaClock.ino:1492
      RedrawNow = 1;
    }  

  }

  else if (modeShowMenu)
    8878:	80 91 2c 07 	lds	r24, 0x072C	; 0x80072c <modeShowMenu>
    887c:	88 23       	and	r24, r24
    887e:	09 f4       	brne	.+2      	; 0x8882 <UpdateDisplay(unsigned char)+0x160>
    8880:	06 c2       	rjmp	.+1036   	; 0x8c8e <UpdateDisplay(unsigned char)+0x56c>
/home/ngranado/code/AlphaClock/alphafive/examples/AlphaClock/AlphaClock.ino:1495
  {

    DisplayWordDP("_____");
    8882:	80 e5       	ldi	r24, 0x50	; 80
    8884:	92 e0       	ldi	r25, 0x02	; 2
    8886:	0e 94 50 3d 	call	0x7aa0	; 0x7aa0 <DisplayWordDP(char*)>
/home/ngranado/code/AlphaClock/alphafive/examples/AlphaClock/AlphaClock.ino:1498
    byte ExtendTextDisplay = 0; 

    if (menuItem == AMPM24HRMenuItem)  // Hour mode: 12Hr / 24 Hr
    888a:	80 91 02 07 	lds	r24, 0x0702	; 0x800702 <menuItem>
    888e:	81 11       	cpse	r24, r1
    8890:	31 c0       	rjmp	.+98     	; 0x88f4 <UpdateDisplay(unsigned char)+0x1d2>
/home/ngranado/code/AlphaClock/alphafive/examples/AlphaClock/AlphaClock.ino:1500
    {   
      if (optionValue != 0)
    8892:	80 91 01 07 	lds	r24, 0x0701	; 0x800701 <optionValue>
    8896:	88 23       	and	r24, r24
    8898:	41 f0       	breq	.+16     	; 0x88aa <UpdateDisplay(unsigned char)+0x188>
/home/ngranado/code/AlphaClock/alphafive/examples/AlphaClock/AlphaClock.ino:1502
      {
        if (HourMode24)
    889a:	80 91 1f 07 	lds	r24, 0x071F	; 0x80071f <HourMode24>
    889e:	88 23       	and	r24, r24
    88a0:	11 f1       	breq	.+68     	; 0x88e6 <UpdateDisplay(unsigned char)+0x1c4>
/home/ngranado/code/AlphaClock/alphafive/examples/AlphaClock/AlphaClock.ino:1503
          HourMode24 = 0;
    88a2:	10 92 1f 07 	sts	0x071F, r1	; 0x80071f <HourMode24>
/home/ngranado/code/AlphaClock/alphafive/examples/AlphaClock/AlphaClock.ino:1506
        else
          HourMode24 = 1;
        optionValue = 0;
    88a6:	10 92 01 07 	sts	0x0701, r1	; 0x800701 <optionValue>
/home/ngranado/code/AlphaClock/alphafive/examples/AlphaClock/AlphaClock.ino:1509
      }

      if (HourMode24) 
    88aa:	80 91 1f 07 	lds	r24, 0x071F	; 0x80071f <HourMode24>
/home/ngranado/code/AlphaClock/alphafive/examples/AlphaClock/AlphaClock.ino:1510
        DisplayWord ("24 HR", 500);
    88ae:	64 ef       	ldi	r22, 0xF4	; 244
    88b0:	71 e0       	ldi	r23, 0x01	; 1
/home/ngranado/code/AlphaClock/alphafive/examples/AlphaClock/AlphaClock.ino:1509
        else
          HourMode24 = 1;
        optionValue = 0;
      }

      if (HourMode24) 
    88b2:	88 23       	and	r24, r24
    88b4:	e1 f0       	breq	.+56     	; 0x88ee <UpdateDisplay(unsigned char)+0x1cc>
/home/ngranado/code/AlphaClock/alphafive/examples/AlphaClock/AlphaClock.ino:1510
        DisplayWord ("24 HR", 500);
    88b6:	87 e2       	ldi	r24, 0x27	; 39
    88b8:	93 e0       	ldi	r25, 0x03	; 3
/home/ngranado/code/AlphaClock/alphafive/examples/AlphaClock/AlphaClock.ino:1512
      else
        DisplayWord ("AM/PM", 500);  
    88ba:	0e 94 65 3d 	call	0x7aca	; 0x7aca <DisplayWord(char*, unsigned int)>
/home/ngranado/code/AlphaClock/alphafive/examples/AlphaClock/AlphaClock.ino:1747
      DisplayWord (offsetWord, 500);
      DisplayWordDP("__12_");
      ExtendTextDisplay = 1;
    }

    if(forceUpdate && ExtendTextDisplay)
    88be:	11 23       	and	r17, r17
    88c0:	09 f4       	brne	.+2      	; 0x88c4 <UpdateDisplay(unsigned char)+0x1a2>
    88c2:	aa cf       	rjmp	.-172    	; 0x8818 <UpdateDisplay(unsigned char)+0xf6>
/home/ngranado/code/AlphaClock/alphafive/examples/AlphaClock/AlphaClock.ino:1751
    {  
      if (menuItem != DisplayStyleMenuItem) 
      {   
        a5clearOSB();    
    88c4:	0e 94 eb 39 	call	0x73d6	; 0x73d6 <a5clearOSB()>
/home/ngranado/code/AlphaClock/alphafive/examples/AlphaClock/AlphaClock.ino:1752
        a5loadOSB_Ascii(wordCache,a5_brightLevel);
    88c8:	10 91 51 07 	lds	r17, 0x0751	; 0x800751 <a5_brightLevel>
    88cc:	61 2f       	mov	r22, r17
    88ce:	83 e3       	ldi	r24, 0x33	; 51
    88d0:	97 e0       	ldi	r25, 0x07	; 7
    88d2:	0e 94 0b 3a 	call	0x7416	; 0x7416 <a5loadOSB_Ascii(char*, unsigned char)>
/home/ngranado/code/AlphaClock/alphafive/examples/AlphaClock/AlphaClock.ino:1753
        a5loadOSB_DP(dpCache,a5_brightLevel);
    88d6:	61 2f       	mov	r22, r17
    88d8:	8e e2       	ldi	r24, 0x2E	; 46
    88da:	97 e0       	ldi	r25, 0x07	; 7
    88dc:	0e 94 f3 39 	call	0x73e6	; 0x73e6 <a5loadOSB_DP(char*, unsigned char)>
/home/ngranado/code/AlphaClock/alphafive/examples/AlphaClock/AlphaClock.ino:1754
        a5BeginFadeToOSB();   
    88e0:	0e 94 c0 3a 	call	0x7580	; 0x7580 <a5BeginFadeToOSB()>
    88e4:	99 cf       	rjmp	.-206    	; 0x8818 <UpdateDisplay(unsigned char)+0xf6>
/home/ngranado/code/AlphaClock/alphafive/examples/AlphaClock/AlphaClock.ino:1505
      if (optionValue != 0)
      {
        if (HourMode24)
          HourMode24 = 0;
        else
          HourMode24 = 1;
    88e6:	81 e0       	ldi	r24, 0x01	; 1
    88e8:	80 93 1f 07 	sts	0x071F, r24	; 0x80071f <HourMode24>
    88ec:	dc cf       	rjmp	.-72     	; 0x88a6 <UpdateDisplay(unsigned char)+0x184>
/home/ngranado/code/AlphaClock/alphafive/examples/AlphaClock/AlphaClock.ino:1512
      }

      if (HourMode24) 
        DisplayWord ("24 HR", 500);
      else
        DisplayWord ("AM/PM", 500);  
    88ee:	8d e2       	ldi	r24, 0x2D	; 45
    88f0:	93 e0       	ldi	r25, 0x03	; 3
    88f2:	e3 cf       	rjmp	.-58     	; 0x88ba <UpdateDisplay(unsigned char)+0x198>
/home/ngranado/code/AlphaClock/alphafive/examples/AlphaClock/AlphaClock.ino:1516

      ExtendTextDisplay = 1;
    }
    else if (menuItem == NightLightMenuItem)  // Night Light
    88f4:	81 30       	cpi	r24, 0x01	; 1
    88f6:	09 f0       	breq	.+2      	; 0x88fa <UpdateDisplay(unsigned char)+0x1d8>
    88f8:	46 c0       	rjmp	.+140    	; 0x8986 <UpdateDisplay(unsigned char)+0x264>
/home/ngranado/code/AlphaClock/alphafive/examples/AlphaClock/AlphaClock.ino:1518
    {  
      NightLightType += optionValue;
    88fa:	90 91 01 07 	lds	r25, 0x0701	; 0x800701 <optionValue>
    88fe:	80 91 47 07 	lds	r24, 0x0747	; 0x800747 <NightLightType>
    8902:	89 0f       	add	r24, r25
/home/ngranado/code/AlphaClock/alphafive/examples/AlphaClock/AlphaClock.ino:1520

      if (NightLightType < 0)
    8904:	87 fd       	sbrc	r24, 7
    8906:	15 c0       	rjmp	.+42     	; 0x8932 <UpdateDisplay(unsigned char)+0x210>
/home/ngranado/code/AlphaClock/alphafive/examples/AlphaClock/AlphaClock.ino:1521
        NightLightType = 4;
    8908:	80 93 47 07 	sts	0x0747, r24	; 0x800747 <NightLightType>
/home/ngranado/code/AlphaClock/alphafive/examples/AlphaClock/AlphaClock.ino:1522
      if (NightLightType > 4)
    890c:	80 91 47 07 	lds	r24, 0x0747	; 0x800747 <NightLightType>
    8910:	85 30       	cpi	r24, 0x05	; 5
    8912:	8c f0       	brlt	.+34     	; 0x8936 <UpdateDisplay(unsigned char)+0x214>
/home/ngranado/code/AlphaClock/alphafive/examples/AlphaClock/AlphaClock.ino:1523
        NightLightType = 0;
    8914:	10 92 47 07 	sts	0x0747, r1	; 0x800747 <NightLightType>
/home/ngranado/code/AlphaClock/alphafive/examples/AlphaClock/AlphaClock.ino:1525

      if (optionValue != 0){
    8918:	91 11       	cpse	r25, r1
    891a:	18 c0       	rjmp	.+48     	; 0x894c <UpdateDisplay(unsigned char)+0x22a>
/home/ngranado/code/AlphaClock/alphafive/examples/AlphaClock/AlphaClock.ino:1533
          NightLightStep = 0;
          NightLightSign = 1;  
        }
        updateNightLight();
      }
      optionValue = 0;
    891c:	10 92 01 07 	sts	0x0701, r1	; 0x800701 <optionValue>
/home/ngranado/code/AlphaClock/alphafive/examples/AlphaClock/AlphaClock.ino:1535

      if (NightLightType == 0) 
    8920:	80 91 47 07 	lds	r24, 0x0747	; 0x800747 <NightLightType>
    8924:	81 11       	cpse	r24, r1
    8926:	15 c0       	rjmp	.+42     	; 0x8952 <UpdateDisplay(unsigned char)+0x230>
/home/ngranado/code/AlphaClock/alphafive/examples/AlphaClock/AlphaClock.ino:1536
        DisplayWord (" NONE", 500);
    8928:	64 ef       	ldi	r22, 0xF4	; 244
    892a:	71 e0       	ldi	r23, 0x01	; 1
    892c:	83 e3       	ldi	r24, 0x33	; 51
    892e:	93 e0       	ldi	r25, 0x03	; 3
    8930:	c4 cf       	rjmp	.-120    	; 0x88ba <UpdateDisplay(unsigned char)+0x198>
/home/ngranado/code/AlphaClock/alphafive/examples/AlphaClock/AlphaClock.ino:1521
    else if (menuItem == NightLightMenuItem)  // Night Light
    {  
      NightLightType += optionValue;

      if (NightLightType < 0)
        NightLightType = 4;
    8932:	84 e0       	ldi	r24, 0x04	; 4
    8934:	e9 cf       	rjmp	.-46     	; 0x8908 <UpdateDisplay(unsigned char)+0x1e6>
/home/ngranado/code/AlphaClock/alphafive/examples/AlphaClock/AlphaClock.ino:1525
      if (NightLightType > 4)
        NightLightType = 0;

      if (optionValue != 0){
    8936:	99 23       	and	r25, r25
    8938:	89 f3       	breq	.-30     	; 0x891c <UpdateDisplay(unsigned char)+0x1fa>
/home/ngranado/code/AlphaClock/alphafive/examples/AlphaClock/AlphaClock.ino:1526
        if  (NightLightType == 4) 
    893a:	84 30       	cpi	r24, 0x04	; 4
    893c:	39 f4       	brne	.+14     	; 0x894c <UpdateDisplay(unsigned char)+0x22a>
/home/ngranado/code/AlphaClock/alphafive/examples/AlphaClock/AlphaClock.ino:1528
        {
          NightLightStep = 0;
    893e:	10 92 fa 06 	sts	0x06FA, r1	; 0x8006fa <NightLightStep+0x1>
    8942:	10 92 f9 06 	sts	0x06F9, r1	; 0x8006f9 <NightLightStep>
/home/ngranado/code/AlphaClock/alphafive/examples/AlphaClock/AlphaClock.ino:1529
          NightLightSign = 1;  
    8946:	81 e0       	ldi	r24, 0x01	; 1
    8948:	80 93 fb 06 	sts	0x06FB, r24	; 0x8006fb <NightLightSign>
/home/ngranado/code/AlphaClock/alphafive/examples/AlphaClock/AlphaClock.ino:1531
        }
        updateNightLight();
    894c:	0e 94 c0 3c 	call	0x7980	; 0x7980 <updateNightLight()>
    8950:	e5 cf       	rjmp	.-54     	; 0x891c <UpdateDisplay(unsigned char)+0x1fa>
/home/ngranado/code/AlphaClock/alphafive/examples/AlphaClock/AlphaClock.ino:1537
      }
      optionValue = 0;

      if (NightLightType == 0) 
        DisplayWord (" NONE", 500);
      else if (NightLightType == 1) 
    8952:	81 30       	cpi	r24, 0x01	; 1
    8954:	29 f4       	brne	.+10     	; 0x8960 <UpdateDisplay(unsigned char)+0x23e>
/home/ngranado/code/AlphaClock/alphafive/examples/AlphaClock/AlphaClock.ino:1538
        DisplayWord (" LOW ", 500);  
    8956:	64 ef       	ldi	r22, 0xF4	; 244
    8958:	71 e0       	ldi	r23, 0x01	; 1
    895a:	89 e3       	ldi	r24, 0x39	; 57
    895c:	93 e0       	ldi	r25, 0x03	; 3
    895e:	ad cf       	rjmp	.-166    	; 0x88ba <UpdateDisplay(unsigned char)+0x198>
/home/ngranado/code/AlphaClock/alphafive/examples/AlphaClock/AlphaClock.ino:1539
      else if (NightLightType == 2) 
    8960:	82 30       	cpi	r24, 0x02	; 2
    8962:	29 f4       	brne	.+10     	; 0x896e <UpdateDisplay(unsigned char)+0x24c>
/home/ngranado/code/AlphaClock/alphafive/examples/AlphaClock/AlphaClock.ino:1540
        DisplayWord (" MED ", 500);  
    8964:	64 ef       	ldi	r22, 0xF4	; 244
    8966:	71 e0       	ldi	r23, 0x01	; 1
    8968:	8f e3       	ldi	r24, 0x3F	; 63
    896a:	93 e0       	ldi	r25, 0x03	; 3
    896c:	a6 cf       	rjmp	.-180    	; 0x88ba <UpdateDisplay(unsigned char)+0x198>
/home/ngranado/code/AlphaClock/alphafive/examples/AlphaClock/AlphaClock.ino:1541
      else if (NightLightType == 3) 
    896e:	83 30       	cpi	r24, 0x03	; 3
    8970:	29 f4       	brne	.+10     	; 0x897c <UpdateDisplay(unsigned char)+0x25a>
/home/ngranado/code/AlphaClock/alphafive/examples/AlphaClock/AlphaClock.ino:1542
        DisplayWord (" HIGH", 500);  
    8972:	64 ef       	ldi	r22, 0xF4	; 244
    8974:	71 e0       	ldi	r23, 0x01	; 1
    8976:	85 e4       	ldi	r24, 0x45	; 69
    8978:	93 e0       	ldi	r25, 0x03	; 3
    897a:	9f cf       	rjmp	.-194    	; 0x88ba <UpdateDisplay(unsigned char)+0x198>
/home/ngranado/code/AlphaClock/alphafive/examples/AlphaClock/AlphaClock.ino:1544
      else  // (NightLightType == 4) 
      DisplayWord ("SLEEP", 500);  
    897c:	64 ef       	ldi	r22, 0xF4	; 244
    897e:	71 e0       	ldi	r23, 0x01	; 1
    8980:	8b e4       	ldi	r24, 0x4B	; 75
    8982:	93 e0       	ldi	r25, 0x03	; 3
    8984:	9a cf       	rjmp	.-204    	; 0x88ba <UpdateDisplay(unsigned char)+0x198>
/home/ngranado/code/AlphaClock/alphafive/examples/AlphaClock/AlphaClock.ino:1547
      ExtendTextDisplay = 1;
    }    
    else if (menuItem == AlarmToneMenuItem)  // Alarm Tone: 2
    8986:	82 30       	cpi	r24, 0x02	; 2
    8988:	69 f5       	brne	.+90     	; 0x89e4 <UpdateDisplay(unsigned char)+0x2c2>
/home/ngranado/code/AlphaClock/alphafive/examples/AlphaClock/AlphaClock.ino:1549
    {  
      AlarmTone += optionValue;
    898a:	80 91 24 07 	lds	r24, 0x0724	; 0x800724 <AlarmTone>
    898e:	90 91 01 07 	lds	r25, 0x0701	; 0x800701 <optionValue>
    8992:	89 0f       	add	r24, r25
    8994:	80 93 24 07 	sts	0x0724, r24	; 0x800724 <AlarmTone>
/home/ngranado/code/AlphaClock/alphafive/examples/AlphaClock/AlphaClock.ino:1550
      optionValue = 0;
    8998:	10 92 01 07 	sts	0x0701, r1	; 0x800701 <optionValue>
/home/ngranado/code/AlphaClock/alphafive/examples/AlphaClock/AlphaClock.ino:1551
      if (AlarmTone < 0)
    899c:	87 ff       	sbrs	r24, 7
    899e:	03 c0       	rjmp	.+6      	; 0x89a6 <UpdateDisplay(unsigned char)+0x284>
/home/ngranado/code/AlphaClock/alphafive/examples/AlphaClock/AlphaClock.ino:1552
        AlarmTone = 5;
    89a0:	85 e0       	ldi	r24, 0x05	; 5
    89a2:	80 93 24 07 	sts	0x0724, r24	; 0x800724 <AlarmTone>
/home/ngranado/code/AlphaClock/alphafive/examples/AlphaClock/AlphaClock.ino:1553
      if (AlarmTone > 5)
    89a6:	80 91 24 07 	lds	r24, 0x0724	; 0x800724 <AlarmTone>
    89aa:	86 30       	cpi	r24, 0x06	; 6
    89ac:	14 f0       	brlt	.+4      	; 0x89b2 <UpdateDisplay(unsigned char)+0x290>
/home/ngranado/code/AlphaClock/alphafive/examples/AlphaClock/AlphaClock.ino:1554
        AlarmTone = 0;
    89ae:	10 92 24 07 	sts	0x0724, r1	; 0x800724 <AlarmTone>
/home/ngranado/code/AlphaClock/alphafive/examples/AlphaClock/AlphaClock.ino:1556

      if (AlarmTone == 0) 
    89b2:	80 91 24 07 	lds	r24, 0x0724	; 0x800724 <AlarmTone>
    89b6:	81 11       	cpse	r24, r1
    89b8:	05 c0       	rjmp	.+10     	; 0x89c4 <UpdateDisplay(unsigned char)+0x2a2>
/home/ngranado/code/AlphaClock/alphafive/examples/AlphaClock/AlphaClock.ino:1557
        DisplayWord ("X LOW", 500);
    89ba:	64 ef       	ldi	r22, 0xF4	; 244
    89bc:	71 e0       	ldi	r23, 0x01	; 1
    89be:	81 e5       	ldi	r24, 0x51	; 81
    89c0:	93 e0       	ldi	r25, 0x03	; 3
    89c2:	7b cf       	rjmp	.-266    	; 0x88ba <UpdateDisplay(unsigned char)+0x198>
/home/ngranado/code/AlphaClock/alphafive/examples/AlphaClock/AlphaClock.ino:1558
      else if (AlarmTone == 1) 
    89c4:	81 30       	cpi	r24, 0x01	; 1
    89c6:	39 f2       	breq	.-114    	; 0x8956 <UpdateDisplay(unsigned char)+0x234>
/home/ngranado/code/AlphaClock/alphafive/examples/AlphaClock/AlphaClock.ino:1560
        DisplayWord (" LOW ", 500);  
      else if (AlarmTone == 2) 
    89c8:	82 30       	cpi	r24, 0x02	; 2
    89ca:	61 f2       	breq	.-104    	; 0x8964 <UpdateDisplay(unsigned char)+0x242>
/home/ngranado/code/AlphaClock/alphafive/examples/AlphaClock/AlphaClock.ino:1562
        DisplayWord (" MED ", 500);  
      else if (AlarmTone == 3) 
    89cc:	83 30       	cpi	r24, 0x03	; 3
    89ce:	89 f2       	breq	.-94     	; 0x8972 <UpdateDisplay(unsigned char)+0x250>
/home/ngranado/code/AlphaClock/alphafive/examples/AlphaClock/AlphaClock.ino:1565
        DisplayWord (" HIGH", 500);   
      else if (AlarmTone == 4) 
        DisplayWord ("SIREN", 500);   
    89d0:	64 ef       	ldi	r22, 0xF4	; 244
    89d2:	71 e0       	ldi	r23, 0x01	; 1
/home/ngranado/code/AlphaClock/alphafive/examples/AlphaClock/AlphaClock.ino:1564
        DisplayWord (" LOW ", 500);  
      else if (AlarmTone == 2) 
        DisplayWord (" MED ", 500);  
      else if (AlarmTone == 3) 
        DisplayWord (" HIGH", 500);   
      else if (AlarmTone == 4) 
    89d4:	84 30       	cpi	r24, 0x04	; 4
    89d6:	19 f4       	brne	.+6      	; 0x89de <UpdateDisplay(unsigned char)+0x2bc>
/home/ngranado/code/AlphaClock/alphafive/examples/AlphaClock/AlphaClock.ino:1565
        DisplayWord ("SIREN", 500);   
    89d8:	87 e5       	ldi	r24, 0x57	; 87
    89da:	93 e0       	ldi	r25, 0x03	; 3
    89dc:	6e cf       	rjmp	.-292    	; 0x88ba <UpdateDisplay(unsigned char)+0x198>
/home/ngranado/code/AlphaClock/alphafive/examples/AlphaClock/AlphaClock.ino:1567
      else 
        DisplayWord (" TINK", 500);   
    89de:	8d e5       	ldi	r24, 0x5D	; 93
    89e0:	93 e0       	ldi	r25, 0x03	; 3
    89e2:	6b cf       	rjmp	.-298    	; 0x88ba <UpdateDisplay(unsigned char)+0x198>
/home/ngranado/code/AlphaClock/alphafive/examples/AlphaClock/AlphaClock.ino:1570
      ExtendTextDisplay = 1;
    }   
    else if (menuItem == SoundTestMenuItem)  // Alarm Test: 3
    89e4:	83 30       	cpi	r24, 0x03	; 3
    89e6:	c1 f4       	brne	.+48     	; 0x8a18 <UpdateDisplay(unsigned char)+0x2f6>
/home/ngranado/code/AlphaClock/alphafive/examples/AlphaClock/AlphaClock.ino:1572
    {   
      DisplayWord (" +/- ", 500);   
    89e8:	64 ef       	ldi	r22, 0xF4	; 244
    89ea:	71 e0       	ldi	r23, 0x01	; 1
    89ec:	83 e6       	ldi	r24, 0x63	; 99
    89ee:	93 e0       	ldi	r25, 0x03	; 3
    89f0:	0e 94 65 3d 	call	0x7aca	; 0x7aca <DisplayWord(char*, unsigned int)>
/home/ngranado/code/AlphaClock/alphafive/examples/AlphaClock/AlphaClock.ino:1573
      if (optionValue != 0)
    89f4:	80 91 01 07 	lds	r24, 0x0701	; 0x800701 <optionValue>
    89f8:	88 23       	and	r24, r24
    89fa:	09 f4       	brne	.+2      	; 0x89fe <UpdateDisplay(unsigned char)+0x2dc>
    89fc:	60 cf       	rjmp	.-320    	; 0x88be <UpdateDisplay(unsigned char)+0x19c>
/home/ngranado/code/AlphaClock/alphafive/examples/AlphaClock/AlphaClock.ino:1575
      { 
        if (alarmNow == 0)
    89fe:	80 91 3d 07 	lds	r24, 0x073D	; 0x80073d <alarmNow>
    8a02:	81 11       	cpse	r24, r1
    8a04:	06 c0       	rjmp	.+12     	; 0x8a12 <UpdateDisplay(unsigned char)+0x2f0>
/home/ngranado/code/AlphaClock/alphafive/examples/AlphaClock/AlphaClock.ino:1576
          alarmNow = 1;
    8a06:	81 e0       	ldi	r24, 0x01	; 1
    8a08:	80 93 3d 07 	sts	0x073D, r24	; 0x80073d <alarmNow>
/home/ngranado/code/AlphaClock/alphafive/examples/AlphaClock/AlphaClock.ino:1579
        else        
          TurnOffAlarm();
        optionValue = 0;
    8a0c:	10 92 01 07 	sts	0x0701, r1	; 0x800701 <optionValue>
    8a10:	56 cf       	rjmp	.-340    	; 0x88be <UpdateDisplay(unsigned char)+0x19c>
/home/ngranado/code/AlphaClock/alphafive/examples/AlphaClock/AlphaClock.ino:1578
      if (optionValue != 0)
      { 
        if (alarmNow == 0)
          alarmNow = 1;
        else        
          TurnOffAlarm();
    8a12:	0e 94 a8 3e 	call	0x7d50	; 0x7d50 <TurnOffAlarm()>
    8a16:	fa cf       	rjmp	.-12     	; 0x8a0c <UpdateDisplay(unsigned char)+0x2ea>
/home/ngranado/code/AlphaClock/alphafive/examples/AlphaClock/AlphaClock.ino:1584
        optionValue = 0;
      }
      ExtendTextDisplay = 1;
    }   

    else if (menuItem == numberCharSetMenuItem)  
    8a18:	84 30       	cpi	r24, 0x04	; 4
    8a1a:	f9 f4       	brne	.+62     	; 0x8a5a <UpdateDisplay(unsigned char)+0x338>
/home/ngranado/code/AlphaClock/alphafive/examples/AlphaClock/AlphaClock.ino:1586
    {
      numberCharSet += optionValue;
    8a1c:	90 91 01 07 	lds	r25, 0x0701	; 0x800701 <optionValue>
    8a20:	80 91 1e 07 	lds	r24, 0x071E	; 0x80071e <numberCharSet>
    8a24:	89 0f       	add	r24, r25
    8a26:	80 93 1e 07 	sts	0x071E, r24	; 0x80071e <numberCharSet>
/home/ngranado/code/AlphaClock/alphafive/examples/AlphaClock/AlphaClock.ino:1587
      if (optionValue != 0){
    8a2a:	99 23       	and	r25, r25
    8a2c:	89 f0       	breq	.+34     	; 0x8a50 <UpdateDisplay(unsigned char)+0x32e>
/home/ngranado/code/AlphaClock/alphafive/examples/AlphaClock/AlphaClock.ino:1588
        optionValue = 0;
    8a2e:	10 92 01 07 	sts	0x0701, r1	; 0x800701 <optionValue>
/home/ngranado/code/AlphaClock/alphafive/examples/AlphaClock/AlphaClock.ino:1589
        if (numberCharSet < 0)
    8a32:	87 ff       	sbrs	r24, 7
    8a34:	03 c0       	rjmp	.+6      	; 0x8a3c <UpdateDisplay(unsigned char)+0x31a>
/home/ngranado/code/AlphaClock/alphafive/examples/AlphaClock/AlphaClock.ino:1590
          numberCharSet = 9;
    8a36:	89 e0       	ldi	r24, 0x09	; 9
    8a38:	80 93 1e 07 	sts	0x071E, r24	; 0x80071e <numberCharSet>
/home/ngranado/code/AlphaClock/alphafive/examples/AlphaClock/AlphaClock.ino:1591
        if (numberCharSet > 9)
    8a3c:	80 91 1e 07 	lds	r24, 0x071E	; 0x80071e <numberCharSet>
    8a40:	8a 30       	cpi	r24, 0x0A	; 10
    8a42:	14 f0       	brlt	.+4      	; 0x8a48 <UpdateDisplay(unsigned char)+0x326>
/home/ngranado/code/AlphaClock/alphafive/examples/AlphaClock/AlphaClock.ino:1592
          numberCharSet = 0;
    8a44:	10 92 1e 07 	sts	0x071E, r1	; 0x80071e <numberCharSet>
/home/ngranado/code/AlphaClock/alphafive/examples/AlphaClock/AlphaClock.ino:1593
        a5loadAltNumbers(numberCharSet);
    8a48:	80 91 1e 07 	lds	r24, 0x071E	; 0x80071e <numberCharSet>
    8a4c:	0e 94 f5 3a 	call	0x75ea	; 0x75ea <a5loadAltNumbers(signed char)>
/home/ngranado/code/AlphaClock/alphafive/examples/AlphaClock/AlphaClock.ino:1596
      }

      DisplayWord ("01237", 500); // Sample font display
    8a50:	64 ef       	ldi	r22, 0xF4	; 244
    8a52:	71 e0       	ldi	r23, 0x01	; 1
    8a54:	89 e6       	ldi	r24, 0x69	; 105
    8a56:	93 e0       	ldi	r25, 0x03	; 3
    8a58:	30 cf       	rjmp	.-416    	; 0x88ba <UpdateDisplay(unsigned char)+0x198>
/home/ngranado/code/AlphaClock/alphafive/examples/AlphaClock/AlphaClock.ino:1600
      ExtendTextDisplay = 1;
    }   

    else if (menuItem == DisplayStyleMenuItem) 
    8a5a:	85 30       	cpi	r24, 0x05	; 5
    8a5c:	f1 f4       	brne	.+60     	; 0x8a9a <UpdateDisplay(unsigned char)+0x378>
/home/ngranado/code/AlphaClock/alphafive/examples/AlphaClock/AlphaClock.ino:1604
    {  
      temp = (DisplayMode & 3U);

      if (optionValue != 0){ 
    8a5e:	20 91 01 07 	lds	r18, 0x0701	; 0x800701 <optionValue>
    8a62:	22 23       	and	r18, r18
    8a64:	79 f0       	breq	.+30     	; 0x8a84 <UpdateDisplay(unsigned char)+0x362>
/home/ngranado/code/AlphaClock/alphafive/examples/AlphaClock/AlphaClock.ino:1602
      ExtendTextDisplay = 1;
    }   

    else if (menuItem == DisplayStyleMenuItem) 
    {  
      temp = (DisplayMode & 3U);
    8a66:	90 91 2a 07 	lds	r25, 0x072A	; 0x80072a <DisplayMode>
    8a6a:	89 2f       	mov	r24, r25
    8a6c:	83 70       	andi	r24, 0x03	; 3
/home/ngranado/code/AlphaClock/alphafive/examples/AlphaClock/AlphaClock.ino:1605

      if (optionValue != 0){ 
        if (optionValue == 1) 
    8a6e:	21 30       	cpi	r18, 0x01	; 1
    8a70:	71 f4       	brne	.+28     	; 0x8a8e <UpdateDisplay(unsigned char)+0x36c>
/home/ngranado/code/AlphaClock/alphafive/examples/AlphaClock/AlphaClock.ino:1606
          temp = (temp + 1) & 3U;  
    8a72:	8f 5f       	subi	r24, 0xFF	; 255
    8a74:	83 70       	andi	r24, 0x03	; 3
/home/ngranado/code/AlphaClock/alphafive/examples/AlphaClock/AlphaClock.ino:1612
        else if (temp == 0) 
          temp = 3; 
        else
          temp--;

        DisplayMode = (DisplayMode & ~3) | (temp);
    8a76:	9c 7f       	andi	r25, 0xFC	; 252
    8a78:	89 2b       	or	r24, r25
    8a7a:	80 93 2a 07 	sts	0x072A, r24	; 0x80072a <DisplayMode>
/home/ngranado/code/AlphaClock/alphafive/examples/AlphaClock/AlphaClock.ino:1613
        optionValue = 0;
    8a7e:	10 92 01 07 	sts	0x0701, r1	; 0x800701 <optionValue>
/home/ngranado/code/AlphaClock/alphafive/examples/AlphaClock/AlphaClock.ino:1614
        forceUpdate = 1;
    8a82:	11 e0       	ldi	r17, 0x01	; 1
/home/ngranado/code/AlphaClock/alphafive/examples/AlphaClock/AlphaClock.ino:1616
      }   
      TimeDisplay(DisplayMode & 3, forceUpdate); // Show clock time, in appropriate style
    8a84:	80 91 2a 07 	lds	r24, 0x072A	; 0x80072a <DisplayMode>
    8a88:	61 2f       	mov	r22, r17
/home/ngranado/code/AlphaClock/alphafive/examples/AlphaClock/AlphaClock.ino:1811



      if (DisplayModePhase == 0)
      {
        TimeDisplay(DisplayMode & 3, forceUpdate);  // "Normal" time display
    8a8a:	83 70       	andi	r24, 0x03	; 3
    8a8c:	6b c0       	rjmp	.+214    	; 0x8b64 <UpdateDisplay(unsigned char)+0x442>
/home/ngranado/code/AlphaClock/alphafive/examples/AlphaClock/AlphaClock.ino:1607
      temp = (DisplayMode & 3U);

      if (optionValue != 0){ 
        if (optionValue == 1) 
          temp = (temp + 1) & 3U;  
        else if (temp == 0) 
    8a8e:	88 23       	and	r24, r24
    8a90:	11 f0       	breq	.+4      	; 0x8a96 <UpdateDisplay(unsigned char)+0x374>
/home/ngranado/code/AlphaClock/alphafive/examples/AlphaClock/AlphaClock.ino:1610
          temp = 3; 
        else
          temp--;
    8a92:	81 50       	subi	r24, 0x01	; 1
    8a94:	f0 cf       	rjmp	.-32     	; 0x8a76 <UpdateDisplay(unsigned char)+0x354>
/home/ngranado/code/AlphaClock/alphafive/examples/AlphaClock/AlphaClock.ino:1608

      if (optionValue != 0){ 
        if (optionValue == 1) 
          temp = (temp + 1) & 3U;  
        else if (temp == 0) 
          temp = 3; 
    8a96:	83 e0       	ldi	r24, 0x03	; 3
    8a98:	ee cf       	rjmp	.-36     	; 0x8a76 <UpdateDisplay(unsigned char)+0x354>
/home/ngranado/code/AlphaClock/alphafive/examples/AlphaClock/AlphaClock.ino:1618
        optionValue = 0;
        forceUpdate = 1;
      }   
      TimeDisplay(DisplayMode & 3, forceUpdate); // Show clock time, in appropriate style
    }
    else if (menuItem == AltModeMenuItem)  // Alternate with seconds or date:
    8a9a:	8a 30       	cpi	r24, 0x0A	; 10
    8a9c:	09 f0       	breq	.+2      	; 0x8aa0 <UpdateDisplay(unsigned char)+0x37e>
    8a9e:	53 c0       	rjmp	.+166    	; 0x8b46 <UpdateDisplay(unsigned char)+0x424>
/home/ngranado/code/AlphaClock/alphafive/examples/AlphaClock/AlphaClock.ino:1626
      // if (TimeDisplay & 8): Alternate date with seconds
      // if (TimeDisplay & 16): Alternate date with words
      // if (TimeDisplay & 32): Unix epoch, this unit is the left half
      // if (TimeDisplay & 64): Unix epoch, this unit is the right half

      if (optionValue != 0)
    8aa0:	90 91 01 07 	lds	r25, 0x0701	; 0x800701 <optionValue>
    8aa4:	99 23       	and	r25, r25
    8aa6:	21 f1       	breq	.+72     	; 0x8af0 <UpdateDisplay(unsigned char)+0x3ce>
    8aa8:	80 91 2a 07 	lds	r24, 0x072A	; 0x80072a <DisplayMode>
/home/ngranado/code/AlphaClock/alphafive/examples/AlphaClock/AlphaClock.ino:1628
      {
        temp = 1;
    8aac:	21 e0       	ldi	r18, 0x01	; 1
/home/ngranado/code/AlphaClock/alphafive/examples/AlphaClock/AlphaClock.ino:1629
        if ( DisplayMode & 4)
    8aae:	82 fd       	sbrc	r24, 2
/home/ngranado/code/AlphaClock/alphafive/examples/AlphaClock/AlphaClock.ino:1630
          temp = 2;
    8ab0:	22 e0       	ldi	r18, 0x02	; 2
/home/ngranado/code/AlphaClock/alphafive/examples/AlphaClock/AlphaClock.ino:1631
        if ( DisplayMode & 8)
    8ab2:	83 fd       	sbrc	r24, 3
/home/ngranado/code/AlphaClock/alphafive/examples/AlphaClock/AlphaClock.ino:1632
          temp = 3;
    8ab4:	23 e0       	ldi	r18, 0x03	; 3
/home/ngranado/code/AlphaClock/alphafive/examples/AlphaClock/AlphaClock.ino:1633
        if ( DisplayMode & 16)
    8ab6:	84 fd       	sbrc	r24, 4
/home/ngranado/code/AlphaClock/alphafive/examples/AlphaClock/AlphaClock.ino:1634
          temp = 4;
    8ab8:	24 e0       	ldi	r18, 0x04	; 4
/home/ngranado/code/AlphaClock/alphafive/examples/AlphaClock/AlphaClock.ino:1635
        if ( DisplayMode & EpochLeftBit)
    8aba:	85 fd       	sbrc	r24, 5
/home/ngranado/code/AlphaClock/alphafive/examples/AlphaClock/AlphaClock.ino:1636
          temp = 5;
    8abc:	25 e0       	ldi	r18, 0x05	; 5
/home/ngranado/code/AlphaClock/alphafive/examples/AlphaClock/AlphaClock.ino:1637
        if ( DisplayMode & EpochRightBit)
    8abe:	86 fd       	sbrc	r24, 6
/home/ngranado/code/AlphaClock/alphafive/examples/AlphaClock/AlphaClock.ino:1638
          temp = 6;
    8ac0:	26 e0       	ldi	r18, 0x06	; 6
/home/ngranado/code/AlphaClock/alphafive/examples/AlphaClock/AlphaClock.ino:1640

        temp += optionValue;
    8ac2:	92 0f       	add	r25, r18
    8ac4:	83 70       	andi	r24, 0x03	; 3
/home/ngranado/code/AlphaClock/alphafive/examples/AlphaClock/AlphaClock.ino:1642

        if (temp == 0)
    8ac6:	91 11       	cpse	r25, r1
    8ac8:	09 c0       	rjmp	.+18     	; 0x8adc <UpdateDisplay(unsigned char)+0x3ba>
/home/ngranado/code/AlphaClock/alphafive/examples/AlphaClock/AlphaClock.ino:1643
          temp = 6; // Wrap around (low side)
    8aca:	96 e0       	ldi	r25, 0x06	; 6
/home/ngranado/code/AlphaClock/alphafive/examples/AlphaClock/AlphaClock.ino:1650
          temp = 1;  // wrap around (high side)

        DisplayMode &= 3U;

        if (temp > 1)
          DisplayMode |= (1 << temp);
    8acc:	21 e0       	ldi	r18, 0x01	; 1
    8ace:	30 e0       	ldi	r19, 0x00	; 0
    8ad0:	01 c0       	rjmp	.+2      	; 0x8ad4 <UpdateDisplay(unsigned char)+0x3b2>
    8ad2:	22 0f       	add	r18, r18
    8ad4:	9a 95       	dec	r25
    8ad6:	ea f7       	brpl	.-6      	; 0x8ad2 <UpdateDisplay(unsigned char)+0x3b0>
    8ad8:	82 2b       	or	r24, r18
    8ada:	04 c0       	rjmp	.+8      	; 0x8ae4 <UpdateDisplay(unsigned char)+0x3c2>
/home/ngranado/code/AlphaClock/alphafive/examples/AlphaClock/AlphaClock.ino:1644

        temp += optionValue;

        if (temp == 0)
          temp = 6; // Wrap around (low side)
        else if (temp == 7)
    8adc:	97 30       	cpi	r25, 0x07	; 7
    8ade:	11 f0       	breq	.+4      	; 0x8ae4 <UpdateDisplay(unsigned char)+0x3c2>
/home/ngranado/code/AlphaClock/alphafive/examples/AlphaClock/AlphaClock.ino:1649
          temp = 1;  // wrap around (high side)

        DisplayMode &= 3U;

        if (temp > 1)
    8ae0:	91 30       	cpi	r25, 0x01	; 1
    8ae2:	a1 f7       	brne	.-24     	; 0x8acc <UpdateDisplay(unsigned char)+0x3aa>
/home/ngranado/code/AlphaClock/alphafive/examples/AlphaClock/AlphaClock.ino:1650
          DisplayMode |= (1 << temp);
    8ae4:	80 93 2a 07 	sts	0x072A, r24	; 0x80072a <DisplayMode>
/home/ngranado/code/AlphaClock/alphafive/examples/AlphaClock/AlphaClock.ino:1653
        // if temp is 0 or 1, display time only.

        DisplayModePhaseCount = 0;  
    8ae8:	10 92 f7 06 	sts	0x06F7, r1	; 0x8006f7 <DisplayModePhaseCount>
/home/ngranado/code/AlphaClock/alphafive/examples/AlphaClock/AlphaClock.ino:1654
        optionValue = 0; 
    8aec:	10 92 01 07 	sts	0x0701, r1	; 0x800701 <optionValue>
/home/ngranado/code/AlphaClock/alphafive/examples/AlphaClock/AlphaClock.ino:1658

      }

      if (DisplayMode & 4U)
    8af0:	80 91 2a 07 	lds	r24, 0x072A	; 0x80072a <DisplayMode>
    8af4:	82 ff       	sbrs	r24, 2
    8af6:	05 c0       	rjmp	.+10     	; 0x8b02 <UpdateDisplay(unsigned char)+0x3e0>
/home/ngranado/code/AlphaClock/alphafive/examples/AlphaClock/AlphaClock.ino:1659
        DisplayWord ("DATE ", 500);
    8af8:	64 ef       	ldi	r22, 0xF4	; 244
    8afa:	71 e0       	ldi	r23, 0x01	; 1
    8afc:	8f e6       	ldi	r24, 0x6F	; 111
    8afe:	93 e0       	ldi	r25, 0x03	; 3
    8b00:	dc ce       	rjmp	.-584    	; 0x88ba <UpdateDisplay(unsigned char)+0x198>
/home/ngranado/code/AlphaClock/alphafive/examples/AlphaClock/AlphaClock.ino:1660
      else if (DisplayMode & 8U){
    8b02:	83 ff       	sbrs	r24, 3
    8b04:	0b c0       	rjmp	.+22     	; 0x8b1c <UpdateDisplay(unsigned char)+0x3fa>
/home/ngranado/code/AlphaClock/alphafive/examples/AlphaClock/AlphaClock.ino:1661
        DisplayWord ("SECS ", 500);
    8b06:	64 ef       	ldi	r22, 0xF4	; 244
    8b08:	71 e0       	ldi	r23, 0x01	; 1
    8b0a:	8c ee       	ldi	r24, 0xEC	; 236
    8b0c:	92 e0       	ldi	r25, 0x02	; 2
    8b0e:	0e 94 65 3d 	call	0x7aca	; 0x7aca <DisplayWord(char*, unsigned int)>
/home/ngranado/code/AlphaClock/alphafive/examples/AlphaClock/AlphaClock.ino:1662
        DisplayWordDP("___1_"); 
    8b12:	88 e9       	ldi	r24, 0x98	; 152
    8b14:	92 e0       	ldi	r25, 0x02	; 2
/home/ngranado/code/AlphaClock/alphafive/examples/AlphaClock/AlphaClock.ino:1743
      temp = U8DIVBY10(offsetMin);
      offsetWord[3] = temp + a5_integerOffset;
      offsetWord[4] = offsetMin - 10 * temp + a5_integerOffset;

      DisplayWord (offsetWord, 500);
      DisplayWordDP("__12_");
    8b16:	0e 94 50 3d 	call	0x7aa0	; 0x7aa0 <DisplayWordDP(char*)>
    8b1a:	d1 ce       	rjmp	.-606    	; 0x88be <UpdateDisplay(unsigned char)+0x19c>
/home/ngranado/code/AlphaClock/alphafive/examples/AlphaClock/AlphaClock.ino:1664
        DisplayWord ("DATE ", 500);
      else if (DisplayMode & 8U){
        DisplayWord ("SECS ", 500);
        DisplayWordDP("___1_"); 
      }
      else if (DisplayMode & 16U){
    8b1c:	84 ff       	sbrs	r24, 4
    8b1e:	05 c0       	rjmp	.+10     	; 0x8b2a <UpdateDisplay(unsigned char)+0x408>
/home/ngranado/code/AlphaClock/alphafive/examples/AlphaClock/AlphaClock.ino:1665
        DisplayWord ("WORDS", 500);
    8b20:	64 ef       	ldi	r22, 0xF4	; 244
    8b22:	71 e0       	ldi	r23, 0x01	; 1
    8b24:	85 e7       	ldi	r24, 0x75	; 117
    8b26:	93 e0       	ldi	r25, 0x03	; 3
    8b28:	c8 ce       	rjmp	.-624    	; 0x88ba <UpdateDisplay(unsigned char)+0x198>
/home/ngranado/code/AlphaClock/alphafive/examples/AlphaClock/AlphaClock.ino:1667
      }
      else if (DisplayMode & EpochLeftBit)
    8b2a:	85 ff       	sbrs	r24, 5
    8b2c:	05 c0       	rjmp	.+10     	; 0x8b38 <UpdateDisplay(unsigned char)+0x416>
/home/ngranado/code/AlphaClock/alphafive/examples/AlphaClock/AlphaClock.ino:1668
        DisplayWord ("EPO L", 500);
    8b2e:	64 ef       	ldi	r22, 0xF4	; 244
    8b30:	71 e0       	ldi	r23, 0x01	; 1
    8b32:	8b e7       	ldi	r24, 0x7B	; 123
    8b34:	93 e0       	ldi	r25, 0x03	; 3
    8b36:	c1 ce       	rjmp	.-638    	; 0x88ba <UpdateDisplay(unsigned char)+0x198>
/home/ngranado/code/AlphaClock/alphafive/examples/AlphaClock/AlphaClock.ino:1669
      else if (DisplayMode & EpochRightBit)
    8b38:	86 ff       	sbrs	r24, 6
    8b3a:	f6 ce       	rjmp	.-532    	; 0x8928 <UpdateDisplay(unsigned char)+0x206>
/home/ngranado/code/AlphaClock/alphafive/examples/AlphaClock/AlphaClock.ino:1670
        DisplayWord ("EPO R", 500);
    8b3c:	64 ef       	ldi	r22, 0xF4	; 244
    8b3e:	71 e0       	ldi	r23, 0x01	; 1
    8b40:	81 e8       	ldi	r24, 0x81	; 129
    8b42:	93 e0       	ldi	r25, 0x03	; 3
    8b44:	ba ce       	rjmp	.-652    	; 0x88ba <UpdateDisplay(unsigned char)+0x198>
/home/ngranado/code/AlphaClock/alphafive/examples/AlphaClock/AlphaClock.ino:1677
        DisplayWord (" NONE", 500);

      ExtendTextDisplay = 1;

    } 
    else if (menuItem == SetYearMenuItem) 
    8b46:	86 30       	cpi	r24, 0x06	; 6
    8b48:	81 f4       	brne	.+32     	; 0x8b6a <UpdateDisplay(unsigned char)+0x448>
/home/ngranado/code/AlphaClock/alphafive/examples/AlphaClock/AlphaClock.ino:1679
    {  
      if (optionValue != 0){
    8b4a:	40 91 01 07 	lds	r20, 0x0701	; 0x800701 <optionValue>
    8b4e:	44 23       	and	r20, r20
    8b50:	39 f0       	breq	.+14     	; 0x8b60 <UpdateDisplay(unsigned char)+0x43e>
/home/ngranado/code/AlphaClock/alphafive/examples/AlphaClock/AlphaClock.ino:1680
        AdjDayMonthYear(0,0,optionValue); // Day, Month, Year
    8b52:	60 e0       	ldi	r22, 0x00	; 0
    8b54:	80 e0       	ldi	r24, 0x00	; 0
    8b56:	0e 94 03 3c 	call	0x7806	; 0x7806 <AdjDayMonthYear(signed char, signed char, signed char)>
/home/ngranado/code/AlphaClock/alphafive/examples/AlphaClock/AlphaClock.ino:1681
        optionValue = 0;
    8b5a:	10 92 01 07 	sts	0x0701, r1	; 0x800701 <optionValue>
/home/ngranado/code/AlphaClock/alphafive/examples/AlphaClock/AlphaClock.ino:1682
        forceUpdate = 1; 
    8b5e:	11 e0       	ldi	r17, 0x01	; 1
/home/ngranado/code/AlphaClock/alphafive/examples/AlphaClock/AlphaClock.ino:1684
      }    
      TimeDisplay(35, forceUpdate); // Show clock time, in appropriate style
    8b60:	61 2f       	mov	r22, r17
    8b62:	83 e2       	ldi	r24, 0x23	; 35
/home/ngranado/code/AlphaClock/alphafive/examples/AlphaClock/AlphaClock.ino:1824
        else if (DisplayMode & 16)
          TimeDisplay(36, forceUpdate); // if Bit 16 is set:  Show five letter words
      }
    }
    else 
      TimeDisplay(DisplayMode, forceUpdate);
    8b64:	0e 94 1e 41 	call	0x823c	; 0x823c <TimeDisplay(unsigned char, unsigned char)>
    8b68:	57 ce       	rjmp	.-850    	; 0x8818 <UpdateDisplay(unsigned char)+0xf6>
/home/ngranado/code/AlphaClock/alphafive/examples/AlphaClock/AlphaClock.ino:1687
        forceUpdate = 1; 
      }    
      TimeDisplay(35, forceUpdate); // Show clock time, in appropriate style
    }

    else if (menuItem == SetMonthMenuItem) 
    8b6a:	87 30       	cpi	r24, 0x07	; 7
    8b6c:	49 f4       	brne	.+18     	; 0x8b80 <UpdateDisplay(unsigned char)+0x45e>
/home/ngranado/code/AlphaClock/alphafive/examples/AlphaClock/AlphaClock.ino:1689
    {  
      if (optionValue != 0){  
    8b6e:	60 91 01 07 	lds	r22, 0x0701	; 0x800701 <optionValue>
/home/ngranado/code/AlphaClock/alphafive/examples/AlphaClock/AlphaClock.ino:1690
        AdjDayMonthYear(0,optionValue,0); // Day, Month, Year
    8b72:	40 e0       	ldi	r20, 0x00	; 0
    8b74:	80 e0       	ldi	r24, 0x00	; 0
/home/ngranado/code/AlphaClock/alphafive/examples/AlphaClock/AlphaClock.ino:1689
      TimeDisplay(35, forceUpdate); // Show clock time, in appropriate style
    }

    else if (menuItem == SetMonthMenuItem) 
    {  
      if (optionValue != 0){  
    8b76:	61 11       	cpse	r22, r1
    8b78:	0b c0       	rjmp	.+22     	; 0x8b90 <UpdateDisplay(unsigned char)+0x46e>
/home/ngranado/code/AlphaClock/alphafive/examples/AlphaClock/AlphaClock.ino:1816
        TimeDisplay(DisplayMode & 3, forceUpdate);  // "Normal" time display
      }
      else
      { // Alternate display modes: "Time and ... "
        if (DisplayMode & 4)
          TimeDisplay(33, forceUpdate); // if Bit 4 is set: Show date
    8b7a:	61 2f       	mov	r22, r17
    8b7c:	81 e2       	ldi	r24, 0x21	; 33
    8b7e:	f2 cf       	rjmp	.-28     	; 0x8b64 <UpdateDisplay(unsigned char)+0x442>
/home/ngranado/code/AlphaClock/alphafive/examples/AlphaClock/AlphaClock.ino:1696
        optionValue = 0;
        forceUpdate = 1;
      }   
      TimeDisplay(33, forceUpdate); // Show clock time, in appropriate style
    } 
    else if (menuItem == SetDayMenuItem) 
    8b80:	88 30       	cpi	r24, 0x08	; 8
    8b82:	61 f4       	brne	.+24     	; 0x8b9c <UpdateDisplay(unsigned char)+0x47a>
/home/ngranado/code/AlphaClock/alphafive/examples/AlphaClock/AlphaClock.ino:1698
    {  
      if (optionValue != 0){ 
    8b84:	80 91 01 07 	lds	r24, 0x0701	; 0x800701 <optionValue>
    8b88:	88 23       	and	r24, r24
    8b8a:	b9 f3       	breq	.-18     	; 0x8b7a <UpdateDisplay(unsigned char)+0x458>
/home/ngranado/code/AlphaClock/alphafive/examples/AlphaClock/AlphaClock.ino:1699
        AdjDayMonthYear(optionValue,0,0); // Day, Month, Year
    8b8c:	40 e0       	ldi	r20, 0x00	; 0
    8b8e:	60 e0       	ldi	r22, 0x00	; 0
    8b90:	0e 94 03 3c 	call	0x7806	; 0x7806 <AdjDayMonthYear(signed char, signed char, signed char)>
/home/ngranado/code/AlphaClock/alphafive/examples/AlphaClock/AlphaClock.ino:1700
        optionValue = 0;
    8b94:	10 92 01 07 	sts	0x0701, r1	; 0x800701 <optionValue>
/home/ngranado/code/AlphaClock/alphafive/examples/AlphaClock/AlphaClock.ino:1701
        forceUpdate = 1;
    8b98:	11 e0       	ldi	r17, 0x01	; 1
    8b9a:	ef cf       	rjmp	.-34     	; 0x8b7a <UpdateDisplay(unsigned char)+0x458>
/home/ngranado/code/AlphaClock/alphafive/examples/AlphaClock/AlphaClock.ino:1706
      }   
      TimeDisplay(33, forceUpdate); // Show clock time, in appropriate style
    }   

    else if (menuItem == SetSecondsMenuItem) 
    8b9c:	89 30       	cpi	r24, 0x09	; 9
    8b9e:	c9 f4       	brne	.+50     	; 0x8bd2 <UpdateDisplay(unsigned char)+0x4b0>
/home/ngranado/code/AlphaClock/alphafive/examples/AlphaClock/AlphaClock.ino:1708
    {  
      if (optionValue != 0){ 
    8ba0:	60 91 01 07 	lds	r22, 0x0701	; 0x800701 <optionValue>
    8ba4:	66 23       	and	r22, r22
    8ba6:	91 f0       	breq	.+36     	; 0x8bcc <UpdateDisplay(unsigned char)+0x4aa>
/home/ngranado/code/AlphaClock/alphafive/examples/AlphaClock/AlphaClock.ino:1709
        adjustTime(optionValue); // Adjust by +/- 1 second
    8ba8:	06 2e       	mov	r0, r22
    8baa:	00 0c       	add	r0, r0
    8bac:	77 0b       	sbc	r23, r23
    8bae:	88 0b       	sbc	r24, r24
    8bb0:	99 0b       	sbc	r25, r25
    8bb2:	0e 94 8e 35 	call	0x6b1c	; 0x6b1c <adjustTime(long)>
/home/ngranado/code/AlphaClock/alphafive/examples/AlphaClock/AlphaClock.ino:1710
        if (UseRTC)  
    8bb6:	80 91 38 07 	lds	r24, 0x0738	; 0x800738 <UseRTC>
    8bba:	88 23       	and	r24, r24
    8bbc:	21 f0       	breq	.+8      	; 0x8bc6 <UpdateDisplay(unsigned char)+0x4a4>
/home/ngranado/code/AlphaClock/alphafive/examples/AlphaClock/AlphaClock.ino:1711
          RTC.set(now()); 
    8bbe:	0e 94 d7 35 	call	0x6bae	; 0x6bae <now()>
    8bc2:	0e 94 e6 38 	call	0x71cc	; 0x71cc <DS1307RTC::set(unsigned long)>
/home/ngranado/code/AlphaClock/alphafive/examples/AlphaClock/AlphaClock.ino:1712
        optionValue = 0;
    8bc6:	10 92 01 07 	sts	0x0701, r1	; 0x800701 <optionValue>
/home/ngranado/code/AlphaClock/alphafive/examples/AlphaClock/AlphaClock.ino:1713
        forceUpdate = 1;
    8bca:	11 e0       	ldi	r17, 0x01	; 1
/home/ngranado/code/AlphaClock/alphafive/examples/AlphaClock/AlphaClock.ino:1818
      else
      { // Alternate display modes: "Time and ... "
        if (DisplayMode & 4)
          TimeDisplay(33, forceUpdate); // if Bit 4 is set: Show date
        else if (DisplayMode & 8)
          TimeDisplay(32, forceUpdate); // if Bit 8 is set: Show seconds 
    8bcc:	61 2f       	mov	r22, r17
    8bce:	80 e2       	ldi	r24, 0x20	; 32
    8bd0:	c9 cf       	rjmp	.-110    	; 0x8b64 <UpdateDisplay(unsigned char)+0x442>
/home/ngranado/code/AlphaClock/alphafive/examples/AlphaClock/AlphaClock.ino:1717
        optionValue = 0;
        forceUpdate = 1;
      }   
      TimeDisplay(32, forceUpdate); // Show clock time, seconds
    }
    else if (menuItem == UTCOffsetMenuItem)  // Local time offset from UTC, for epoch display
    8bd2:	8b 30       	cpi	r24, 0x0B	; 11
    8bd4:	09 f0       	breq	.+2      	; 0x8bd8 <UpdateDisplay(unsigned char)+0x4b6>
    8bd6:	20 ce       	rjmp	.-960    	; 0x8818 <UpdateDisplay(unsigned char)+0xf6>
/home/ngranado/code/AlphaClock/alphafive/examples/AlphaClock/AlphaClock.ino:1719
    {
      if (optionValue != 0){
    8bd8:	80 91 01 07 	lds	r24, 0x0701	; 0x800701 <optionValue>
    8bdc:	88 23       	and	r24, r24
    8bde:	99 f0       	breq	.+38     	; 0x8c06 <UpdateDisplay(unsigned char)+0x4e4>
/home/ngranado/code/AlphaClock/alphafive/examples/AlphaClock/AlphaClock.ino:1720
        UTCOffset += optionValue;
    8be0:	90 91 1d 07 	lds	r25, 0x071D	; 0x80071d <UTCOffset>
    8be4:	89 0f       	add	r24, r25
    8be6:	80 93 1d 07 	sts	0x071D, r24	; 0x80071d <UTCOffset>
/home/ngranado/code/AlphaClock/alphafive/examples/AlphaClock/AlphaClock.ino:1721
        if (UTCOffset < UTCOffsetMin)
    8bea:	80 3d       	cpi	r24, 0xD0	; 208
    8bec:	1c f4       	brge	.+6      	; 0x8bf4 <UpdateDisplay(unsigned char)+0x4d2>
/home/ngranado/code/AlphaClock/alphafive/examples/AlphaClock/AlphaClock.ino:1722
          UTCOffset = UTCOffsetMax;
    8bee:	88 e3       	ldi	r24, 0x38	; 56
    8bf0:	80 93 1d 07 	sts	0x071D, r24	; 0x80071d <UTCOffset>
/home/ngranado/code/AlphaClock/alphafive/examples/AlphaClock/AlphaClock.ino:1723
        if (UTCOffset > UTCOffsetMax)
    8bf4:	80 91 1d 07 	lds	r24, 0x071D	; 0x80071d <UTCOffset>
    8bf8:	89 33       	cpi	r24, 0x39	; 57
    8bfa:	1c f0       	brlt	.+6      	; 0x8c02 <UpdateDisplay(unsigned char)+0x4e0>
/home/ngranado/code/AlphaClock/alphafive/examples/AlphaClock/AlphaClock.ino:1724
          UTCOffset = UTCOffsetMin;
    8bfc:	80 ed       	ldi	r24, 0xD0	; 208
    8bfe:	80 93 1d 07 	sts	0x071D, r24	; 0x80071d <UTCOffset>
/home/ngranado/code/AlphaClock/alphafive/examples/AlphaClock/AlphaClock.ino:1725
        optionValue = 0;
    8c02:	10 92 01 07 	sts	0x0701, r1	; 0x800701 <optionValue>
/home/ngranado/code/AlphaClock/alphafive/examples/AlphaClock/AlphaClock.ino:1730
      }

      // Display as sign, HH:MM, e.g., "-07:00" or "+05:30"
      char offsetWord[5];
      byte offsetAbs = (UTCOffset < 0) ? -UTCOffset : UTCOffset;
    8c06:	40 91 1d 07 	lds	r20, 0x071D	; 0x80071d <UTCOffset>
    8c0a:	84 2f       	mov	r24, r20
    8c0c:	04 2e       	mov	r0, r20
    8c0e:	00 0c       	add	r0, r0
    8c10:	99 0b       	sbc	r25, r25
    8c12:	97 ff       	sbrs	r25, 7
    8c14:	03 c0       	rjmp	.+6      	; 0x8c1c <UpdateDisplay(unsigned char)+0x4fa>
    8c16:	91 95       	neg	r25
    8c18:	81 95       	neg	r24
    8c1a:	91 09       	sbc	r25, r1
    8c1c:	9c 01       	movw	r18, r24
    8c1e:	35 95       	asr	r19
    8c20:	27 95       	ror	r18
    8c22:	35 95       	asr	r19
    8c24:	27 95       	ror	r18
/home/ngranado/code/AlphaClock/alphafive/examples/AlphaClock/AlphaClock.ino:1732
      byte offsetHr = offsetAbs >> 2;
      byte offsetMin = 15 * (offsetAbs & 3);
    8c26:	83 70       	andi	r24, 0x03	; 3
    8c28:	9f e0       	ldi	r25, 0x0F	; 15
    8c2a:	89 9f       	mul	r24, r25
    8c2c:	80 2d       	mov	r24, r0
    8c2e:	11 24       	eor	r1, r1
/home/ngranado/code/AlphaClock/alphafive/examples/AlphaClock/AlphaClock.ino:1734

      offsetWord[0] = (UTCOffset < 0) ? '-' : '+';
    8c30:	9d e2       	ldi	r25, 0x2D	; 45
    8c32:	47 ff       	sbrs	r20, 7
    8c34:	9b e2       	ldi	r25, 0x2B	; 43
    8c36:	99 83       	std	Y+1, r25	; 0x01
/home/ngranado/code/AlphaClock/alphafive/examples/AlphaClock/AlphaClock.ino:1735
      temp = U8DIVBY10(offsetHr);
    8c38:	9d ec       	ldi	r25, 0xCD	; 205
    8c3a:	92 9f       	mul	r25, r18
    8c3c:	a0 01       	movw	r20, r0
    8c3e:	93 9f       	mul	r25, r19
    8c40:	50 0d       	add	r21, r0
    8c42:	11 24       	eor	r1, r1
    8c44:	35 2f       	mov	r19, r21
    8c46:	36 95       	lsr	r19
    8c48:	36 95       	lsr	r19
    8c4a:	36 95       	lsr	r19
/home/ngranado/code/AlphaClock/alphafive/examples/AlphaClock/AlphaClock.ino:1736
      offsetWord[1] = temp + a5_integerOffset;
    8c4c:	40 e3       	ldi	r20, 0x30	; 48
    8c4e:	43 0f       	add	r20, r19
    8c50:	4a 83       	std	Y+2, r20	; 0x02
/home/ngranado/code/AlphaClock/alphafive/examples/AlphaClock/AlphaClock.ino:1737
      offsetWord[2] = offsetHr - 10 * temp + a5_integerOffset;
    8c52:	46 ef       	ldi	r20, 0xF6	; 246
    8c54:	20 5d       	subi	r18, 0xD0	; 208
    8c56:	34 9f       	mul	r19, r20
    8c58:	20 0d       	add	r18, r0
    8c5a:	11 24       	eor	r1, r1
    8c5c:	2b 83       	std	Y+3, r18	; 0x03
/home/ngranado/code/AlphaClock/alphafive/examples/AlphaClock/AlphaClock.ino:1738
      temp = U8DIVBY10(offsetMin);
    8c5e:	89 9f       	mul	r24, r25
    8c60:	90 01       	movw	r18, r0
    8c62:	11 24       	eor	r1, r1
    8c64:	93 2f       	mov	r25, r19
    8c66:	96 95       	lsr	r25
    8c68:	96 95       	lsr	r25
    8c6a:	96 95       	lsr	r25
/home/ngranado/code/AlphaClock/alphafive/examples/AlphaClock/AlphaClock.ino:1739
      offsetWord[3] = temp + a5_integerOffset;
    8c6c:	20 e3       	ldi	r18, 0x30	; 48
    8c6e:	29 0f       	add	r18, r25
    8c70:	2c 83       	std	Y+4, r18	; 0x04
/home/ngranado/code/AlphaClock/alphafive/examples/AlphaClock/AlphaClock.ino:1740
      offsetWord[4] = offsetMin - 10 * temp + a5_integerOffset;
    8c72:	80 5d       	subi	r24, 0xD0	; 208
    8c74:	94 9f       	mul	r25, r20
    8c76:	80 0d       	add	r24, r0
    8c78:	11 24       	eor	r1, r1
    8c7a:	8d 83       	std	Y+5, r24	; 0x05
/home/ngranado/code/AlphaClock/alphafive/examples/AlphaClock/AlphaClock.ino:1742

      DisplayWord (offsetWord, 500);
    8c7c:	64 ef       	ldi	r22, 0xF4	; 244
    8c7e:	71 e0       	ldi	r23, 0x01	; 1
    8c80:	ce 01       	movw	r24, r28
    8c82:	01 96       	adiw	r24, 0x01	; 1
    8c84:	0e 94 65 3d 	call	0x7aca	; 0x7aca <DisplayWord(char*, unsigned int)>
/home/ngranado/code/AlphaClock/alphafive/examples/AlphaClock/AlphaClock.ino:1743
      DisplayWordDP("__12_");
    8c88:	86 ee       	ldi	r24, 0xE6	; 230
    8c8a:	92 e0       	ldi	r25, 0x02	; 2
    8c8c:	44 cf       	rjmp	.-376    	; 0x8b16 <UpdateDisplay(unsigned char)+0x3f4>
/home/ngranado/code/AlphaClock/alphafive/examples/AlphaClock/AlphaClock.ino:1758
        a5loadOSB_DP(dpCache,a5_brightLevel);
        a5BeginFadeToOSB();   
      }
    }
  }
  else if (modeShowDateViaButtons) 
    8c8e:	80 91 00 07 	lds	r24, 0x0700	; 0x800700 <modeShowDateViaButtons>
    8c92:	81 11       	cpse	r24, r1
    8c94:	72 cf       	rjmp	.-284    	; 0x8b7a <UpdateDisplay(unsigned char)+0x458>
/home/ngranado/code/AlphaClock/alphafive/examples/AlphaClock/AlphaClock.ino:1762
  { 
    TimeDisplay(33, forceUpdate); // Show date
  }
  else if (modeShowAlarmTime) 
    8c96:	80 91 2d 07 	lds	r24, 0x072D	; 0x80072d <modeShowAlarmTime>
    8c9a:	88 23       	and	r24, r24
    8c9c:	19 f0       	breq	.+6      	; 0x8ca4 <UpdateDisplay(unsigned char)+0x582>
/home/ngranado/code/AlphaClock/alphafive/examples/AlphaClock/AlphaClock.ino:1764
  { 
    TimeDisplay(20, forceUpdate); // Show alarm time 
    8c9e:	61 2f       	mov	r22, r17
    8ca0:	84 e1       	ldi	r24, 0x14	; 20
    8ca2:	60 cf       	rjmp	.-320    	; 0x8b64 <UpdateDisplay(unsigned char)+0x442>
/home/ngranado/code/AlphaClock/alphafive/examples/AlphaClock/AlphaClock.ino:1772
  else
  {
    // Time Display Mode!  Possibly with aux. display.


    if (DisplayMode & EpochBits)
    8ca4:	00 91 2a 07 	lds	r16, 0x072A	; 0x80072a <DisplayMode>
    8ca8:	80 2f       	mov	r24, r16
    8caa:	80 76       	andi	r24, 0x60	; 96
    8cac:	19 f0       	breq	.+6      	; 0x8cb4 <UpdateDisplay(unsigned char)+0x592>
/home/ngranado/code/AlphaClock/alphafive/examples/AlphaClock/AlphaClock.ino:1774
    {
      TimeDisplay(37, forceUpdate); // Unix epoch
    8cae:	61 2f       	mov	r22, r17
    8cb0:	85 e2       	ldi	r24, 0x25	; 37
    8cb2:	58 cf       	rjmp	.-336    	; 0x8b64 <UpdateDisplay(unsigned char)+0x442>
/home/ngranado/code/AlphaClock/alphafive/examples/AlphaClock/AlphaClock.ino:1776
    }
    else if ((DisplayMode > 3) && (DisplayMode < 32))
    8cb4:	8c ef       	ldi	r24, 0xFC	; 252
    8cb6:	80 0f       	add	r24, r16
    8cb8:	8c 31       	cpi	r24, 0x1C	; 28
    8cba:	d8 f5       	brcc	.+118    	; 0x8d32 <UpdateDisplay(unsigned char)+0x610>
/home/ngranado/code/AlphaClock/alphafive/examples/AlphaClock/AlphaClock.ino:1780
    {


      if (buttonMonitor) 
    8cbc:	80 91 17 07 	lds	r24, 0x0717	; 0x800717 <buttonMonitor>
    8cc0:	88 23       	and	r24, r24
    8cc2:	59 f0       	breq	.+22     	; 0x8cda <UpdateDisplay(unsigned char)+0x5b8>
/home/ngranado/code/AlphaClock/alphafive/examples/AlphaClock/AlphaClock.ino:1783
      {
        // Do not use alternate display modes when buttons are pressed.
        DisplayModePhase = 0;
    8cc4:	10 92 f8 06 	sts	0x06F8, r1	; 0x8006f8 <DisplayModePhase>
/home/ngranado/code/AlphaClock/alphafive/examples/AlphaClock/AlphaClock.ino:1784
        DisplayModePhaseCount = 0;
    8cc8:	10 92 f7 06 	sts	0x06F7, r1	; 0x8006f7 <DisplayModePhaseCount>
/home/ngranado/code/AlphaClock/alphafive/examples/AlphaClock/AlphaClock.ino:1809
        }




      if (DisplayModePhase == 0)
    8ccc:	80 91 f8 06 	lds	r24, 0x06F8	; 0x8006f8 <DisplayModePhase>
    8cd0:	81 11       	cpse	r24, r1
    8cd2:	26 c0       	rjmp	.+76     	; 0x8d20 <UpdateDisplay(unsigned char)+0x5fe>
/home/ngranado/code/AlphaClock/alphafive/examples/AlphaClock/AlphaClock.ino:1811
      {
        TimeDisplay(DisplayMode & 3, forceUpdate);  // "Normal" time display
    8cd4:	61 2f       	mov	r22, r17
    8cd6:	80 2f       	mov	r24, r16
    8cd8:	d8 ce       	rjmp	.-592    	; 0x8a8a <UpdateDisplay(unsigned char)+0x368>
/home/ngranado/code/AlphaClock/alphafive/examples/AlphaClock/AlphaClock.ino:1787
        // Do not use alternate display modes when buttons are pressed.
        DisplayModePhase = 0;
        DisplayModePhaseCount = 0;
      }
      else
        if (DisplayModePhaseCount >= 7) // Alternate display every 7 seconds
    8cda:	80 91 f7 06 	lds	r24, 0x06F7	; 0x8006f7 <DisplayModePhaseCount>
    8cde:	87 30       	cpi	r24, 0x07	; 7
    8ce0:	a8 f3       	brcs	.-22     	; 0x8ccc <UpdateDisplay(unsigned char)+0x5aa>
    8ce2:	80 91 f8 06 	lds	r24, 0x06F8	; 0x8006f8 <DisplayModePhase>
/home/ngranado/code/AlphaClock/alphafive/examples/AlphaClock/AlphaClock.ino:1790
        { 

          DisplayModePhaseCount = 0;
    8ce6:	10 92 f7 06 	sts	0x06F7, r1	; 0x8006f7 <DisplayModePhaseCount>
/home/ngranado/code/AlphaClock/alphafive/examples/AlphaClock/AlphaClock.ino:1792

          DisplayModePhase++;
    8cea:	8f 5f       	subi	r24, 0xFF	; 255
/home/ngranado/code/AlphaClock/alphafive/examples/AlphaClock/AlphaClock.ino:1793
          if (DisplayModePhase > 1)
    8cec:	82 30       	cpi	r24, 0x02	; 2
    8cee:	90 f4       	brcc	.+36     	; 0x8d14 <UpdateDisplay(unsigned char)+0x5f2>
/home/ngranado/code/AlphaClock/alphafive/examples/AlphaClock/AlphaClock.ino:1792
        if (DisplayModePhaseCount >= 7) // Alternate display every 7 seconds
        { 

          DisplayModePhaseCount = 0;

          DisplayModePhase++;
    8cf0:	80 93 f8 06 	sts	0x06F8, r24	; 0x8006f8 <DisplayModePhase>
/home/ngranado/code/AlphaClock/alphafive/examples/AlphaClock/AlphaClock.ino:1798
          if (DisplayModePhase > 1)
            DisplayModePhase = 0; 

          forceUpdate = 1;

          DisplayWord ("     ", 400);  // Blank out between display phases 
    8cf4:	60 e9       	ldi	r22, 0x90	; 144
    8cf6:	71 e0       	ldi	r23, 0x01	; 1
    8cf8:	82 e6       	ldi	r24, 0x62	; 98
    8cfa:	92 e0       	ldi	r25, 0x02	; 2
    8cfc:	0e 94 65 3d 	call	0x7aca	; 0x7aca <DisplayWord(char*, unsigned int)>
/home/ngranado/code/AlphaClock/alphafive/examples/AlphaClock/AlphaClock.ino:1799
          if (AlarmEnabled)  
    8d00:	80 91 41 07 	lds	r24, 0x0741	; 0x800741 <AlarmEnabled>
    8d04:	88 23       	and	r24, r24
    8d06:	49 f0       	breq	.+18     	; 0x8d1a <UpdateDisplay(unsigned char)+0x5f8>
/home/ngranado/code/AlphaClock/alphafive/examples/AlphaClock/AlphaClock.ino:1800
            DisplayWordDP("2____");
    8d08:	8d ef       	ldi	r24, 0xFD	; 253
    8d0a:	92 e0       	ldi	r25, 0x02	; 2
/home/ngranado/code/AlphaClock/alphafive/examples/AlphaClock/AlphaClock.ino:1802
          else
            DisplayWordDP("_____"); 
    8d0c:	0e 94 50 3d 	call	0x7aa0	; 0x7aa0 <DisplayWordDP(char*)>
/home/ngranado/code/AlphaClock/alphafive/examples/AlphaClock/AlphaClock.ino:1796

          DisplayModePhase++;
          if (DisplayModePhase > 1)
            DisplayModePhase = 0; 

          forceUpdate = 1;
    8d10:	11 e0       	ldi	r17, 0x01	; 1
    8d12:	dc cf       	rjmp	.-72     	; 0x8ccc <UpdateDisplay(unsigned char)+0x5aa>
/home/ngranado/code/AlphaClock/alphafive/examples/AlphaClock/AlphaClock.ino:1794

          DisplayModePhaseCount = 0;

          DisplayModePhase++;
          if (DisplayModePhase > 1)
            DisplayModePhase = 0; 
    8d14:	10 92 f8 06 	sts	0x06F8, r1	; 0x8006f8 <DisplayModePhase>
    8d18:	ed cf       	rjmp	.-38     	; 0x8cf4 <UpdateDisplay(unsigned char)+0x5d2>
/home/ngranado/code/AlphaClock/alphafive/examples/AlphaClock/AlphaClock.ino:1802

          DisplayWord ("     ", 400);  // Blank out between display phases 
          if (AlarmEnabled)  
            DisplayWordDP("2____");
          else
            DisplayWordDP("_____"); 
    8d1a:	80 e5       	ldi	r24, 0x50	; 80
    8d1c:	92 e0       	ldi	r25, 0x02	; 2
    8d1e:	f6 cf       	rjmp	.-20     	; 0x8d0c <UpdateDisplay(unsigned char)+0x5ea>
/home/ngranado/code/AlphaClock/alphafive/examples/AlphaClock/AlphaClock.ino:1815
      {
        TimeDisplay(DisplayMode & 3, forceUpdate);  // "Normal" time display
      }
      else
      { // Alternate display modes: "Time and ... "
        if (DisplayMode & 4)
    8d20:	02 fd       	sbrc	r16, 2
    8d22:	2b cf       	rjmp	.-426    	; 0x8b7a <UpdateDisplay(unsigned char)+0x458>
/home/ngranado/code/AlphaClock/alphafive/examples/AlphaClock/AlphaClock.ino:1817
          TimeDisplay(33, forceUpdate); // if Bit 4 is set: Show date
        else if (DisplayMode & 8)
    8d24:	03 fd       	sbrc	r16, 3
    8d26:	52 cf       	rjmp	.-348    	; 0x8bcc <UpdateDisplay(unsigned char)+0x4aa>
/home/ngranado/code/AlphaClock/alphafive/examples/AlphaClock/AlphaClock.ino:1820
          TimeDisplay(32, forceUpdate); // if Bit 8 is set: Show seconds 
        else if (DisplayMode & 16)
          TimeDisplay(36, forceUpdate); // if Bit 16 is set:  Show five letter words
    8d28:	61 2f       	mov	r22, r17
    8d2a:	84 e2       	ldi	r24, 0x24	; 36
/home/ngranado/code/AlphaClock/alphafive/examples/AlphaClock/AlphaClock.ino:1819
      { // Alternate display modes: "Time and ... "
        if (DisplayMode & 4)
          TimeDisplay(33, forceUpdate); // if Bit 4 is set: Show date
        else if (DisplayMode & 8)
          TimeDisplay(32, forceUpdate); // if Bit 8 is set: Show seconds 
        else if (DisplayMode & 16)
    8d2c:	04 ff       	sbrs	r16, 4
    8d2e:	74 cd       	rjmp	.-1304   	; 0x8818 <UpdateDisplay(unsigned char)+0xf6>
    8d30:	19 cf       	rjmp	.-462    	; 0x8b64 <UpdateDisplay(unsigned char)+0x442>
/home/ngranado/code/AlphaClock/alphafive/examples/AlphaClock/AlphaClock.ino:1824
          TimeDisplay(36, forceUpdate); // if Bit 16 is set:  Show five letter words
      }
    }
    else 
      TimeDisplay(DisplayMode, forceUpdate);
    8d32:	61 2f       	mov	r22, r17
    8d34:	80 2f       	mov	r24, r16
    8d36:	16 cf       	rjmp	.-468    	; 0x8b64 <UpdateDisplay(unsigned char)+0x442>

00008d38 <__vector_18>:
__vector_18():
/tmp/claude-1000/-home-ngranado-code-AlphaClock/a04e4601-07d0-434a-ba88-eb280e7d56e2/scratchpad/a15/packages/MightyCore/hardware/avr/3.1.0/cores/MCUdude_corefiles/wiring.c:159
#if defined(__AVR_ATtiny24__) || defined(__AVR_ATtiny44__) || defined(__AVR_ATtiny84__)
ISR(TIM0_OVF_vect)
#else
ISR(TIMER0_OVF_vect)
#endif
{
    8d38:	1f 92       	push	r1
    8d3a:	0f 92       	push	r0
    8d3c:	0f b6       	in	r0, 0x3f	; 63
    8d3e:	0f 92       	push	r0
    8d40:	11 24       	eor	r1, r1
    8d42:	2f 93       	push	r18
    8d44:	3f 93       	push	r19
    8d46:	8f 93       	push	r24
    8d48:	9f 93       	push	r25
    8d4a:	af 93       	push	r26
    8d4c:	bf 93       	push	r27
/tmp/claude-1000/-home-ngranado-code-AlphaClock/a04e4601-07d0-434a-ba88-eb280e7d56e2/scratchpad/a15/packages/MightyCore/hardware/avr/3.1.0/cores/MCUdude_corefiles/wiring.c:167
  static unsigned char timer0_exact = 0;
#endif

  // copy these to local variables so they can be stored in registers
  // (volatile variables must be read from memory on every access, so this saves time)
  unsigned long m = timer0_millis;
    8d4e:	80 91 5e 07 	lds	r24, 0x075E	; 0x80075e <timer0_millis>
    8d52:	90 91 5f 07 	lds	r25, 0x075F	; 0x80075f <timer0_millis+0x1>
    8d56:	a0 91 60 07 	lds	r26, 0x0760	; 0x800760 <timer0_millis+0x2>
    8d5a:	b0 91 61 07 	lds	r27, 0x0761	; 0x800761 <timer0_millis+0x3>
/tmp/claude-1000/-home-ngranado-code-AlphaClock/a04e4601-07d0-434a-ba88-eb280e7d56e2/scratchpad/a15/packages/MightyCore/hardware/avr/3.1.0/cores/MCUdude_corefiles/wiring.c:168
  unsigned char f = timer0_fract;
    8d5e:	30 91 5d 07 	lds	r19, 0x075D	; 0x80075d <timer0_fract>
/tmp/claude-1000/-home-ngranado-code-AlphaClock/a04e4601-07d0-434a-ba88-eb280e7d56e2/scratchpad/a15/packages/MightyCore/hardware/avr/3.1.0/cores/MCUdude_corefiles/wiring.c:170

  f += FRACT_INC FRACT_INC_PLUS;
    8d62:	23 e0       	ldi	r18, 0x03	; 3
    8d64:	23 0f       	add	r18, r19
/tmp/claude-1000/-home-ngranado-code-AlphaClock/a04e4601-07d0-434a-ba88-eb280e7d56e2/scratchpad/a15/packages/MightyCore/hardware/avr/3.1.0/cores/MCUdude_corefiles/wiring.c:200
    ++f;
  }
#endif
#endif // CORRECT_EXACT_MILLIS

  if (f >= FRACT_MAX) {
    8d66:	2d 37       	cpi	r18, 0x7D	; 125
    8d68:	68 f1       	brcs	.+90     	; 0x8dc4 <__vector_18+0x8c>
/tmp/claude-1000/-home-ngranado-code-AlphaClock/a04e4601-07d0-434a-ba88-eb280e7d56e2/scratchpad/a15/packages/MightyCore/hardware/avr/3.1.0/cores/MCUdude_corefiles/wiring.c:201
    f -= FRACT_MAX;
    8d6a:	26 e8       	ldi	r18, 0x86	; 134
    8d6c:	23 0f       	add	r18, r19
/tmp/claude-1000/-home-ngranado-code-AlphaClock/a04e4601-07d0-434a-ba88-eb280e7d56e2/scratchpad/a15/packages/MightyCore/hardware/avr/3.1.0/cores/MCUdude_corefiles/wiring.c:202
    m += MILLIS_INC + 1;
    8d6e:	02 96       	adiw	r24, 0x02	; 2
    8d70:	a1 1d       	adc	r26, r1
    8d72:	b1 1d       	adc	r27, r1
/tmp/claude-1000/-home-ngranado-code-AlphaClock/a04e4601-07d0-434a-ba88-eb280e7d56e2/scratchpad/a15/packages/MightyCore/hardware/avr/3.1.0/cores/MCUdude_corefiles/wiring.c:208
  }
  else {
    m += MILLIS_INC;
  }

  timer0_fract = f;
    8d74:	20 93 5d 07 	sts	0x075D, r18	; 0x80075d <timer0_fract>
/tmp/claude-1000/-home-ngranado-code-AlphaClock/a04e4601-07d0-434a-ba88-eb280e7d56e2/scratchpad/a15/packages/MightyCore/hardware/avr/3.1.0/cores/MCUdude_corefiles/wiring.c:209
  timer0_millis = m;
    8d78:	80 93 5e 07 	sts	0x075E, r24	; 0x80075e <timer0_millis>
    8d7c:	90 93 5f 07 	sts	0x075F, r25	; 0x80075f <timer0_millis+0x1>
    8d80:	a0 93 60 07 	sts	0x0760, r26	; 0x800760 <timer0_millis+0x2>
    8d84:	b0 93 61 07 	sts	0x0761, r27	; 0x800761 <timer0_millis+0x3>
/tmp/claude-1000/-home-ngranado-code-AlphaClock/a04e4601-07d0-434a-ba88-eb280e7d56e2/scratchpad/a15/packages/MightyCore/hardware/avr/3.1.0/cores/MCUdude_corefiles/wiring.c:211
#ifndef CORRECT_EXACT_MICROS
  timer0_overflow_count++;
    8d88:	80 91 59 07 	lds	r24, 0x0759	; 0x800759 <timer0_overflow_count>
    8d8c:	90 91 5a 07 	lds	r25, 0x075A	; 0x80075a <timer0_overflow_count+0x1>
    8d90:	a0 91 5b 07 	lds	r26, 0x075B	; 0x80075b <timer0_overflow_count+0x2>
    8d94:	b0 91 5c 07 	lds	r27, 0x075C	; 0x80075c <timer0_overflow_count+0x3>
    8d98:	01 96       	adiw	r24, 0x01	; 1
    8d9a:	a1 1d       	adc	r26, r1
    8d9c:	b1 1d       	adc	r27, r1
    8d9e:	80 93 59 07 	sts	0x0759, r24	; 0x800759 <timer0_overflow_count>
    8da2:	90 93 5a 07 	sts	0x075A, r25	; 0x80075a <timer0_overflow_count+0x1>
    8da6:	a0 93 5b 07 	sts	0x075B, r26	; 0x80075b <timer0_overflow_count+0x2>
    8daa:	b0 93 5c 07 	sts	0x075C, r27	; 0x80075c <timer0_overflow_count+0x3>
/tmp/claude-1000/-home-ngranado-code-AlphaClock/a04e4601-07d0-434a-ba88-eb280e7d56e2/scratchpad/a15/packages/MightyCore/hardware/avr/3.1.0/cores/MCUdude_corefiles/wiring.c:213
#endif
}
    8dae:	bf 91       	pop	r27
    8db0:	af 91       	pop	r26
    8db2:	9f 91       	pop	r25
    8db4:	8f 91       	pop	r24
    8db6:	3f 91       	pop	r19
    8db8:	2f 91       	pop	r18
    8dba:	0f 90       	pop	r0
    8dbc:	0f be       	out	0x3f, r0	; 63
    8dbe:	0f 90       	pop	r0
    8dc0:	1f 90       	pop	r1
    8dc2:	18 95       	reti
/tmp/claude-1000/-home-ngranado-code-AlphaClock/a04e4601-07d0-434a-ba88-eb280e7d56e2/scratchpad/a15/packages/MightyCore/hardware/avr/3.1.0/cores/MCUdude_corefiles/wiring.c:205
  if (f >= FRACT_MAX) {
    f -= FRACT_MAX;
    m += MILLIS_INC + 1;
  }
  else {
    m += MILLIS_INC;
    8dc4:	01 96       	adiw	r24, 0x01	; 1
    8dc6:	a1 1d       	adc	r26, r1
    8dc8:	b1 1d       	adc	r27, r1
    8dca:	d4 cf       	rjmp	.-88     	; 0x8d74 <__vector_18+0x3c>

00008dcc <__vector_29>:
__vector_29():
/tmp/claude-1000/-home-ngranado-code-AlphaClock/a04e4601-07d0-434a-ba88-eb280e7d56e2/scratchpad/a15/packages/MightyCore/hardware/avr/3.1.0/cores/MCUdude_corefiles/HardwareSerial1.cpp:59
#elif defined(USART1_UDRE_vect)
ISR(USART1_UDRE_vect)
#else
#error "Don't know what the Data Register Empty vector is called for Serial1"
#endif
{
    8dcc:	1f 92       	push	r1
    8dce:	0f 92       	push	r0
    8dd0:	0f b6       	in	r0, 0x3f	; 63
    8dd2:	0f 92       	push	r0
    8dd4:	11 24       	eor	r1, r1
    8dd6:	2f 93       	push	r18
    8dd8:	3f 93       	push	r19
    8dda:	4f 93       	push	r20
    8ddc:	5f 93       	push	r21
    8dde:	6f 93       	push	r22
    8de0:	7f 93       	push	r23
    8de2:	8f 93       	push	r24
    8de4:	9f 93       	push	r25
    8de6:	af 93       	push	r26
    8de8:	bf 93       	push	r27
    8dea:	ef 93       	push	r30
    8dec:	ff 93       	push	r31
/tmp/claude-1000/-home-ngranado-code-AlphaClock/a04e4601-07d0-434a-ba88-eb280e7d56e2/scratchpad/a15/packages/MightyCore/hardware/avr/3.1.0/cores/MCUdude_corefiles/HardwareSerial1.cpp:60
  Serial1._tx_udr_empty_irq();
    8dee:	8a ea       	ldi	r24, 0xAA	; 170
    8df0:	97 e0       	ldi	r25, 0x07	; 7
    8df2:	0e 94 ec 34 	call	0x69d8	; 0x69d8 <HardwareSerial::_tx_udr_empty_irq()>
/tmp/claude-1000/-home-ngranado-code-AlphaClock/a04e4601-07d0-434a-ba88-eb280e7d56e2/scratchpad/a15/packages/MightyCore/hardware/avr/3.1.0/cores/MCUdude_corefiles/HardwareSerial1.cpp:61
}
    8df6:	ff 91       	pop	r31
    8df8:	ef 91       	pop	r30
    8dfa:	bf 91       	pop	r27
    8dfc:	af 91       	pop	r26
    8dfe:	9f 91       	pop	r25
    8e00:	8f 91       	pop	r24
    8e02:	7f 91       	pop	r23
    8e04:	6f 91       	pop	r22
    8e06:	5f 91       	pop	r21
    8e08:	4f 91       	pop	r20
    8e0a:	3f 91       	pop	r19
    8e0c:	2f 91       	pop	r18
    8e0e:	0f 90       	pop	r0
    8e10:	0f be       	out	0x3f, r0	; 63
    8e12:	0f 90       	pop	r0
    8e14:	1f 90       	pop	r1
    8e16:	18 95       	reti

00008e18 <__vector_28>:
__vector_28():
/tmp/claude-1000/-home-ngranado-code-AlphaClock/a04e4601-07d0-434a-ba88-eb280e7d56e2/scratchpad/a15/packages/MightyCore/hardware/avr/3.1.0/cores/MCUdude_corefiles/HardwareSerial1.cpp:48
#elif defined(USART1_RXC_vect)
ISR(USART1_RXC_vect)
#else
#error "Don't know what the Data Register Empty vector is called for Serial1"
#endif
{
    8e18:	1f 92       	push	r1
    8e1a:	0f 92       	push	r0
    8e1c:	0f b6       	in	r0, 0x3f	; 63
    8e1e:	0f 92       	push	r0
    8e20:	11 24       	eor	r1, r1
    8e22:	2f 93       	push	r18
    8e24:	8f 93       	push	r24
    8e26:	9f 93       	push	r25
    8e28:	ef 93       	push	r30
    8e2a:	ff 93       	push	r31
_rx_complete_irq():
/tmp/claude-1000/-home-ngranado-code-AlphaClock/a04e4601-07d0-434a-ba88-eb280e7d56e2/scratchpad/a15/packages/MightyCore/hardware/avr/3.1.0/cores/MCUdude_corefiles/HardwareSerial_private.h:100

// Actual interrupt handlers //////////////////////////////////////////////////////////////

void HardwareSerial::_rx_complete_irq(void)
{
  if (bit_is_clear(*_ucsra, UPE0)) {
    8e2c:	e0 91 ba 07 	lds	r30, 0x07BA	; 0x8007ba <Serial1+0x10>
    8e30:	f0 91 bb 07 	lds	r31, 0x07BB	; 0x8007bb <Serial1+0x11>
    8e34:	80 81       	ld	r24, Z
    8e36:	e0 91 c0 07 	lds	r30, 0x07C0	; 0x8007c0 <Serial1+0x16>
    8e3a:	f0 91 c1 07 	lds	r31, 0x07C1	; 0x8007c1 <Serial1+0x17>
    8e3e:	82 fd       	sbrc	r24, 2
    8e40:	1b c0       	rjmp	.+54     	; 0x8e78 <__vector_28+0x60>
/tmp/claude-1000/-home-ngranado-code-AlphaClock/a04e4601-07d0-434a-ba88-eb280e7d56e2/scratchpad/a15/packages/MightyCore/hardware/avr/3.1.0/cores/MCUdude_corefiles/HardwareSerial_private.h:103
    // No Parity error, read byte and store it in the buffer if there is
    // room
    unsigned char c = *_udr;
    8e42:	90 81       	ld	r25, Z
/tmp/claude-1000/-home-ngranado-code-AlphaClock/a04e4601-07d0-434a-ba88-eb280e7d56e2/scratchpad/a15/packages/MightyCore/hardware/avr/3.1.0/cores/MCUdude_corefiles/HardwareSerial_private.h:104
    rx_buffer_index_t i = (unsigned int)(_rx_buffer_head + 1) % SERIAL_RX_BUFFER_SIZE;
    8e44:	80 91 c3 07 	lds	r24, 0x07C3	; 0x8007c3 <Serial1+0x19>
    8e48:	8f 5f       	subi	r24, 0xFF	; 255
    8e4a:	8f 73       	andi	r24, 0x3F	; 63
/tmp/claude-1000/-home-ngranado-code-AlphaClock/a04e4601-07d0-434a-ba88-eb280e7d56e2/scratchpad/a15/packages/MightyCore/hardware/avr/3.1.0/cores/MCUdude_corefiles/HardwareSerial_private.h:110

    // if we should be storing the received character into the location
    // just before the tail (meaning that the head would advance to the
    // current location of the tail), we're about to overflow the buffer
    // and so we don't write the character or advance the head.
    if (i != _rx_buffer_tail) {
    8e4c:	20 91 c4 07 	lds	r18, 0x07C4	; 0x8007c4 <Serial1+0x1a>
    8e50:	82 17       	cp	r24, r18
    8e52:	41 f0       	breq	.+16     	; 0x8e64 <__vector_28+0x4c>
/tmp/claude-1000/-home-ngranado-code-AlphaClock/a04e4601-07d0-434a-ba88-eb280e7d56e2/scratchpad/a15/packages/MightyCore/hardware/avr/3.1.0/cores/MCUdude_corefiles/HardwareSerial_private.h:111
      _rx_buffer[_rx_buffer_head] = c;
    8e54:	e0 91 c3 07 	lds	r30, 0x07C3	; 0x8007c3 <Serial1+0x19>
    8e58:	f0 e0       	ldi	r31, 0x00	; 0
    8e5a:	e6 55       	subi	r30, 0x56	; 86
    8e5c:	f8 4f       	sbci	r31, 0xF8	; 248
    8e5e:	95 8f       	std	Z+29, r25	; 0x1d
/tmp/claude-1000/-home-ngranado-code-AlphaClock/a04e4601-07d0-434a-ba88-eb280e7d56e2/scratchpad/a15/packages/MightyCore/hardware/avr/3.1.0/cores/MCUdude_corefiles/HardwareSerial_private.h:112
      _rx_buffer_head = i;
    8e60:	80 93 c3 07 	sts	0x07C3, r24	; 0x8007c3 <Serial1+0x19>
__vector_28():
/tmp/claude-1000/-home-ngranado-code-AlphaClock/a04e4601-07d0-434a-ba88-eb280e7d56e2/scratchpad/a15/packages/MightyCore/hardware/avr/3.1.0/cores/MCUdude_corefiles/HardwareSerial1.cpp:50
  Serial1._rx_complete_irq();
}
    8e64:	ff 91       	pop	r31
    8e66:	ef 91       	pop	r30
    8e68:	9f 91       	pop	r25
    8e6a:	8f 91       	pop	r24
    8e6c:	2f 91       	pop	r18
    8e6e:	0f 90       	pop	r0
    8e70:	0f be       	out	0x3f, r0	; 63
    8e72:	0f 90       	pop	r0
    8e74:	1f 90       	pop	r1
    8e76:	18 95       	reti
_rx_complete_irq():
/tmp/claude-1000/-home-ngranado-code-AlphaClock/a04e4601-07d0-434a-ba88-eb280e7d56e2/scratchpad/a15/packages/MightyCore/hardware/avr/3.1.0/cores/MCUdude_corefiles/HardwareSerial_private.h:116
    }
  } else {
    // Parity error, read byte but discard it
    *_udr;
    8e78:	80 81       	ld	r24, Z
    8e7a:	f4 cf       	rjmp	.-24     	; 0x8e64 <__vector_28+0x4c>

00008e7c <__vector_21>:
__vector_21():
/tmp/claude-1000/-home-ngranado-code-AlphaClock/a04e4601-07d0-434a-ba88-eb280e7d56e2/scratchpad/a15/packages/MightyCore/hardware/avr/3.1.0/cores/MCUdude_corefiles/HardwareSerial0.cpp:63
#elif defined(USART0_UDRE_vect)
ISR(USART0_UDRE_vect)
#else
  #error "Don't know what the Data Register Empty vector is called for Serial"
#endif
{
    8e7c:	1f 92       	push	r1
    8e7e:	0f 92       	push	r0
    8e80:	0f b6       	in	r0, 0x3f	; 63
    8e82:	0f 92       	push	r0
    8e84:	11 24       	eor	r1, r1
    8e86:	2f 93       	push	r18
    8e88:	3f 93       	push	r19
    8e8a:	4f 93       	push	r20
    8e8c:	5f 93       	push	r21
    8e8e:	6f 93       	push	r22
    8e90:	7f 93       	push	r23
    8e92:	8f 93       	push	r24
    8e94:	9f 93       	push	r25
    8e96:	af 93       	push	r26
    8e98:	bf 93       	push	r27
    8e9a:	ef 93       	push	r30
    8e9c:	ff 93       	push	r31
/tmp/claude-1000/-home-ngranado-code-AlphaClock/a04e4601-07d0-434a-ba88-eb280e7d56e2/scratchpad/a15/packages/MightyCore/hardware/avr/3.1.0/cores/MCUdude_corefiles/HardwareSerial0.cpp:64
  Serial._tx_udr_empty_irq();
    8e9e:	87 e4       	ldi	r24, 0x47	; 71
    8ea0:	98 e0       	ldi	r25, 0x08	; 8
    8ea2:	0e 94 ec 34 	call	0x69d8	; 0x69d8 <HardwareSerial::_tx_udr_empty_irq()>
/tmp/claude-1000/-home-ngranado-code-AlphaClock/a04e4601-07d0-434a-ba88-eb280e7d56e2/scratchpad/a15/packages/MightyCore/hardware/avr/3.1.0/cores/MCUdude_corefiles/HardwareSerial0.cpp:65
}
    8ea6:	ff 91       	pop	r31
    8ea8:	ef 91       	pop	r30
    8eaa:	bf 91       	pop	r27
    8eac:	af 91       	pop	r26
    8eae:	9f 91       	pop	r25
    8eb0:	8f 91       	pop	r24
    8eb2:	7f 91       	pop	r23
    8eb4:	6f 91       	pop	r22
    8eb6:	5f 91       	pop	r21
    8eb8:	4f 91       	pop	r20
    8eba:	3f 91       	pop	r19
    8ebc:	2f 91       	pop	r18
    8ebe:	0f 90       	pop	r0
    8ec0:	0f be       	out	0x3f, r0	; 63
    8ec2:	0f 90       	pop	r0
    8ec4:	1f 90       	pop	r1
    8ec6:	18 95       	reti

00008ec8 <__vector_20>:
__vector_20():
/tmp/claude-1000/-home-ngranado-code-AlphaClock/a04e4601-07d0-434a-ba88-eb280e7d56e2/scratchpad/a15/packages/MightyCore/hardware/avr/3.1.0/cores/MCUdude_corefiles/HardwareSerial0.cpp:50
#elif defined(USART_RX_vect)
  ISR(USART_RX_vect)
#else
  #error "Don't know what the Data Received vector is called for Serial"
#endif
  {
    8ec8:	1f 92       	push	r1
    8eca:	0f 92       	push	r0
    8ecc:	0f b6       	in	r0, 0x3f	; 63
    8ece:	0f 92       	push	r0
    8ed0:	11 24       	eor	r1, r1
    8ed2:	2f 93       	push	r18
    8ed4:	8f 93       	push	r24
    8ed6:	9f 93       	push	r25
    8ed8:	ef 93       	push	r30
    8eda:	ff 93       	push	r31
_rx_complete_irq():
/tmp/claude-1000/-home-ngranado-code-AlphaClock/a04e4601-07d0-434a-ba88-eb280e7d56e2/scratchpad/a15/packages/MightyCore/hardware/avr/3.1.0/cores/MCUdude_corefiles/HardwareSerial_private.h:100

// Actual interrupt handlers //////////////////////////////////////////////////////////////

void HardwareSerial::_rx_complete_irq(void)
{
  if (bit_is_clear(*_ucsra, UPE0)) {
    8edc:	e0 91 57 08 	lds	r30, 0x0857	; 0x800857 <Serial+0x10>
    8ee0:	f0 91 58 08 	lds	r31, 0x0858	; 0x800858 <Serial+0x11>
    8ee4:	80 81       	ld	r24, Z
    8ee6:	e0 91 5d 08 	lds	r30, 0x085D	; 0x80085d <Serial+0x16>
    8eea:	f0 91 5e 08 	lds	r31, 0x085E	; 0x80085e <Serial+0x17>
    8eee:	82 fd       	sbrc	r24, 2
    8ef0:	1b c0       	rjmp	.+54     	; 0x8f28 <__vector_20+0x60>
/tmp/claude-1000/-home-ngranado-code-AlphaClock/a04e4601-07d0-434a-ba88-eb280e7d56e2/scratchpad/a15/packages/MightyCore/hardware/avr/3.1.0/cores/MCUdude_corefiles/HardwareSerial_private.h:103
    // No Parity error, read byte and store it in the buffer if there is
    // room
    unsigned char c = *_udr;
    8ef2:	90 81       	ld	r25, Z
/tmp/claude-1000/-home-ngranado-code-AlphaClock/a04e4601-07d0-434a-ba88-eb280e7d56e2/scratchpad/a15/packages/MightyCore/hardware/avr/3.1.0/cores/MCUdude_corefiles/HardwareSerial_private.h:104
    rx_buffer_index_t i = (unsigned int)(_rx_buffer_head + 1) % SERIAL_RX_BUFFER_SIZE;
    8ef4:	80 91 60 08 	lds	r24, 0x0860	; 0x800860 <Serial+0x19>
    8ef8:	8f 5f       	subi	r24, 0xFF	; 255
    8efa:	8f 73       	andi	r24, 0x3F	; 63
/tmp/claude-1000/-home-ngranado-code-AlphaClock/a04e4601-07d0-434a-ba88-eb280e7d56e2/scratchpad/a15/packages/MightyCore/hardware/avr/3.1.0/cores/MCUdude_corefiles/HardwareSerial_private.h:110

    // if we should be storing the received character into the location
    // just before the tail (meaning that the head would advance to the
    // current location of the tail), we're about to overflow the buffer
    // and so we don't write the character or advance the head.
    if (i != _rx_buffer_tail) {
    8efc:	20 91 61 08 	lds	r18, 0x0861	; 0x800861 <Serial+0x1a>
    8f00:	82 17       	cp	r24, r18
    8f02:	41 f0       	breq	.+16     	; 0x8f14 <__vector_20+0x4c>
/tmp/claude-1000/-home-ngranado-code-AlphaClock/a04e4601-07d0-434a-ba88-eb280e7d56e2/scratchpad/a15/packages/MightyCore/hardware/avr/3.1.0/cores/MCUdude_corefiles/HardwareSerial_private.h:111
      _rx_buffer[_rx_buffer_head] = c;
    8f04:	e0 91 60 08 	lds	r30, 0x0860	; 0x800860 <Serial+0x19>
    8f08:	f0 e0       	ldi	r31, 0x00	; 0
    8f0a:	e9 5b       	subi	r30, 0xB9	; 185
    8f0c:	f7 4f       	sbci	r31, 0xF7	; 247
    8f0e:	95 8f       	std	Z+29, r25	; 0x1d
/tmp/claude-1000/-home-ngranado-code-AlphaClock/a04e4601-07d0-434a-ba88-eb280e7d56e2/scratchpad/a15/packages/MightyCore/hardware/avr/3.1.0/cores/MCUdude_corefiles/HardwareSerial_private.h:112
      _rx_buffer_head = i;
    8f10:	80 93 60 08 	sts	0x0860, r24	; 0x800860 <Serial+0x19>
__vector_20():
/tmp/claude-1000/-home-ngranado-code-AlphaClock/a04e4601-07d0-434a-ba88-eb280e7d56e2/scratchpad/a15/packages/MightyCore/hardware/avr/3.1.0/cores/MCUdude_corefiles/HardwareSerial0.cpp:52
    Serial._rx_complete_irq();
  }
    8f14:	ff 91       	pop	r31
    8f16:	ef 91       	pop	r30
    8f18:	9f 91       	pop	r25
    8f1a:	8f 91       	pop	r24
    8f1c:	2f 91       	pop	r18
    8f1e:	0f 90       	pop	r0
    8f20:	0f be       	out	0x3f, r0	; 63
    8f22:	0f 90       	pop	r0
    8f24:	1f 90       	pop	r1
    8f26:	18 95       	reti
_rx_complete_irq():
/tmp/claude-1000/-home-ngranado-code-AlphaClock/a04e4601-07d0-434a-ba88-eb280e7d56e2/scratchpad/a15/packages/MightyCore/hardware/avr/3.1.0/cores/MCUdude_corefiles/HardwareSerial_private.h:116
    }
  } else {
    // Parity error, read byte but discard it
    *_udr;
    8f28:	80 81       	ld	r24, Z
    8f2a:	f4 cf       	rjmp	.-24     	; 0x8f14 <__vector_20+0x4c>

00008f2c <__vector_26>:
__vector_26():
/tmp/claude-1000/-home-ngranado-code-AlphaClock/a04e4601-07d0-434a-ba88-eb280e7d56e2/scratchpad/a15/packages/MightyCore/hardware/avr/3.1.0/libraries/Wire/src/utility/twi.c:534
  }
  return(flag);
}

ISR(TWI_vect)
{
    8f2c:	1f 92       	push	r1
    8f2e:	0f 92       	push	r0
    8f30:	0f b6       	in	r0, 0x3f	; 63
    8f32:	0f 92       	push	r0
    8f34:	11 24       	eor	r1, r1
    8f36:	2f 93       	push	r18
    8f38:	3f 93       	push	r19
    8f3a:	4f 93       	push	r20
    8f3c:	5f 93       	push	r21
    8f3e:	6f 93       	push	r22
    8f40:	7f 93       	push	r23
    8f42:	8f 93       	push	r24
    8f44:	9f 93       	push	r25
    8f46:	af 93       	push	r26
    8f48:	bf 93       	push	r27
    8f4a:	ef 93       	push	r30
    8f4c:	ff 93       	push	r31
/tmp/claude-1000/-home-ngranado-code-AlphaClock/a04e4601-07d0-434a-ba88-eb280e7d56e2/scratchpad/a15/packages/MightyCore/hardware/avr/3.1.0/libraries/Wire/src/utility/twi.c:535
  switch(TW_STATUS){
    8f4e:	80 91 b9 00 	lds	r24, 0x00B9	; 0x8000b9 <__DATA_REGION_ORIGIN__+0x59>
    8f52:	88 7f       	andi	r24, 0xF8	; 248
    8f54:	80 36       	cpi	r24, 0x60	; 96
    8f56:	09 f4       	brne	.+2      	; 0x8f5a <__vector_26+0x2e>
    8f58:	4a c0       	rjmp	.+148    	; 0x8fee <__vector_26+0xc2>
    8f5a:	f0 f5       	brcc	.+124    	; 0x8fd8 <__vector_26+0xac>
    8f5c:	88 32       	cpi	r24, 0x28	; 40
    8f5e:	09 f4       	brne	.+2      	; 0x8f62 <__vector_26+0x36>
    8f60:	a7 c0       	rjmp	.+334    	; 0x90b0 <__vector_26+0x184>
    8f62:	18 f5       	brcc	.+70     	; 0x8faa <__vector_26+0x7e>
    8f64:	80 31       	cpi	r24, 0x10	; 16
    8f66:	09 f4       	brne	.+2      	; 0x8f6a <__vector_26+0x3e>
    8f68:	9b c0       	rjmp	.+310    	; 0x90a0 <__vector_26+0x174>
    8f6a:	b8 f4       	brcc	.+46     	; 0x8f9a <__vector_26+0x6e>
    8f6c:	88 23       	and	r24, r24
    8f6e:	09 f4       	brne	.+2      	; 0x8f72 <__vector_26+0x46>
    8f70:	05 c1       	rjmp	.+522    	; 0x917c <__vector_26+0x250>
    8f72:	88 30       	cpi	r24, 0x08	; 8
    8f74:	09 f4       	brne	.+2      	; 0x8f78 <__vector_26+0x4c>
    8f76:	94 c0       	rjmp	.+296    	; 0x90a0 <__vector_26+0x174>
/tmp/claude-1000/-home-ngranado-code-AlphaClock/a04e4601-07d0-434a-ba88-eb280e7d56e2/scratchpad/a15/packages/MightyCore/hardware/avr/3.1.0/libraries/Wire/src/utility/twi.c:696
    case TW_BUS_ERROR: // bus error, illegal stop/start
      twi_error = TW_BUS_ERROR;
      twi_stop();
      break;
  }
}
    8f78:	ff 91       	pop	r31
    8f7a:	ef 91       	pop	r30
    8f7c:	bf 91       	pop	r27
    8f7e:	af 91       	pop	r26
    8f80:	9f 91       	pop	r25
    8f82:	8f 91       	pop	r24
    8f84:	7f 91       	pop	r23
    8f86:	6f 91       	pop	r22
    8f88:	5f 91       	pop	r21
    8f8a:	4f 91       	pop	r20
    8f8c:	3f 91       	pop	r19
    8f8e:	2f 91       	pop	r18
    8f90:	0f 90       	pop	r0
    8f92:	0f be       	out	0x3f, r0	; 63
    8f94:	0f 90       	pop	r0
    8f96:	1f 90       	pop	r1
    8f98:	18 95       	reti
/tmp/claude-1000/-home-ngranado-code-AlphaClock/a04e4601-07d0-434a-ba88-eb280e7d56e2/scratchpad/a15/packages/MightyCore/hardware/avr/3.1.0/libraries/Wire/src/utility/twi.c:535
  return(flag);
}

ISR(TWI_vect)
{
  switch(TW_STATUS){
    8f9a:	88 31       	cpi	r24, 0x18	; 24
    8f9c:	09 f4       	brne	.+2      	; 0x8fa0 <__vector_26+0x74>
    8f9e:	88 c0       	rjmp	.+272    	; 0x90b0 <__vector_26+0x184>
    8fa0:	80 32       	cpi	r24, 0x20	; 32
    8fa2:	51 f7       	brne	.-44     	; 0x8f78 <__vector_26+0x4c>
/tmp/claude-1000/-home-ngranado-code-AlphaClock/a04e4601-07d0-434a-ba88-eb280e7d56e2/scratchpad/a15/packages/MightyCore/hardware/avr/3.1.0/libraries/Wire/src/utility/twi.c:570
    case TW_MT_SLA_NACK:  // address sent, nack received
      twi_error = TW_MT_SLA_NACK;
      twi_stop();
      break;
    case TW_MT_DATA_NACK: // data sent, nack received
      twi_error = TW_MT_DATA_NACK;
    8fa4:	80 93 87 07 	sts	0x0787, r24	; 0x800787 <twi_error>
    8fa8:	14 c0       	rjmp	.+40     	; 0x8fd2 <__vector_26+0xa6>
/tmp/claude-1000/-home-ngranado-code-AlphaClock/a04e4601-07d0-434a-ba88-eb280e7d56e2/scratchpad/a15/packages/MightyCore/hardware/avr/3.1.0/libraries/Wire/src/utility/twi.c:535
  return(flag);
}

ISR(TWI_vect)
{
  switch(TW_STATUS){
    8faa:	80 34       	cpi	r24, 0x40	; 64
    8fac:	09 f4       	brne	.+2      	; 0x8fb0 <__vector_26+0x84>
    8fae:	a5 c0       	rjmp	.+330    	; 0x90fa <__vector_26+0x1ce>
    8fb0:	40 f4       	brcc	.+16     	; 0x8fc2 <__vector_26+0x96>
    8fb2:	80 33       	cpi	r24, 0x30	; 48
    8fb4:	b9 f3       	breq	.-18     	; 0x8fa4 <__vector_26+0x78>
    8fb6:	88 33       	cpi	r24, 0x38	; 56
    8fb8:	f9 f6       	brne	.-66     	; 0x8f78 <__vector_26+0x4c>
/tmp/claude-1000/-home-ngranado-code-AlphaClock/a04e4601-07d0-434a-ba88-eb280e7d56e2/scratchpad/a15/packages/MightyCore/hardware/avr/3.1.0/libraries/Wire/src/utility/twi.c:574
    case TW_MT_DATA_NACK: // data sent, nack received
      twi_error = TW_MT_DATA_NACK;
      twi_stop();
      break;
    case TW_MT_ARB_LOST: // lost bus arbitration
      twi_error = TW_MT_ARB_LOST;
    8fba:	80 93 87 07 	sts	0x0787, r24	; 0x800787 <twi_error>
twi_reply():
/tmp/claude-1000/-home-ngranado-code-AlphaClock/a04e4601-07d0-434a-ba88-eb280e7d56e2/scratchpad/a15/packages/MightyCore/hardware/avr/3.1.0/libraries/Wire/src/utility/twi.c:421
 */
void twi_reply(uint8_t ack)
{
  // transmit master read ready signal, with or without ack
  if(ack){
    TWCR = _BV(TWEN) | _BV(TWIE) | _BV(TWINT) | _BV(TWEA);
    8fbe:	85 ec       	ldi	r24, 0xC5	; 197
    8fc0:	bc c0       	rjmp	.+376    	; 0x913a <__vector_26+0x20e>
__vector_26():
/tmp/claude-1000/-home-ngranado-code-AlphaClock/a04e4601-07d0-434a-ba88-eb280e7d56e2/scratchpad/a15/packages/MightyCore/hardware/avr/3.1.0/libraries/Wire/src/utility/twi.c:535
  return(flag);
}

ISR(TWI_vect)
{
  switch(TW_STATUS){
    8fc2:	80 35       	cpi	r24, 0x50	; 80
    8fc4:	09 f4       	brne	.+2      	; 0x8fc8 <__vector_26+0x9c>
    8fc6:	89 c0       	rjmp	.+274    	; 0x90da <__vector_26+0x1ae>
    8fc8:	88 35       	cpi	r24, 0x58	; 88
    8fca:	09 f4       	brne	.+2      	; 0x8fce <__vector_26+0xa2>
    8fcc:	9e c0       	rjmp	.+316    	; 0x910a <__vector_26+0x1de>
    8fce:	88 34       	cpi	r24, 0x48	; 72
    8fd0:	99 f6       	brne	.-90     	; 0x8f78 <__vector_26+0x4c>
/tmp/claude-1000/-home-ngranado-code-AlphaClock/a04e4601-07d0-434a-ba88-eb280e7d56e2/scratchpad/a15/packages/MightyCore/hardware/avr/3.1.0/libraries/Wire/src/utility/twi.c:693
    // All
    case TW_NO_INFO:   // no state information
      break;
    case TW_BUS_ERROR: // bus error, illegal stop/start
      twi_error = TW_BUS_ERROR;
      twi_stop();
    8fd2:	0e 94 36 38 	call	0x706c	; 0x706c <twi_stop>
    8fd6:	d0 cf       	rjmp	.-96     	; 0x8f78 <__vector_26+0x4c>
/tmp/claude-1000/-home-ngranado-code-AlphaClock/a04e4601-07d0-434a-ba88-eb280e7d56e2/scratchpad/a15/packages/MightyCore/hardware/avr/3.1.0/libraries/Wire/src/utility/twi.c:535
  return(flag);
}

ISR(TWI_vect)
{
  switch(TW_STATUS){
    8fd8:	88 39       	cpi	r24, 0x98	; 152
    8fda:	09 f4       	brne	.+2      	; 0x8fde <__vector_26+0xb2>
    8fdc:	94 c0       	rjmp	.+296    	; 0x9106 <__vector_26+0x1da>
    8fde:	38 f5       	brcc	.+78     	; 0x902e <__vector_26+0x102>
    8fe0:	88 37       	cpi	r24, 0x78	; 120
    8fe2:	29 f0       	breq	.+10     	; 0x8fee <__vector_26+0xc2>
    8fe4:	50 f4       	brcc	.+20     	; 0x8ffa <__vector_26+0xce>
    8fe6:	88 36       	cpi	r24, 0x68	; 104
    8fe8:	11 f0       	breq	.+4      	; 0x8fee <__vector_26+0xc2>
    8fea:	80 37       	cpi	r24, 0x70	; 112
    8fec:	29 f6       	brne	.-118    	; 0x8f78 <__vector_26+0x4c>
/tmp/claude-1000/-home-ngranado-code-AlphaClock/a04e4601-07d0-434a-ba88-eb280e7d56e2/scratchpad/a15/packages/MightyCore/hardware/avr/3.1.0/libraries/Wire/src/utility/twi.c:616
    case TW_SR_SLA_ACK:   // addressed, returned ack
    case TW_SR_GCALL_ACK: // addressed generally, returned ack
    case TW_SR_ARB_LOST_SLA_ACK:   // lost arbitration, returned ack
    case TW_SR_ARB_LOST_GCALL_ACK: // lost arbitration, returned ack
      // enter slave receiver mode
      twi_state = TWI_SRX;
    8fee:	83 e0       	ldi	r24, 0x03	; 3
    8ff0:	80 93 ea 08 	sts	0x08EA, r24	; 0x8008ea <twi_state>
/tmp/claude-1000/-home-ngranado-code-AlphaClock/a04e4601-07d0-434a-ba88-eb280e7d56e2/scratchpad/a15/packages/MightyCore/hardware/avr/3.1.0/libraries/Wire/src/utility/twi.c:618
      // indicate that rx buffer can be overwritten and ack
      twi_rxBufferIndex = 0;
    8ff4:	10 92 80 06 	sts	0x0680, r1	; 0x800680 <twi_rxBufferIndex>
    8ff8:	57 c0       	rjmp	.+174    	; 0x90a8 <__vector_26+0x17c>
/tmp/claude-1000/-home-ngranado-code-AlphaClock/a04e4601-07d0-434a-ba88-eb280e7d56e2/scratchpad/a15/packages/MightyCore/hardware/avr/3.1.0/libraries/Wire/src/utility/twi.c:535
  return(flag);
}

ISR(TWI_vect)
{
  switch(TW_STATUS){
    8ffa:	88 38       	cpi	r24, 0x88	; 136
    8ffc:	09 f4       	brne	.+2      	; 0x9000 <__vector_26+0xd4>
    8ffe:	83 c0       	rjmp	.+262    	; 0x9106 <__vector_26+0x1da>
    9000:	80 39       	cpi	r24, 0x90	; 144
    9002:	19 f0       	breq	.+6      	; 0x900a <__vector_26+0xde>
    9004:	80 38       	cpi	r24, 0x80	; 128
    9006:	09 f0       	breq	.+2      	; 0x900a <__vector_26+0xde>
    9008:	b7 cf       	rjmp	.-146    	; 0x8f78 <__vector_26+0x4c>
/tmp/claude-1000/-home-ngranado-code-AlphaClock/a04e4601-07d0-434a-ba88-eb280e7d56e2/scratchpad/a15/packages/MightyCore/hardware/avr/3.1.0/libraries/Wire/src/utility/twi.c:624
      twi_reply(1);
      break;
    case TW_SR_DATA_ACK:       // data received, returned ack
    case TW_SR_GCALL_DATA_ACK: // data received generally, returned ack
      // if there is still room in the rx buffer
      if(twi_rxBufferIndex < TWI_BUFFER_SIZE){
    900a:	80 91 80 06 	lds	r24, 0x0680	; 0x800680 <twi_rxBufferIndex>
    900e:	80 32       	cpi	r24, 0x20	; 32
    9010:	08 f0       	brcs	.+2      	; 0x9014 <__vector_26+0xe8>
    9012:	79 c0       	rjmp	.+242    	; 0x9106 <__vector_26+0x1da>
/tmp/claude-1000/-home-ngranado-code-AlphaClock/a04e4601-07d0-434a-ba88-eb280e7d56e2/scratchpad/a15/packages/MightyCore/hardware/avr/3.1.0/libraries/Wire/src/utility/twi.c:626
        // put byte in buffer and ack
        twi_rxBuffer[twi_rxBufferIndex++] = TWDR;
    9014:	e0 91 80 06 	lds	r30, 0x0680	; 0x800680 <twi_rxBufferIndex>
    9018:	81 e0       	ldi	r24, 0x01	; 1
    901a:	8e 0f       	add	r24, r30
    901c:	80 93 80 06 	sts	0x0680, r24	; 0x800680 <twi_rxBufferIndex>
    9020:	80 91 bb 00 	lds	r24, 0x00BB	; 0x8000bb <__DATA_REGION_ORIGIN__+0x5b>
    9024:	f0 e0       	ldi	r31, 0x00	; 0
    9026:	e0 5a       	subi	r30, 0xA0	; 160
    9028:	f9 4f       	sbci	r31, 0xF9	; 249
    902a:	80 83       	st	Z, r24
    902c:	3d c0       	rjmp	.+122    	; 0x90a8 <__vector_26+0x17c>
/tmp/claude-1000/-home-ngranado-code-AlphaClock/a04e4601-07d0-434a-ba88-eb280e7d56e2/scratchpad/a15/packages/MightyCore/hardware/avr/3.1.0/libraries/Wire/src/utility/twi.c:535
  return(flag);
}

ISR(TWI_vect)
{
  switch(TW_STATUS){
    902e:	80 3b       	cpi	r24, 0xB0	; 176
    9030:	39 f0       	breq	.+14     	; 0x9040 <__vector_26+0x114>
    9032:	e0 f4       	brcc	.+56     	; 0x906c <__vector_26+0x140>
    9034:	80 3a       	cpi	r24, 0xA0	; 160
    9036:	09 f4       	brne	.+2      	; 0x903a <__vector_26+0x10e>
    9038:	85 c0       	rjmp	.+266    	; 0x9144 <__vector_26+0x218>
    903a:	88 3a       	cpi	r24, 0xA8	; 168
    903c:	09 f0       	breq	.+2      	; 0x9040 <__vector_26+0x114>
    903e:	9c cf       	rjmp	.-200    	; 0x8f78 <__vector_26+0x4c>
/tmp/claude-1000/-home-ngranado-code-AlphaClock/a04e4601-07d0-434a-ba88-eb280e7d56e2/scratchpad/a15/packages/MightyCore/hardware/avr/3.1.0/libraries/Wire/src/utility/twi.c:655

    // Slave Transmitter
    case TW_ST_SLA_ACK:          // addressed, returned ack
    case TW_ST_ARB_LOST_SLA_ACK: // arbitration lost, returned ack
      // enter slave transmitter mode
      twi_state = TWI_STX;
    9040:	84 e0       	ldi	r24, 0x04	; 4
    9042:	80 93 ea 08 	sts	0x08EA, r24	; 0x8008ea <twi_state>
/tmp/claude-1000/-home-ngranado-code-AlphaClock/a04e4601-07d0-434a-ba88-eb280e7d56e2/scratchpad/a15/packages/MightyCore/hardware/avr/3.1.0/libraries/Wire/src/utility/twi.c:657
      // ready the tx buffer index for iteration
      twi_txBufferIndex = 0;
    9046:	10 92 5f 06 	sts	0x065F, r1	; 0x80065f <twi_txBufferIndex>
/tmp/claude-1000/-home-ngranado-code-AlphaClock/a04e4601-07d0-434a-ba88-eb280e7d56e2/scratchpad/a15/packages/MightyCore/hardware/avr/3.1.0/libraries/Wire/src/utility/twi.c:659
      // set tx buffer length to be zero, to verify if user changes it
      twi_txBufferLength = 0;
    904a:	10 92 5e 06 	sts	0x065E, r1	; 0x80065e <twi_txBufferLength>
/tmp/claude-1000/-home-ngranado-code-AlphaClock/a04e4601-07d0-434a-ba88-eb280e7d56e2/scratchpad/a15/packages/MightyCore/hardware/avr/3.1.0/libraries/Wire/src/utility/twi.c:662
      // request for txBuffer to be filled and length to be set
      // note: user must call twi_transmit(bytes, length) to do this
      twi_onSlaveTransmit();
    904e:	e0 91 e6 08 	lds	r30, 0x08E6	; 0x8008e6 <twi_onSlaveTransmit>
    9052:	f0 91 e7 08 	lds	r31, 0x08E7	; 0x8008e7 <twi_onSlaveTransmit+0x1>
    9056:	09 95       	icall
/tmp/claude-1000/-home-ngranado-code-AlphaClock/a04e4601-07d0-434a-ba88-eb280e7d56e2/scratchpad/a15/packages/MightyCore/hardware/avr/3.1.0/libraries/Wire/src/utility/twi.c:664
      // if they didn't change buffer & length, initialize it
      if(0 == twi_txBufferLength){
    9058:	80 91 5e 06 	lds	r24, 0x065E	; 0x80065e <twi_txBufferLength>
    905c:	81 11       	cpse	r24, r1
    905e:	0f c0       	rjmp	.+30     	; 0x907e <__vector_26+0x152>
/tmp/claude-1000/-home-ngranado-code-AlphaClock/a04e4601-07d0-434a-ba88-eb280e7d56e2/scratchpad/a15/packages/MightyCore/hardware/avr/3.1.0/libraries/Wire/src/utility/twi.c:665
        twi_txBufferLength = 1;
    9060:	81 e0       	ldi	r24, 0x01	; 1
    9062:	80 93 5e 06 	sts	0x065E, r24	; 0x80065e <twi_txBufferLength>
/tmp/claude-1000/-home-ngranado-code-AlphaClock/a04e4601-07d0-434a-ba88-eb280e7d56e2/scratchpad/a15/packages/MightyCore/hardware/avr/3.1.0/libraries/Wire/src/utility/twi.c:666
        twi_txBuffer[0] = 0x00;
    9066:	10 92 3e 06 	sts	0x063E, r1	; 0x80063e <twi_txBuffer>
    906a:	09 c0       	rjmp	.+18     	; 0x907e <__vector_26+0x152>
/tmp/claude-1000/-home-ngranado-code-AlphaClock/a04e4601-07d0-434a-ba88-eb280e7d56e2/scratchpad/a15/packages/MightyCore/hardware/avr/3.1.0/libraries/Wire/src/utility/twi.c:535
  return(flag);
}

ISR(TWI_vect)
{
  switch(TW_STATUS){
    906c:	80 3c       	cpi	r24, 0xC0	; 192
    906e:	09 f4       	brne	.+2      	; 0x9072 <__vector_26+0x146>
    9070:	a6 cf       	rjmp	.-180    	; 0x8fbe <__vector_26+0x92>
    9072:	88 3c       	cpi	r24, 0xC8	; 200
    9074:	09 f4       	brne	.+2      	; 0x9078 <__vector_26+0x14c>
    9076:	a3 cf       	rjmp	.-186    	; 0x8fbe <__vector_26+0x92>
    9078:	88 3b       	cpi	r24, 0xB8	; 184
    907a:	09 f0       	breq	.+2      	; 0x907e <__vector_26+0x152>
    907c:	7d cf       	rjmp	.-262    	; 0x8f78 <__vector_26+0x4c>
/tmp/claude-1000/-home-ngranado-code-AlphaClock/a04e4601-07d0-434a-ba88-eb280e7d56e2/scratchpad/a15/packages/MightyCore/hardware/avr/3.1.0/libraries/Wire/src/utility/twi.c:672
      }
      // transmit first byte from buffer, fall
      /* fall through */
    case TW_ST_DATA_ACK: // byte sent, ack returned
      // copy data to output register
      TWDR = twi_txBuffer[twi_txBufferIndex++];
    907e:	e0 91 5f 06 	lds	r30, 0x065F	; 0x80065f <twi_txBufferIndex>
    9082:	81 e0       	ldi	r24, 0x01	; 1
    9084:	8e 0f       	add	r24, r30
    9086:	80 93 5f 06 	sts	0x065F, r24	; 0x80065f <twi_txBufferIndex>
    908a:	f0 e0       	ldi	r31, 0x00	; 0
    908c:	e2 5c       	subi	r30, 0xC2	; 194
    908e:	f9 4f       	sbci	r31, 0xF9	; 249
    9090:	80 81       	ld	r24, Z
    9092:	80 93 bb 00 	sts	0x00BB, r24	; 0x8000bb <__DATA_REGION_ORIGIN__+0x5b>
/tmp/claude-1000/-home-ngranado-code-AlphaClock/a04e4601-07d0-434a-ba88-eb280e7d56e2/scratchpad/a15/packages/MightyCore/hardware/avr/3.1.0/libraries/Wire/src/utility/twi.c:674
      // if there is more to send, ack, otherwise nack
      if(twi_txBufferIndex < twi_txBufferLength){
    9096:	90 91 5f 06 	lds	r25, 0x065F	; 0x80065f <twi_txBufferIndex>
    909a:	80 91 5e 06 	lds	r24, 0x065E	; 0x80065e <twi_txBufferLength>
    909e:	31 c0       	rjmp	.+98     	; 0x9102 <__vector_26+0x1d6>
/tmp/claude-1000/-home-ngranado-code-AlphaClock/a04e4601-07d0-434a-ba88-eb280e7d56e2/scratchpad/a15/packages/MightyCore/hardware/avr/3.1.0/libraries/Wire/src/utility/twi.c:540
  switch(TW_STATUS){
    // All Master
    case TW_START:     // sent start condition
    case TW_REP_START: // sent repeated start condition
      // copy device address and r/w bit to output register and ack
      TWDR = twi_slarw;
    90a0:	80 91 82 07 	lds	r24, 0x0782	; 0x800782 <twi_slarw>
/tmp/claude-1000/-home-ngranado-code-AlphaClock/a04e4601-07d0-434a-ba88-eb280e7d56e2/scratchpad/a15/packages/MightyCore/hardware/avr/3.1.0/libraries/Wire/src/utility/twi.c:550
    case TW_MT_SLA_ACK:  // slave receiver acked address
    case TW_MT_DATA_ACK: // slave receiver acked data
      // if there is data to send, send it, otherwise stop
      if(twi_masterBufferIndex < twi_masterBufferLength){
        // copy data to output register and ack
        TWDR = twi_masterBuffer[twi_masterBufferIndex++];
    90a4:	80 93 bb 00 	sts	0x00BB, r24	; 0x8000bb <__DATA_REGION_ORIGIN__+0x5b>
twi_reply():
/tmp/claude-1000/-home-ngranado-code-AlphaClock/a04e4601-07d0-434a-ba88-eb280e7d56e2/scratchpad/a15/packages/MightyCore/hardware/avr/3.1.0/libraries/Wire/src/utility/twi.c:421
 */
void twi_reply(uint8_t ack)
{
  // transmit master read ready signal, with or without ack
  if(ack){
    TWCR = _BV(TWEN) | _BV(TWIE) | _BV(TWINT) | _BV(TWEA);
    90a8:	85 ec       	ldi	r24, 0xC5	; 197
/tmp/claude-1000/-home-ngranado-code-AlphaClock/a04e4601-07d0-434a-ba88-eb280e7d56e2/scratchpad/a15/packages/MightyCore/hardware/avr/3.1.0/libraries/Wire/src/utility/twi.c:423
  }else{
    TWCR = _BV(TWEN) | _BV(TWIE) | _BV(TWINT);
    90aa:	80 93 bc 00 	sts	0x00BC, r24	; 0x8000bc <__DATA_REGION_ORIGIN__+0x5c>
    90ae:	64 cf       	rjmp	.-312    	; 0x8f78 <__vector_26+0x4c>
__vector_26():
/tmp/claude-1000/-home-ngranado-code-AlphaClock/a04e4601-07d0-434a-ba88-eb280e7d56e2/scratchpad/a15/packages/MightyCore/hardware/avr/3.1.0/libraries/Wire/src/utility/twi.c:548

    // Master Transmitter
    case TW_MT_SLA_ACK:  // slave receiver acked address
    case TW_MT_DATA_ACK: // slave receiver acked data
      // if there is data to send, send it, otherwise stop
      if(twi_masterBufferIndex < twi_masterBufferLength){
    90b0:	90 91 84 07 	lds	r25, 0x0784	; 0x800784 <twi_masterBufferIndex>
    90b4:	80 91 83 07 	lds	r24, 0x0783	; 0x800783 <twi_masterBufferLength>
    90b8:	98 17       	cp	r25, r24
    90ba:	b8 f5       	brcc	.+110    	; 0x912a <__vector_26+0x1fe>
/tmp/claude-1000/-home-ngranado-code-AlphaClock/a04e4601-07d0-434a-ba88-eb280e7d56e2/scratchpad/a15/packages/MightyCore/hardware/avr/3.1.0/libraries/Wire/src/utility/twi.c:550
        // copy data to output register and ack
        TWDR = twi_masterBuffer[twi_masterBufferIndex++];
    90bc:	80 91 85 07 	lds	r24, 0x0785	; 0x800785 <twi_masterBuffer>
    90c0:	90 91 86 07 	lds	r25, 0x0786	; 0x800786 <twi_masterBuffer+0x1>
    90c4:	e0 91 84 07 	lds	r30, 0x0784	; 0x800784 <twi_masterBufferIndex>
    90c8:	21 e0       	ldi	r18, 0x01	; 1
    90ca:	2e 0f       	add	r18, r30
    90cc:	20 93 84 07 	sts	0x0784, r18	; 0x800784 <twi_masterBufferIndex>
    90d0:	e8 0f       	add	r30, r24
    90d2:	f9 2f       	mov	r31, r25
    90d4:	f1 1d       	adc	r31, r1
    90d6:	80 81       	ld	r24, Z
    90d8:	e5 cf       	rjmp	.-54     	; 0x90a4 <__vector_26+0x178>
/tmp/claude-1000/-home-ngranado-code-AlphaClock/a04e4601-07d0-434a-ba88-eb280e7d56e2/scratchpad/a15/packages/MightyCore/hardware/avr/3.1.0/libraries/Wire/src/utility/twi.c:581
      break;

    // Master Receiver
    case TW_MR_DATA_ACK: // data received, ack sent
      // put byte into buffer
      twi_masterBuffer[twi_masterBufferIndex++] = TWDR;
    90da:	20 91 85 07 	lds	r18, 0x0785	; 0x800785 <twi_masterBuffer>
    90de:	30 91 86 07 	lds	r19, 0x0786	; 0x800786 <twi_masterBuffer+0x1>
    90e2:	e0 91 84 07 	lds	r30, 0x0784	; 0x800784 <twi_masterBufferIndex>
    90e6:	81 e0       	ldi	r24, 0x01	; 1
    90e8:	8e 0f       	add	r24, r30
    90ea:	80 93 84 07 	sts	0x0784, r24	; 0x800784 <twi_masterBufferIndex>
    90ee:	80 91 bb 00 	lds	r24, 0x00BB	; 0x8000bb <__DATA_REGION_ORIGIN__+0x5b>
    90f2:	e2 0f       	add	r30, r18
    90f4:	f3 2f       	mov	r31, r19
    90f6:	f1 1d       	adc	r31, r1
    90f8:	80 83       	st	Z, r24
/tmp/claude-1000/-home-ngranado-code-AlphaClock/a04e4601-07d0-434a-ba88-eb280e7d56e2/scratchpad/a15/packages/MightyCore/hardware/avr/3.1.0/libraries/Wire/src/utility/twi.c:585
      /* fall through */
    case TW_MR_SLA_ACK:  // address sent, ack received
      // ack if more bytes are expected, otherwise nack
      if(twi_masterBufferIndex < twi_masterBufferLength){
    90fa:	90 91 84 07 	lds	r25, 0x0784	; 0x800784 <twi_masterBufferIndex>
    90fe:	80 91 83 07 	lds	r24, 0x0783	; 0x800783 <twi_masterBufferLength>
/tmp/claude-1000/-home-ngranado-code-AlphaClock/a04e4601-07d0-434a-ba88-eb280e7d56e2/scratchpad/a15/packages/MightyCore/hardware/avr/3.1.0/libraries/Wire/src/utility/twi.c:674
      /* fall through */
    case TW_ST_DATA_ACK: // byte sent, ack returned
      // copy data to output register
      TWDR = twi_txBuffer[twi_txBufferIndex++];
      // if there is more to send, ack, otherwise nack
      if(twi_txBufferIndex < twi_txBufferLength){
    9102:	98 17       	cp	r25, r24
    9104:	88 f2       	brcs	.-94     	; 0x90a8 <__vector_26+0x17c>
twi_reply():
/tmp/claude-1000/-home-ngranado-code-AlphaClock/a04e4601-07d0-434a-ba88-eb280e7d56e2/scratchpad/a15/packages/MightyCore/hardware/avr/3.1.0/libraries/Wire/src/utility/twi.c:423
{
  // transmit master read ready signal, with or without ack
  if(ack){
    TWCR = _BV(TWEN) | _BV(TWIE) | _BV(TWINT) | _BV(TWEA);
  }else{
    TWCR = _BV(TWEN) | _BV(TWIE) | _BV(TWINT);
    9106:	85 e8       	ldi	r24, 0x85	; 133
    9108:	d0 cf       	rjmp	.-96     	; 0x90aa <__vector_26+0x17e>
__vector_26():
/tmp/claude-1000/-home-ngranado-code-AlphaClock/a04e4601-07d0-434a-ba88-eb280e7d56e2/scratchpad/a15/packages/MightyCore/hardware/avr/3.1.0/libraries/Wire/src/utility/twi.c:593
        twi_reply(0);
      }
      break;
    case TW_MR_DATA_NACK: // data received, nack sent
      // put final byte into buffer
      twi_masterBuffer[twi_masterBufferIndex++] = TWDR;
    910a:	20 91 85 07 	lds	r18, 0x0785	; 0x800785 <twi_masterBuffer>
    910e:	30 91 86 07 	lds	r19, 0x0786	; 0x800786 <twi_masterBuffer+0x1>
    9112:	e0 91 84 07 	lds	r30, 0x0784	; 0x800784 <twi_masterBufferIndex>
    9116:	81 e0       	ldi	r24, 0x01	; 1
    9118:	8e 0f       	add	r24, r30
    911a:	80 93 84 07 	sts	0x0784, r24	; 0x800784 <twi_masterBufferIndex>
    911e:	80 91 bb 00 	lds	r24, 0x00BB	; 0x8000bb <__DATA_REGION_ORIGIN__+0x5b>
    9122:	e2 0f       	add	r30, r18
    9124:	f3 2f       	mov	r31, r19
    9126:	f1 1d       	adc	r31, r1
    9128:	80 83       	st	Z, r24
/tmp/claude-1000/-home-ngranado-code-AlphaClock/a04e4601-07d0-434a-ba88-eb280e7d56e2/scratchpad/a15/packages/MightyCore/hardware/avr/3.1.0/libraries/Wire/src/utility/twi.c:594
  if (twi_sendStop)
    912a:	80 91 e9 08 	lds	r24, 0x08E9	; 0x8008e9 <twi_sendStop>
    912e:	81 11       	cpse	r24, r1
    9130:	50 cf       	rjmp	.-352    	; 0x8fd2 <__vector_26+0xa6>
/tmp/claude-1000/-home-ngranado-code-AlphaClock/a04e4601-07d0-434a-ba88-eb280e7d56e2/scratchpad/a15/packages/MightyCore/hardware/avr/3.1.0/libraries/Wire/src/utility/twi.c:597
          twi_stop();
  else {
    twi_inRepStart = true;  // we're going to send the START
    9132:	81 e0       	ldi	r24, 0x01	; 1
    9134:	80 93 e8 08 	sts	0x08E8, r24	; 0x8008e8 <twi_inRepStart>
/tmp/claude-1000/-home-ngranado-code-AlphaClock/a04e4601-07d0-434a-ba88-eb280e7d56e2/scratchpad/a15/packages/MightyCore/hardware/avr/3.1.0/libraries/Wire/src/utility/twi.c:601
    // don't enable the interrupt. We'll generate the start, but we
    // avoid handling the interrupt until we're in the next transaction,
    // at the point where we would normally issue the start.
    TWCR = _BV(TWINT) | _BV(TWSTA)| _BV(TWEN) ;
    9138:	84 ea       	ldi	r24, 0xA4	; 164
twi_reply():
/tmp/claude-1000/-home-ngranado-code-AlphaClock/a04e4601-07d0-434a-ba88-eb280e7d56e2/scratchpad/a15/packages/MightyCore/hardware/avr/3.1.0/libraries/Wire/src/utility/twi.c:421
 */
void twi_reply(uint8_t ack)
{
  // transmit master read ready signal, with or without ack
  if(ack){
    TWCR = _BV(TWEN) | _BV(TWIE) | _BV(TWINT) | _BV(TWEA);
    913a:	80 93 bc 00 	sts	0x00BC, r24	; 0x8000bc <__DATA_REGION_ORIGIN__+0x5c>
__vector_26():
/tmp/claude-1000/-home-ngranado-code-AlphaClock/a04e4601-07d0-434a-ba88-eb280e7d56e2/scratchpad/a15/packages/MightyCore/hardware/avr/3.1.0/libraries/Wire/src/utility/twi.c:685
    case TW_ST_DATA_NACK: // received nack, we are done
    case TW_ST_LAST_DATA: // received ack, but we are done already!
      // ack future responses
      twi_reply(1);
      // leave slave receiver state
      twi_state = TWI_READY;
    913e:	10 92 ea 08 	sts	0x08EA, r1	; 0x8008ea <twi_state>
    9142:	1a cf       	rjmp	.-460    	; 0x8f78 <__vector_26+0x4c>
twi_releaseBus():
/tmp/claude-1000/-home-ngranado-code-AlphaClock/a04e4601-07d0-434a-ba88-eb280e7d56e2/scratchpad/a15/packages/MightyCore/hardware/avr/3.1.0/libraries/Wire/src/utility/twi.c:474
 * Output   none
 */
void twi_releaseBus(void)
{
  // release bus
  TWCR = _BV(TWEN) | _BV(TWIE) | _BV(TWEA) | _BV(TWINT);
    9144:	85 ec       	ldi	r24, 0xC5	; 197
    9146:	80 93 bc 00 	sts	0x00BC, r24	; 0x8000bc <__DATA_REGION_ORIGIN__+0x5c>
/tmp/claude-1000/-home-ngranado-code-AlphaClock/a04e4601-07d0-434a-ba88-eb280e7d56e2/scratchpad/a15/packages/MightyCore/hardware/avr/3.1.0/libraries/Wire/src/utility/twi.c:477

  // update twi state
  twi_state = TWI_READY;
    914a:	10 92 ea 08 	sts	0x08EA, r1	; 0x8008ea <twi_state>
__vector_26():
/tmp/claude-1000/-home-ngranado-code-AlphaClock/a04e4601-07d0-434a-ba88-eb280e7d56e2/scratchpad/a15/packages/MightyCore/hardware/avr/3.1.0/libraries/Wire/src/utility/twi.c:637
      break;
    case TW_SR_STOP: // stop or repeated start condition received
      // ack future responses and leave slave receiver state
      twi_releaseBus();
      // put a null char after data if there's room
      if(twi_rxBufferIndex < TWI_BUFFER_SIZE){
    914e:	80 91 80 06 	lds	r24, 0x0680	; 0x800680 <twi_rxBufferIndex>
    9152:	80 32       	cpi	r24, 0x20	; 32
    9154:	30 f4       	brcc	.+12     	; 0x9162 <__vector_26+0x236>
/tmp/claude-1000/-home-ngranado-code-AlphaClock/a04e4601-07d0-434a-ba88-eb280e7d56e2/scratchpad/a15/packages/MightyCore/hardware/avr/3.1.0/libraries/Wire/src/utility/twi.c:638
        twi_rxBuffer[twi_rxBufferIndex] = '\0';
    9156:	e0 91 80 06 	lds	r30, 0x0680	; 0x800680 <twi_rxBufferIndex>
    915a:	f0 e0       	ldi	r31, 0x00	; 0
    915c:	e0 5a       	subi	r30, 0xA0	; 160
    915e:	f9 4f       	sbci	r31, 0xF9	; 249
    9160:	10 82       	st	Z, r1
/tmp/claude-1000/-home-ngranado-code-AlphaClock/a04e4601-07d0-434a-ba88-eb280e7d56e2/scratchpad/a15/packages/MightyCore/hardware/avr/3.1.0/libraries/Wire/src/utility/twi.c:641
      }
      // callback to user defined callback
      twi_onSlaveReceive(twi_rxBuffer, twi_rxBufferIndex);
    9162:	60 91 80 06 	lds	r22, 0x0680	; 0x800680 <twi_rxBufferIndex>
    9166:	70 e0       	ldi	r23, 0x00	; 0
    9168:	e0 91 e4 08 	lds	r30, 0x08E4	; 0x8008e4 <twi_onSlaveReceive>
    916c:	f0 91 e5 08 	lds	r31, 0x08E5	; 0x8008e5 <twi_onSlaveReceive+0x1>
    9170:	80 e6       	ldi	r24, 0x60	; 96
    9172:	96 e0       	ldi	r25, 0x06	; 6
    9174:	09 95       	icall
/tmp/claude-1000/-home-ngranado-code-AlphaClock/a04e4601-07d0-434a-ba88-eb280e7d56e2/scratchpad/a15/packages/MightyCore/hardware/avr/3.1.0/libraries/Wire/src/utility/twi.c:643
      // since we submit rx buffer to "wire" library, we can reset it
      twi_rxBufferIndex = 0;
    9176:	10 92 80 06 	sts	0x0680, r1	; 0x800680 <twi_rxBufferIndex>
    917a:	fe ce       	rjmp	.-516    	; 0x8f78 <__vector_26+0x4c>
/tmp/claude-1000/-home-ngranado-code-AlphaClock/a04e4601-07d0-434a-ba88-eb280e7d56e2/scratchpad/a15/packages/MightyCore/hardware/avr/3.1.0/libraries/Wire/src/utility/twi.c:692

    // All
    case TW_NO_INFO:   // no state information
      break;
    case TW_BUS_ERROR: // bus error, illegal stop/start
      twi_error = TW_BUS_ERROR;
    917c:	10 92 87 07 	sts	0x0787, r1	; 0x800787 <twi_error>
    9180:	28 cf       	rjmp	.-432    	; 0x8fd2 <__vector_26+0xa6>

00009182 <__vector_11>:
__vector_11():
/home/ngranado/code/AlphaClock/alphafive/alphafive.cpp:920
    
}


ISR(TIMER2_OVF_vect)
{
    9182:	1f 92       	push	r1
    9184:	0f 92       	push	r0
    9186:	0f b6       	in	r0, 0x3f	; 63
    9188:	0f 92       	push	r0
    918a:	11 24       	eor	r1, r1
    918c:	2f 93       	push	r18
    918e:	3f 93       	push	r19
    9190:	4f 93       	push	r20
    9192:	8f 93       	push	r24
    9194:	9f 93       	push	r25
    9196:	ef 93       	push	r30
    9198:	ff 93       	push	r31
/home/ngranado/code/AlphaClock/alphafive/alphafive.cpp:948
     This routine has had some degree of optimization; it uses local copies of
     global variables and indirect array addressing to speed execution.
     Sacrifices have been made for performance at the expense of readability.
     */
    
    byte segment = a5_litChar * 18;
    919a:	e0 91 3d 06 	lds	r30, 0x063D	; 0x80063d <a5_litChar>
    919e:	82 e1       	ldi	r24, 0x12	; 18
    91a0:	e8 9f       	mul	r30, r24
    91a2:	e0 2d       	mov	r30, r0
    91a4:	11 24       	eor	r1, r1
/home/ngranado/code/AlphaClock/alphafive/alphafive.cpp:949
    byte *pointer = &a5_vidBuf[segment];
    91a6:	f0 e0       	ldi	r31, 0x00	; 0
    91a8:	e7 57       	subi	r30, 0x77	; 119
    91aa:	f9 4f       	sbci	r31, 0xF9	; 249
/home/ngranado/code/AlphaClock/alphafive/alphafive.cpp:951
    
    byte Intensity = a5_intensityStep;  // Using a local variable actually saves a *huge* amount of time.
    91ac:	80 91 e3 06 	lds	r24, 0x06E3	; 0x8006e3 <a5_intensityStep>
/home/ngranado/code/AlphaClock/alphafive/alphafive.cpp:956
    
    byte bufferTemp = 0;
    byte bufferTemp2 = 0;
    byte bufferTemp3 = 0;
    byte PAbackup = PORTA | 95;
    91b0:	92 b1       	in	r25, 0x02	; 2
/home/ngranado/code/AlphaClock/alphafive/alphafive.cpp:958
    
    PAbackup &= ~(1 << a5_litChar); // All pins allowed high except row driver.
    91b2:	40 91 3d 06 	lds	r20, 0x063D	; 0x80063d <a5_litChar>
    91b6:	21 e0       	ldi	r18, 0x01	; 1
    91b8:	30 e0       	ldi	r19, 0x00	; 0
    91ba:	02 c0       	rjmp	.+4      	; 0x91c0 <__vector_11+0x3e>
    91bc:	22 0f       	add	r18, r18
    91be:	33 1f       	adc	r19, r19
    91c0:	4a 95       	dec	r20
    91c2:	e2 f7       	brpl	.-8      	; 0x91bc <__vector_11+0x3a>
    91c4:	20 95       	com	r18
    91c6:	30 95       	com	r19
/home/ngranado/code/AlphaClock/alphafive/alphafive.cpp:956
    byte Intensity = a5_intensityStep;  // Using a local variable actually saves a *huge* amount of time.
    
    byte bufferTemp = 0;
    byte bufferTemp2 = 0;
    byte bufferTemp3 = 0;
    byte PAbackup = PORTA | 95;
    91c8:	9f 65       	ori	r25, 0x5F	; 95
/home/ngranado/code/AlphaClock/alphafive/alphafive.cpp:958
    
    PAbackup &= ~(1 << a5_litChar); // All pins allowed high except row driver.
    91ca:	29 23       	and	r18, r25
/home/ngranado/code/AlphaClock/alphafive/alphafive.cpp:960
    
    PORTA |= 95;   // Turn off LED driver and row (if previously in bright mode)
    91cc:	92 b1       	in	r25, 0x02	; 2
    91ce:	9f 65       	ori	r25, 0x5F	; 95
    91d0:	92 b9       	out	0x02, r25	; 2
/home/ngranado/code/AlphaClock/alphafive/alphafive.cpp:962
    
    if ( *pointer++ >= Intensity )
    91d2:	91 e0       	ldi	r25, 0x01	; 1
    91d4:	30 81       	ld	r19, Z
    91d6:	38 17       	cp	r19, r24
    91d8:	08 f4       	brcc	.+2      	; 0x91dc <__vector_11+0x5a>
    91da:	90 e0       	ldi	r25, 0x00	; 0
/home/ngranado/code/AlphaClock/alphafive/alphafive.cpp:964
        bufferTemp  = 1;
    if ( *pointer++ >= Intensity )
    91dc:	31 81       	ldd	r19, Z+1	; 0x01
    91de:	38 17       	cp	r19, r24
    91e0:	08 f0       	brcs	.+2      	; 0x91e4 <__vector_11+0x62>
/home/ngranado/code/AlphaClock/alphafive/alphafive.cpp:965
        bufferTemp |= 2;
    91e2:	92 60       	ori	r25, 0x02	; 2
/home/ngranado/code/AlphaClock/alphafive/alphafive.cpp:966
    if ( *pointer++ >= Intensity )
    91e4:	32 81       	ldd	r19, Z+2	; 0x02
    91e6:	38 17       	cp	r19, r24
    91e8:	08 f0       	brcs	.+2      	; 0x91ec <__vector_11+0x6a>
/home/ngranado/code/AlphaClock/alphafive/alphafive.cpp:967
        bufferTemp |= 4;
    91ea:	94 60       	ori	r25, 0x04	; 4
/home/ngranado/code/AlphaClock/alphafive/alphafive.cpp:968
    if ( *pointer++ >= Intensity )
    91ec:	33 81       	ldd	r19, Z+3	; 0x03
    91ee:	38 17       	cp	r19, r24
    91f0:	08 f0       	brcs	.+2      	; 0x91f4 <__vector_11+0x72>
/home/ngranado/code/AlphaClock/alphafive/alphafive.cpp:969
        bufferTemp |= 8;
    91f2:	98 60       	ori	r25, 0x08	; 8
/home/ngranado/code/AlphaClock/alphafive/alphafive.cpp:970
    if ( *pointer++ >= Intensity )
    91f4:	34 81       	ldd	r19, Z+4	; 0x04
    91f6:	38 17       	cp	r19, r24
    91f8:	08 f0       	brcs	.+2      	; 0x91fc <__vector_11+0x7a>
/home/ngranado/code/AlphaClock/alphafive/alphafive.cpp:971
        bufferTemp |= 16;
    91fa:	90 61       	ori	r25, 0x10	; 16
/home/ngranado/code/AlphaClock/alphafive/alphafive.cpp:972
    if ( *pointer++ >= Intensity )
    91fc:	35 81       	ldd	r19, Z+5	; 0x05
    91fe:	38 17       	cp	r19, r24
    9200:	08 f0       	brcs	.+2      	; 0x9204 <__vector_11+0x82>
/home/ngranado/code/AlphaClock/alphafive/alphafive.cpp:973
        bufferTemp |= 32;
    9202:	90 62       	ori	r25, 0x20	; 32
/home/ngranado/code/AlphaClock/alphafive/alphafive.cpp:974
    if ( *pointer++ >= Intensity )
    9204:	36 81       	ldd	r19, Z+6	; 0x06
    9206:	38 17       	cp	r19, r24
    9208:	08 f0       	brcs	.+2      	; 0x920c <__vector_11+0x8a>
/home/ngranado/code/AlphaClock/alphafive/alphafive.cpp:975
        bufferTemp |= 64;
    920a:	90 64       	ori	r25, 0x40	; 64
/home/ngranado/code/AlphaClock/alphafive/alphafive.cpp:976
    if ( *pointer++ >= Intensity )
    920c:	37 81       	ldd	r19, Z+7	; 0x07
    920e:	38 17       	cp	r19, r24
    9210:	08 f0       	brcs	.+2      	; 0x9214 <__vector_11+0x92>
/home/ngranado/code/AlphaClock/alphafive/alphafive.cpp:977
        bufferTemp |= 128;
    9212:	90 68       	ori	r25, 0x80	; 128
/home/ngranado/code/AlphaClock/alphafive/alphafive.cpp:980
    
    
    SPDR = bufferTemp;    // Initiate SPI transmission of 1st byte
    9214:	9e bd       	out	0x2e, r25	; 46
/home/ngranado/code/AlphaClock/alphafive/alphafive.cpp:982
    
    if ( *pointer++ >= Intensity )
    9216:	31 e0       	ldi	r19, 0x01	; 1
    9218:	90 85       	ldd	r25, Z+8	; 0x08
    921a:	98 17       	cp	r25, r24
    921c:	08 f4       	brcc	.+2      	; 0x9220 <__vector_11+0x9e>
    921e:	30 e0       	ldi	r19, 0x00	; 0
/home/ngranado/code/AlphaClock/alphafive/alphafive.cpp:984
        bufferTemp2  = 1;
    if ( *pointer++ >= Intensity )
    9220:	91 85       	ldd	r25, Z+9	; 0x09
    9222:	98 17       	cp	r25, r24
    9224:	08 f0       	brcs	.+2      	; 0x9228 <__vector_11+0xa6>
/home/ngranado/code/AlphaClock/alphafive/alphafive.cpp:985
        bufferTemp2 |= 2;
    9226:	32 60       	ori	r19, 0x02	; 2
/home/ngranado/code/AlphaClock/alphafive/alphafive.cpp:987
    
    if ( *pointer++ >= Intensity )
    9228:	91 e0       	ldi	r25, 0x01	; 1
    922a:	42 85       	ldd	r20, Z+10	; 0x0a
    922c:	48 17       	cp	r20, r24
    922e:	08 f4       	brcc	.+2      	; 0x9232 <__vector_11+0xb0>
    9230:	90 e0       	ldi	r25, 0x00	; 0
/home/ngranado/code/AlphaClock/alphafive/alphafive.cpp:989
        bufferTemp3  = 1;
    if ( *pointer++ >= Intensity )
    9232:	43 85       	ldd	r20, Z+11	; 0x0b
    9234:	48 17       	cp	r20, r24
    9236:	08 f0       	brcs	.+2      	; 0x923a <__vector_11+0xb8>
/home/ngranado/code/AlphaClock/alphafive/alphafive.cpp:990
        bufferTemp3 |= 2;
    9238:	92 60       	ori	r25, 0x02	; 2
/home/ngranado/code/AlphaClock/alphafive/alphafive.cpp:991
    if ( *pointer++ >= Intensity )
    923a:	44 85       	ldd	r20, Z+12	; 0x0c
    923c:	48 17       	cp	r20, r24
    923e:	08 f0       	brcs	.+2      	; 0x9242 <__vector_11+0xc0>
/home/ngranado/code/AlphaClock/alphafive/alphafive.cpp:992
        bufferTemp3 |= 4;
    9240:	94 60       	ori	r25, 0x04	; 4
/home/ngranado/code/AlphaClock/alphafive/alphafive.cpp:996
    
    
    
    SPDR = bufferTemp2;    // Initiate SPI transmission of 2nd byte
    9242:	3e bd       	out	0x2e, r19	; 46
/home/ngranado/code/AlphaClock/alphafive/alphafive.cpp:998
    
    if ( *pointer++ >= Intensity )
    9244:	35 85       	ldd	r19, Z+13	; 0x0d
    9246:	38 17       	cp	r19, r24
    9248:	08 f0       	brcs	.+2      	; 0x924c <__vector_11+0xca>
/home/ngranado/code/AlphaClock/alphafive/alphafive.cpp:999
        bufferTemp3 |= 8;
    924a:	98 60       	ori	r25, 0x08	; 8
/home/ngranado/code/AlphaClock/alphafive/alphafive.cpp:1000
    if ( *pointer++ >= Intensity )
    924c:	36 85       	ldd	r19, Z+14	; 0x0e
    924e:	38 17       	cp	r19, r24
    9250:	08 f0       	brcs	.+2      	; 0x9254 <__vector_11+0xd2>
/home/ngranado/code/AlphaClock/alphafive/alphafive.cpp:1001
        bufferTemp3 |= 16;
    9252:	90 61       	ori	r25, 0x10	; 16
/home/ngranado/code/AlphaClock/alphafive/alphafive.cpp:1002
    if ( *pointer++ >= Intensity )
    9254:	37 85       	ldd	r19, Z+15	; 0x0f
    9256:	38 17       	cp	r19, r24
    9258:	08 f0       	brcs	.+2      	; 0x925c <__vector_11+0xda>
/home/ngranado/code/AlphaClock/alphafive/alphafive.cpp:1003
        bufferTemp3 |= 32;
    925a:	90 62       	ori	r25, 0x20	; 32
/home/ngranado/code/AlphaClock/alphafive/alphafive.cpp:1004
    if ( *pointer++ >= Intensity )
    925c:	30 89       	ldd	r19, Z+16	; 0x10
    925e:	38 17       	cp	r19, r24
    9260:	08 f0       	brcs	.+2      	; 0x9264 <__vector_11+0xe2>
/home/ngranado/code/AlphaClock/alphafive/alphafive.cpp:1005
        bufferTemp3 |= 64;
    9262:	90 64       	ori	r25, 0x40	; 64
/home/ngranado/code/AlphaClock/alphafive/alphafive.cpp:1006
    if ( *pointer++ >= Intensity )
    9264:	31 89       	ldd	r19, Z+17	; 0x11
    9266:	38 17       	cp	r19, r24
    9268:	08 f0       	brcs	.+2      	; 0x926c <__vector_11+0xea>
/home/ngranado/code/AlphaClock/alphafive/alphafive.cpp:1007
        bufferTemp3 |= 128;
    926a:	90 68       	ori	r25, 0x80	; 128
/home/ngranado/code/AlphaClock/alphafive/alphafive.cpp:1011
    
    
    
    bufferTemp = SPSR;  // CLEAR SPIF FLAG
    926c:	3d b5       	in	r19, 0x2d	; 45
/home/ngranado/code/AlphaClock/alphafive/alphafive.cpp:1012
    SPDR = bufferTemp3;    // Initiate SPI transmission of 3rd byte
    926e:	9e bd       	out	0x2e, r25	; 46
/home/ngranado/code/AlphaClock/alphafive/alphafive.cpp:1013
    PAbackup &= 191;  // Prepare to enable LED driver (PA6 goes low).
    9270:	92 2f       	mov	r25, r18
    9272:	9f 7b       	andi	r25, 0xBF	; 191
/home/ngranado/code/AlphaClock/alphafive/alphafive.cpp:1017
    
    //  Iterate across intensity steps on the "inner" loop, and across characters more slowly.
    
    if (a5_brightMode == 0)
    9274:	20 91 52 07 	lds	r18, 0x0752	; 0x800752 <a5_brightMode>
    9278:	21 11       	cpse	r18, r1
    927a:	2e c0       	rjmp	.+92     	; 0x92d8 <__vector_11+0x156>
/home/ngranado/code/AlphaClock/alphafive/alphafive.cpp:1019
    {
        a5_intensityStep++;
    927c:	20 91 e3 06 	lds	r18, 0x06E3	; 0x8006e3 <a5_intensityStep>
    9280:	2f 5f       	subi	r18, 0xFF	; 255
    9282:	20 93 e3 06 	sts	0x06E3, r18	; 0x8006e3 <a5_intensityStep>
/home/ngranado/code/AlphaClock/alphafive/alphafive.cpp:1020
        if (Intensity > 56)  // Extra-dim mode
    9286:	89 33       	cpi	r24, 0x39	; 57
    9288:	70 f0       	brcs	.+28     	; 0x92a6 <__vector_11+0x124>
/home/ngranado/code/AlphaClock/alphafive/alphafive.cpp:1022
        {
            a5_intensityStep = 1;
    928a:	81 e0       	ldi	r24, 0x01	; 1
    928c:	80 93 e3 06 	sts	0x06E3, r24	; 0x8006e3 <a5_intensityStep>
/home/ngranado/code/AlphaClock/alphafive/alphafive.cpp:1023
            a5_litChar++;
    9290:	80 91 3d 06 	lds	r24, 0x063D	; 0x80063d <a5_litChar>
    9294:	8f 5f       	subi	r24, 0xFF	; 255
    9296:	80 93 3d 06 	sts	0x063D, r24	; 0x80063d <a5_litChar>
/home/ngranado/code/AlphaClock/alphafive/alphafive.cpp:1025
            
            if (a5_litChar > 4)
    929a:	80 91 3d 06 	lds	r24, 0x063D	; 0x80063d <a5_litChar>
    929e:	85 30       	cpi	r24, 0x05	; 5
    92a0:	10 f0       	brcs	.+4      	; 0x92a6 <__vector_11+0x124>
/home/ngranado/code/AlphaClock/alphafive/alphafive.cpp:1026
                a5_litChar = 0;
    92a2:	10 92 3d 06 	sts	0x063D, r1	; 0x80063d <a5_litChar>
/home/ngranado/code/AlphaClock/alphafive/alphafive.cpp:1029
        }
        
        loop_until_bit_is_set(SPSR, SPIF) ;  //Wait for transmission of 3rd byte to complete
    92a6:	0d b4       	in	r0, 0x2d	; 45
    92a8:	07 fe       	sbrs	r0, 7
    92aa:	fd cf       	rjmp	.-6      	; 0x92a6 <__vector_11+0x124>
/home/ngranado/code/AlphaClock/alphafive/alphafive.cpp:1057
                a5_litChar = 0;
        }
        
        loop_until_bit_is_set(SPSR, SPIF) ;  //Wait for transmission of 3rd byte to complete
        
        PORTC |= 4;       // Latch shift registers
    92ac:	42 9a       	sbi	0x08, 2	; 8
/home/ngranado/code/AlphaClock/alphafive/alphafive.cpp:1058
        PORTC &= 251;     //  End latch
    92ae:	42 98       	cbi	0x08, 2	; 8
/home/ngranado/code/AlphaClock/alphafive/alphafive.cpp:1060
        
        PORTA = PAbackup; //  Enable LED row (character)
    92b0:	92 b9       	out	0x02, r25	; 2
	...
/home/ngranado/code/AlphaClock/alphafive/alphafive.cpp:1066
        
        asm("nop;");
        asm("nop;");
        asm("nop;");
        asm("nop;");
        PORTA |= 95; // Turn off LED driver and row
    92ba:	82 b1       	in	r24, 0x02	; 2
    92bc:	8f 65       	ori	r24, 0x5F	; 95
    92be:	82 b9       	out	0x02, r24	; 2
/home/ngranado/code/AlphaClock/alphafive/alphafive.cpp:1092
    }
    
    
    
    
}
    92c0:	ff 91       	pop	r31
    92c2:	ef 91       	pop	r30
    92c4:	9f 91       	pop	r25
    92c6:	8f 91       	pop	r24
    92c8:	4f 91       	pop	r20
    92ca:	3f 91       	pop	r19
    92cc:	2f 91       	pop	r18
    92ce:	0f 90       	pop	r0
    92d0:	0f be       	out	0x3f, r0	; 63
    92d2:	0f 90       	pop	r0
    92d4:	1f 90       	pop	r1
    92d6:	18 95       	reti
/home/ngranado/code/AlphaClock/alphafive/alphafive.cpp:1042
        asm("nop;");
        asm("nop;");
        asm("nop;");
        PORTA |= 95; // Turn off LED driver and row
    }
    else if (a5_brightMode == 1)
    92d8:	21 30       	cpi	r18, 0x01	; 1
    92da:	c1 f4       	brne	.+48     	; 0x930c <__vector_11+0x18a>
/home/ngranado/code/AlphaClock/alphafive/alphafive.cpp:1045
        
    {
        a5_intensityStep++;
    92dc:	30 91 e3 06 	lds	r19, 0x06E3	; 0x8006e3 <a5_intensityStep>
    92e0:	3f 5f       	subi	r19, 0xFF	; 255
    92e2:	30 93 e3 06 	sts	0x06E3, r19	; 0x8006e3 <a5_intensityStep>
/home/ngranado/code/AlphaClock/alphafive/alphafive.cpp:1046
        if (Intensity > 14)
    92e6:	8f 30       	cpi	r24, 0x0F	; 15
    92e8:	68 f0       	brcs	.+26     	; 0x9304 <__vector_11+0x182>
/home/ngranado/code/AlphaClock/alphafive/alphafive.cpp:1048
        {
            a5_intensityStep = 1;
    92ea:	20 93 e3 06 	sts	0x06E3, r18	; 0x8006e3 <a5_intensityStep>
/home/ngranado/code/AlphaClock/alphafive/alphafive.cpp:1049
            a5_litChar++;
    92ee:	80 91 3d 06 	lds	r24, 0x063D	; 0x80063d <a5_litChar>
    92f2:	8f 5f       	subi	r24, 0xFF	; 255
    92f4:	80 93 3d 06 	sts	0x063D, r24	; 0x80063d <a5_litChar>
/home/ngranado/code/AlphaClock/alphafive/alphafive.cpp:1051
            
            if (a5_litChar > 4)
    92f8:	80 91 3d 06 	lds	r24, 0x063D	; 0x80063d <a5_litChar>
    92fc:	85 30       	cpi	r24, 0x05	; 5
    92fe:	10 f0       	brcs	.+4      	; 0x9304 <__vector_11+0x182>
/home/ngranado/code/AlphaClock/alphafive/alphafive.cpp:1052
                a5_litChar = 0;
    9300:	10 92 3d 06 	sts	0x063D, r1	; 0x80063d <a5_litChar>
/home/ngranado/code/AlphaClock/alphafive/alphafive.cpp:1055
        }
        
        loop_until_bit_is_set(SPSR, SPIF) ;  //Wait for transmission of 3rd byte to complete
    9304:	0d b4       	in	r0, 0x2d	; 45
    9306:	07 fe       	sbrs	r0, 7
    9308:	fd cf       	rjmp	.-6      	; 0x9304 <__vector_11+0x182>
    930a:	d0 cf       	rjmp	.-96     	; 0x92ac <__vector_11+0x12a>
/home/ngranado/code/AlphaClock/alphafive/alphafive.cpp:1070
        asm("nop;");
        PORTA |= 95; // Turn off LED driver and row
    }
    else
    {
        a5_intensityStep++;
    930c:	20 91 e3 06 	lds	r18, 0x06E3	; 0x8006e3 <a5_intensityStep>
    9310:	2f 5f       	subi	r18, 0xFF	; 255
    9312:	20 93 e3 06 	sts	0x06E3, r18	; 0x8006e3 <a5_intensityStep>
/home/ngranado/code/AlphaClock/alphafive/alphafive.cpp:1071
        if (Intensity > 14) //14
    9316:	8f 30       	cpi	r24, 0x0F	; 15
    9318:	70 f0       	brcs	.+28     	; 0x9336 <__vector_11+0x1b4>
/home/ngranado/code/AlphaClock/alphafive/alphafive.cpp:1073
        {
            a5_intensityStep = 1;
    931a:	81 e0       	ldi	r24, 0x01	; 1
    931c:	80 93 e3 06 	sts	0x06E3, r24	; 0x8006e3 <a5_intensityStep>
/home/ngranado/code/AlphaClock/alphafive/alphafive.cpp:1074
            a5_litChar++;
    9320:	80 91 3d 06 	lds	r24, 0x063D	; 0x80063d <a5_litChar>
    9324:	8f 5f       	subi	r24, 0xFF	; 255
    9326:	80 93 3d 06 	sts	0x063D, r24	; 0x80063d <a5_litChar>
/home/ngranado/code/AlphaClock/alphafive/alphafive.cpp:1076
            
            if (a5_litChar > 4)
    932a:	80 91 3d 06 	lds	r24, 0x063D	; 0x80063d <a5_litChar>
    932e:	85 30       	cpi	r24, 0x05	; 5
    9330:	10 f0       	brcs	.+4      	; 0x9336 <__vector_11+0x1b4>
/home/ngranado/code/AlphaClock/alphafive/alphafive.cpp:1077
                a5_litChar = 0;
    9332:	10 92 3d 06 	sts	0x063D, r1	; 0x80063d <a5_litChar>
/home/ngranado/code/AlphaClock/alphafive/alphafive.cpp:1080
        }
        
        loop_until_bit_is_set(SPSR, SPIF) ;  //Wait for transmission of 3rd byte to complete
    9336:	0d b4       	in	r0, 0x2d	; 45
    9338:	07 fe       	sbrs	r0, 7
    933a:	fd cf       	rjmp	.-6      	; 0x9336 <__vector_11+0x1b4>
/home/ngranado/code/AlphaClock/alphafive/alphafive.cpp:1082
        
        PORTC |= 4;       // Latch shift registers
    933c:	42 9a       	sbi	0x08, 2	; 8
/home/ngranado/code/AlphaClock/alphafive/alphafive.cpp:1083
        PORTC &= 251;     //  End latch
    933e:	42 98       	cbi	0x08, 2	; 8
/home/ngranado/code/AlphaClock/alphafive/alphafive.cpp:1085
        
        PORTA = PAbackup; //  Enable LED row (character)
    9340:	92 b9       	out	0x02, r25	; 2
    9342:	be cf       	rjmp	.-132    	; 0x92c0 <__vector_11+0x13e>

00009344 <__vector_13>:
__vector_13():
/home/ngranado/code/AlphaClock/alphafive/alphafive.cpp:844
    bitWrite(TIMSK1, OCIE1A, 0);  // Disable timer interrupt
}


ISR(TIMER1_COMPA_vect)
{
    9344:	1f 92       	push	r1
    9346:	0f 92       	push	r0
    9348:	0f b6       	in	r0, 0x3f	; 63
    934a:	0f 92       	push	r0
    934c:	11 24       	eor	r1, r1
    934e:	8f 93       	push	r24
    9350:	9f 93       	push	r25
    9352:	af 93       	push	r26
    9354:	bf 93       	push	r27
/home/ngranado/code/AlphaClock/alphafive/alphafive.cpp:845
    if (a5_timer1_toggle_count != 0)
    9356:	80 91 39 06 	lds	r24, 0x0639	; 0x800639 <a5_timer1_toggle_count>
    935a:	90 91 3a 06 	lds	r25, 0x063A	; 0x80063a <a5_timer1_toggle_count+0x1>
    935e:	a0 91 3b 06 	lds	r26, 0x063B	; 0x80063b <a5_timer1_toggle_count+0x2>
    9362:	b0 91 3c 06 	lds	r27, 0x063C	; 0x80063c <a5_timer1_toggle_count+0x3>
    9366:	89 2b       	or	r24, r25
    9368:	8a 2b       	or	r24, r26
    936a:	8b 2b       	or	r24, r27
    936c:	49 f1       	breq	.+82     	; 0x93c0 <__vector_13+0x7c>
/home/ngranado/code/AlphaClock/alphafive/alphafive.cpp:847
    { 
        if (a5_timer1_toggle_count > 0)
    936e:	80 91 39 06 	lds	r24, 0x0639	; 0x800639 <a5_timer1_toggle_count>
    9372:	90 91 3a 06 	lds	r25, 0x063A	; 0x80063a <a5_timer1_toggle_count+0x1>
    9376:	a0 91 3b 06 	lds	r26, 0x063B	; 0x80063b <a5_timer1_toggle_count+0x2>
    937a:	b0 91 3c 06 	lds	r27, 0x063C	; 0x80063c <a5_timer1_toggle_count+0x3>
    937e:	18 16       	cp	r1, r24
    9380:	19 06       	cpc	r1, r25
    9382:	1a 06       	cpc	r1, r26
    9384:	1b 06       	cpc	r1, r27
    9386:	9c f4       	brge	.+38     	; 0x93ae <__vector_13+0x6a>
/home/ngranado/code/AlphaClock/alphafive/alphafive.cpp:848
            a5_timer1_toggle_count--;
    9388:	80 91 39 06 	lds	r24, 0x0639	; 0x800639 <a5_timer1_toggle_count>
    938c:	90 91 3a 06 	lds	r25, 0x063A	; 0x80063a <a5_timer1_toggle_count+0x1>
    9390:	a0 91 3b 06 	lds	r26, 0x063B	; 0x80063b <a5_timer1_toggle_count+0x2>
    9394:	b0 91 3c 06 	lds	r27, 0x063C	; 0x80063c <a5_timer1_toggle_count+0x3>
    9398:	01 97       	sbiw	r24, 0x01	; 1
    939a:	a1 09       	sbc	r26, r1
    939c:	b1 09       	sbc	r27, r1
    939e:	80 93 39 06 	sts	0x0639, r24	; 0x800639 <a5_timer1_toggle_count>
    93a2:	90 93 3a 06 	sts	0x063A, r25	; 0x80063a <a5_timer1_toggle_count+0x1>
    93a6:	a0 93 3b 06 	sts	0x063B, r26	; 0x80063b <a5_timer1_toggle_count+0x2>
    93aa:	b0 93 3c 06 	sts	0x063C, r27	; 0x80063c <a5_timer1_toggle_count+0x3>
/home/ngranado/code/AlphaClock/alphafive/alphafive.cpp:856
    { 
        PORTD |= 32; // Set the speaker's I/O pin high
        TCCR1A = 0;  // Disconnect timer from the I/O pin
        bitWrite(TIMSK1, OCIE1A, 0);  // Disable timer interrupt
    }
}
    93ae:	bf 91       	pop	r27
    93b0:	af 91       	pop	r26
    93b2:	9f 91       	pop	r25
    93b4:	8f 91       	pop	r24
    93b6:	0f 90       	pop	r0
    93b8:	0f be       	out	0x3f, r0	; 63
    93ba:	0f 90       	pop	r0
    93bc:	1f 90       	pop	r1
    93be:	18 95       	reti
/home/ngranado/code/AlphaClock/alphafive/alphafive.cpp:852
        if (a5_timer1_toggle_count > 0)
            a5_timer1_toggle_count--;
    }
    else
    { 
        PORTD |= 32; // Set the speaker's I/O pin high
    93c0:	5d 9a       	sbi	0x0b, 5	; 11
/home/ngranado/code/AlphaClock/alphafive/alphafive.cpp:853
        TCCR1A = 0;  // Disconnect timer from the I/O pin
    93c2:	10 92 80 00 	sts	0x0080, r1	; 0x800080 <__DATA_REGION_ORIGIN__+0x20>
/home/ngranado/code/AlphaClock/alphafive/alphafive.cpp:854
        bitWrite(TIMSK1, OCIE1A, 0);  // Disable timer interrupt
    93c6:	80 91 6f 00 	lds	r24, 0x006F	; 0x80006f <__DATA_REGION_ORIGIN__+0xf>
    93ca:	8d 7f       	andi	r24, 0xFD	; 253
    93cc:	80 93 6f 00 	sts	0x006F, r24	; 0x80006f <__DATA_REGION_ORIGIN__+0xf>
    93d0:	ee cf       	rjmp	.-36     	; 0x93ae <__vector_13+0x6a>

000093d2 <digitalWrite.constprop.3>:
digitalWrite():
/tmp/claude-1000/-home-ngranado-code-AlphaClock/a04e4601-07d0-434a-ba88-eb280e7d56e2/scratchpad/a15/packages/MightyCore/hardware/avr/3.1.0/cores/MCUdude_corefiles/wiring_digital.c:189
  }
}

void digitalWrite(uint8_t pin, uint8_t val)
{
  uint8_t timer = digitalPinToTimer(pin);
    93d2:	90 e0       	ldi	r25, 0x00	; 0
    93d4:	fc 01       	movw	r30, r24
    93d6:	ed 55       	subi	r30, 0x5D	; 93
    93d8:	f8 49       	sbci	r31, 0x98	; 152
    93da:	24 91       	lpm	r18, Z
/tmp/claude-1000/-home-ngranado-code-AlphaClock/a04e4601-07d0-434a-ba88-eb280e7d56e2/scratchpad/a15/packages/MightyCore/hardware/avr/3.1.0/cores/MCUdude_corefiles/wiring_digital.c:190
  uint8_t bit = digitalPinToBitMask(pin);
    93dc:	fc 01       	movw	r30, r24
    93de:	ed 57       	subi	r30, 0x7D	; 125
    93e0:	f8 49       	sbci	r31, 0x98	; 152
    93e2:	34 91       	lpm	r19, Z
/tmp/claude-1000/-home-ngranado-code-AlphaClock/a04e4601-07d0-434a-ba88-eb280e7d56e2/scratchpad/a15/packages/MightyCore/hardware/avr/3.1.0/cores/MCUdude_corefiles/wiring_digital.c:191
  uint8_t port = digitalPinToPort(pin);
    93e4:	fc 01       	movw	r30, r24
    93e6:	ed 59       	subi	r30, 0x9D	; 157
    93e8:	f8 49       	sbci	r31, 0x98	; 152
    93ea:	e4 91       	lpm	r30, Z
/tmp/claude-1000/-home-ngranado-code-AlphaClock/a04e4601-07d0-434a-ba88-eb280e7d56e2/scratchpad/a15/packages/MightyCore/hardware/avr/3.1.0/cores/MCUdude_corefiles/wiring_digital.c:194
  volatile uint8_t *out;

  if (port == NOT_A_PIN) return;
    93ec:	ee 23       	and	r30, r30
    93ee:	b1 f0       	breq	.+44     	; 0x941c <digitalWrite.constprop.3+0x4a>
/tmp/claude-1000/-home-ngranado-code-AlphaClock/a04e4601-07d0-434a-ba88-eb280e7d56e2/scratchpad/a15/packages/MightyCore/hardware/avr/3.1.0/cores/MCUdude_corefiles/wiring_digital.c:198

  // If the pin that support PWM output, we need to turn it off
  // before doing a digital write.
  if (timer != NOT_ON_TIMER) turnOffPWM(timer);
    93f0:	22 23       	and	r18, r18
    93f2:	39 f0       	breq	.+14     	; 0x9402 <digitalWrite.constprop.3+0x30>
turnOffPWM():
/tmp/claude-1000/-home-ngranado-code-AlphaClock/a04e4601-07d0-434a-ba88-eb280e7d56e2/scratchpad/a15/packages/MightyCore/hardware/avr/3.1.0/cores/MCUdude_corefiles/wiring_digital.c:77
//
//static inline void turnOffPWM(uint8_t timer) __attribute__ ((always_inline));
//static inline void turnOffPWM(uint8_t timer)
static void turnOffPWM(uint8_t timer)
{
  switch (timer)
    93f4:	24 30       	cpi	r18, 0x04	; 4
    93f6:	e9 f0       	breq	.+58     	; 0x9432 <digitalWrite.constprop.3+0x60>
    93f8:	90 f4       	brcc	.+36     	; 0x941e <digitalWrite.constprop.3+0x4c>
    93fa:	22 30       	cpi	r18, 0x02	; 2
    93fc:	51 f1       	breq	.+84     	; 0x9452 <digitalWrite.constprop.3+0x80>
    93fe:	23 30       	cpi	r18, 0x03	; 3
    9400:	61 f1       	breq	.+88     	; 0x945a <digitalWrite.constprop.3+0x88>
digitalWrite():
/tmp/claude-1000/-home-ngranado-code-AlphaClock/a04e4601-07d0-434a-ba88-eb280e7d56e2/scratchpad/a15/packages/MightyCore/hardware/avr/3.1.0/cores/MCUdude_corefiles/wiring_digital.c:200

  // If the pin that support PWM output, we need to turn it off
  // before doing a digital write.
  if (timer != NOT_ON_TIMER) turnOffPWM(timer);

  out = portOutputRegister(port);
    9402:	f0 e0       	ldi	r31, 0x00	; 0
    9404:	ee 0f       	add	r30, r30
    9406:	ff 1f       	adc	r31, r31
    9408:	e7 5a       	subi	r30, 0xA7	; 167
    940a:	f8 49       	sbci	r31, 0x98	; 152
    940c:	a5 91       	lpm	r26, Z+
    940e:	b4 91       	lpm	r27, Z
/tmp/claude-1000/-home-ngranado-code-AlphaClock/a04e4601-07d0-434a-ba88-eb280e7d56e2/scratchpad/a15/packages/MightyCore/hardware/avr/3.1.0/cores/MCUdude_corefiles/wiring_digital.c:202

  uint8_t oldSREG = SREG;
    9410:	8f b7       	in	r24, 0x3f	; 63
/tmp/claude-1000/-home-ngranado-code-AlphaClock/a04e4601-07d0-434a-ba88-eb280e7d56e2/scratchpad/a15/packages/MightyCore/hardware/avr/3.1.0/cores/MCUdude_corefiles/wiring_digital.c:203
  cli();
    9412:	f8 94       	cli
/tmp/claude-1000/-home-ngranado-code-AlphaClock/a04e4601-07d0-434a-ba88-eb280e7d56e2/scratchpad/a15/packages/MightyCore/hardware/avr/3.1.0/cores/MCUdude_corefiles/wiring_digital.c:208

  if (val == LOW) {
    *out &= ~bit;
  } else {
    *out |= bit;
    9414:	ec 91       	ld	r30, X
    9416:	3e 2b       	or	r19, r30
    9418:	3c 93       	st	X, r19
/tmp/claude-1000/-home-ngranado-code-AlphaClock/a04e4601-07d0-434a-ba88-eb280e7d56e2/scratchpad/a15/packages/MightyCore/hardware/avr/3.1.0/cores/MCUdude_corefiles/wiring_digital.c:211
  }

  SREG = oldSREG;
    941a:	8f bf       	out	0x3f, r24	; 63
/tmp/claude-1000/-home-ngranado-code-AlphaClock/a04e4601-07d0-434a-ba88-eb280e7d56e2/scratchpad/a15/packages/MightyCore/hardware/avr/3.1.0/cores/MCUdude_corefiles/wiring_digital.c:212
}
    941c:	08 95       	ret
turnOffPWM():
/tmp/claude-1000/-home-ngranado-code-AlphaClock/a04e4601-07d0-434a-ba88-eb280e7d56e2/scratchpad/a15/packages/MightyCore/hardware/avr/3.1.0/cores/MCUdude_corefiles/wiring_digital.c:77
//
//static inline void turnOffPWM(uint8_t timer) __attribute__ ((always_inline));
//static inline void turnOffPWM(uint8_t timer)
static void turnOffPWM(uint8_t timer)
{
  switch (timer)
    941e:	28 30       	cpi	r18, 0x08	; 8
    9420:	71 f0       	breq	.+28     	; 0x943e <digitalWrite.constprop.3+0x6c>
    9422:	29 30       	cpi	r18, 0x09	; 9
    9424:	91 f0       	breq	.+36     	; 0x944a <digitalWrite.constprop.3+0x78>
    9426:	25 30       	cpi	r18, 0x05	; 5
    9428:	61 f7       	brne	.-40     	; 0x9402 <digitalWrite.constprop.3+0x30>
/tmp/claude-1000/-home-ngranado-code-AlphaClock/a04e4601-07d0-434a-ba88-eb280e7d56e2/scratchpad/a15/packages/MightyCore/hardware/avr/3.1.0/cores/MCUdude_corefiles/wiring_digital.c:87
        TCCR1A &= ~_BV(COM1A1);
        break;
    #endif
    #if defined(TCCR1A) && defined(COM1B1)
      case TIMER1B:
        TCCR1A &= ~_BV(COM1B1);
    942a:	80 91 80 00 	lds	r24, 0x0080	; 0x800080 <__DATA_REGION_ORIGIN__+0x20>
    942e:	8f 7d       	andi	r24, 0xDF	; 223
    9430:	03 c0       	rjmp	.+6      	; 0x9438 <digitalWrite.constprop.3+0x66>
/tmp/claude-1000/-home-ngranado-code-AlphaClock/a04e4601-07d0-434a-ba88-eb280e7d56e2/scratchpad/a15/packages/MightyCore/hardware/avr/3.1.0/cores/MCUdude_corefiles/wiring_digital.c:82
  switch (timer)
  {
    // Timer1
    #if defined(TCCR1A) && defined(COM1A1)
      case TIMER1A:
        TCCR1A &= ~_BV(COM1A1);
    9432:	80 91 80 00 	lds	r24, 0x0080	; 0x800080 <__DATA_REGION_ORIGIN__+0x20>
    9436:	8f 77       	andi	r24, 0x7F	; 127
/tmp/claude-1000/-home-ngranado-code-AlphaClock/a04e4601-07d0-434a-ba88-eb280e7d56e2/scratchpad/a15/packages/MightyCore/hardware/avr/3.1.0/cores/MCUdude_corefiles/wiring_digital.c:87
        break;
    #endif
    #if defined(TCCR1A) && defined(COM1B1)
      case TIMER1B:
        TCCR1A &= ~_BV(COM1B1);
    9438:	80 93 80 00 	sts	0x0080, r24	; 0x800080 <__DATA_REGION_ORIGIN__+0x20>
    943c:	e2 cf       	rjmp	.-60     	; 0x9402 <digitalWrite.constprop.3+0x30>
/tmp/claude-1000/-home-ngranado-code-AlphaClock/a04e4601-07d0-434a-ba88-eb280e7d56e2/scratchpad/a15/packages/MightyCore/hardware/avr/3.1.0/cores/MCUdude_corefiles/wiring_digital.c:104
        TCCR2 &= ~_BV(COM21);
        break;
    #endif
    #if defined(TCCR2A) && defined(COM2A1)
      case TIMER2A:
        TCCR2A &= ~_BV(COM2A1);
    943e:	80 91 b0 00 	lds	r24, 0x00B0	; 0x8000b0 <__DATA_REGION_ORIGIN__+0x50>
    9442:	8f 77       	andi	r24, 0x7F	; 127
/tmp/claude-1000/-home-ngranado-code-AlphaClock/a04e4601-07d0-434a-ba88-eb280e7d56e2/scratchpad/a15/packages/MightyCore/hardware/avr/3.1.0/cores/MCUdude_corefiles/wiring_digital.c:109
        break;
    #endif
    #if defined(TCCR2A) && defined(COM2B1)
      case TIMER2B:
        TCCR2A &= ~_BV(COM2B1);
    9444:	80 93 b0 00 	sts	0x00B0, r24	; 0x8000b0 <__DATA_REGION_ORIGIN__+0x50>
    9448:	dc cf       	rjmp	.-72     	; 0x9402 <digitalWrite.constprop.3+0x30>
    944a:	80 91 b0 00 	lds	r24, 0x00B0	; 0x8000b0 <__DATA_REGION_ORIGIN__+0x50>
    944e:	8f 7d       	andi	r24, 0xDF	; 223
    9450:	f9 cf       	rjmp	.-14     	; 0x9444 <digitalWrite.constprop.3+0x72>
/tmp/claude-1000/-home-ngranado-code-AlphaClock/a04e4601-07d0-434a-ba88-eb280e7d56e2/scratchpad/a15/packages/MightyCore/hardware/avr/3.1.0/cores/MCUdude_corefiles/wiring_digital.c:176
        TCCR0 &= ~_BV(COM01);
        break;
    #endif
    #if defined(TCCR0A) && defined(COM0A1)
      case TIMER0A:
        TCCR0A &= ~_BV(COM0A1);
    9452:	84 b5       	in	r24, 0x24	; 36
    9454:	8f 77       	andi	r24, 0x7F	; 127
/tmp/claude-1000/-home-ngranado-code-AlphaClock/a04e4601-07d0-434a-ba88-eb280e7d56e2/scratchpad/a15/packages/MightyCore/hardware/avr/3.1.0/cores/MCUdude_corefiles/wiring_digital.c:181
        break;
    #endif
    #if defined(TCCR0A) && defined(COM0B1)
      case TIMER0B:
        TCCR0A &= ~_BV(COM0B1);
    9456:	84 bd       	out	0x24, r24	; 36
    9458:	d4 cf       	rjmp	.-88     	; 0x9402 <digitalWrite.constprop.3+0x30>
    945a:	84 b5       	in	r24, 0x24	; 36
    945c:	8f 7d       	andi	r24, 0xDF	; 223
    945e:	fb cf       	rjmp	.-10     	; 0x9456 <digitalWrite.constprop.3+0x84>

00009460 <global constructors keyed to 65535_0_AlphaClock.ino.cpp.o.2502>:
_GLOBAL__I_65535_0_AlphaClock.ino.cpp.o.2502():
    9460:	cf 92       	push	r12
    9462:	df 92       	push	r13
    9464:	ef 92       	push	r14
    9466:	ff 92       	push	r15
    9468:	ea ea       	ldi	r30, 0xAA	; 170
    946a:	f7 e0       	ldi	r31, 0x07	; 7
    946c:	13 82       	std	Z+3, r1	; 0x03
    946e:	12 82       	std	Z+2, r1	; 0x02
    9470:	88 ee       	ldi	r24, 0xE8	; 232
    9472:	c8 2e       	mov	r12, r24
    9474:	83 e0       	ldi	r24, 0x03	; 3
    9476:	d8 2e       	mov	r13, r24
    9478:	e1 2c       	mov	r14, r1
    947a:	f1 2c       	mov	r15, r1
    947c:	c4 82       	std	Z+4, r12	; 0x04
    947e:	d5 82       	std	Z+5, r13	; 0x05
    9480:	e6 82       	std	Z+6, r14	; 0x06
    9482:	f7 82       	std	Z+7, r15	; 0x07
    9484:	80 e3       	ldi	r24, 0x30	; 48
    9486:	92 e0       	ldi	r25, 0x02	; 2
    9488:	91 83       	std	Z+1, r25	; 0x01
    948a:	80 83       	st	Z, r24
    948c:	2d ec       	ldi	r18, 0xCD	; 205
    948e:	30 e0       	ldi	r19, 0x00	; 0
    9490:	35 87       	std	Z+13, r19	; 0x0d
    9492:	24 87       	std	Z+12, r18	; 0x0c
    9494:	2c ec       	ldi	r18, 0xCC	; 204
    9496:	30 e0       	ldi	r19, 0x00	; 0
    9498:	37 87       	std	Z+15, r19	; 0x0f
    949a:	26 87       	std	Z+14, r18	; 0x0e
    949c:	28 ec       	ldi	r18, 0xC8	; 200
    949e:	30 e0       	ldi	r19, 0x00	; 0
    94a0:	31 8b       	std	Z+17, r19	; 0x11
    94a2:	20 8b       	std	Z+16, r18	; 0x10
    94a4:	29 ec       	ldi	r18, 0xC9	; 201
    94a6:	30 e0       	ldi	r19, 0x00	; 0
    94a8:	33 8b       	std	Z+19, r19	; 0x13
    94aa:	22 8b       	std	Z+18, r18	; 0x12
    94ac:	2a ec       	ldi	r18, 0xCA	; 202
    94ae:	30 e0       	ldi	r19, 0x00	; 0
    94b0:	35 8b       	std	Z+21, r19	; 0x15
    94b2:	24 8b       	std	Z+20, r18	; 0x14
    94b4:	2e ec       	ldi	r18, 0xCE	; 206
    94b6:	30 e0       	ldi	r19, 0x00	; 0
    94b8:	37 8b       	std	Z+23, r19	; 0x17
    94ba:	26 8b       	std	Z+22, r18	; 0x16
    94bc:	11 8e       	std	Z+25, r1	; 0x19
    94be:	12 8e       	std	Z+26, r1	; 0x1a
    94c0:	13 8e       	std	Z+27, r1	; 0x1b
    94c2:	14 8e       	std	Z+28, r1	; 0x1c
    94c4:	e7 e4       	ldi	r30, 0x47	; 71
    94c6:	f8 e0       	ldi	r31, 0x08	; 8
    94c8:	13 82       	std	Z+3, r1	; 0x03
    94ca:	12 82       	std	Z+2, r1	; 0x02
    94cc:	c4 82       	std	Z+4, r12	; 0x04
    94ce:	d5 82       	std	Z+5, r13	; 0x05
    94d0:	e6 82       	std	Z+6, r14	; 0x06
    94d2:	f7 82       	std	Z+7, r15	; 0x07
    94d4:	91 83       	std	Z+1, r25	; 0x01
    94d6:	80 83       	st	Z, r24
    94d8:	85 ec       	ldi	r24, 0xC5	; 197
    94da:	90 e0       	ldi	r25, 0x00	; 0
    94dc:	95 87       	std	Z+13, r25	; 0x0d
    94de:	84 87       	std	Z+12, r24	; 0x0c
    94e0:	84 ec       	ldi	r24, 0xC4	; 196
    94e2:	90 e0       	ldi	r25, 0x00	; 0
    94e4:	97 87       	std	Z+15, r25	; 0x0f
    94e6:	86 87       	std	Z+14, r24	; 0x0e
    94e8:	80 ec       	ldi	r24, 0xC0	; 192
    94ea:	90 e0       	ldi	r25, 0x00	; 0
    94ec:	91 8b       	std	Z+17, r25	; 0x11
    94ee:	80 8b       	std	Z+16, r24	; 0x10
    94f0:	81 ec       	ldi	r24, 0xC1	; 193
    94f2:	90 e0       	ldi	r25, 0x00	; 0
    94f4:	93 8b       	std	Z+19, r25	; 0x13
    94f6:	82 8b       	std	Z+18, r24	; 0x12
    94f8:	82 ec       	ldi	r24, 0xC2	; 194
    94fa:	90 e0       	ldi	r25, 0x00	; 0
    94fc:	95 8b       	std	Z+21, r25	; 0x15
    94fe:	84 8b       	std	Z+20, r24	; 0x14
    9500:	86 ec       	ldi	r24, 0xC6	; 198
    9502:	90 e0       	ldi	r25, 0x00	; 0
    9504:	97 8b       	std	Z+23, r25	; 0x17
    9506:	86 8b       	std	Z+22, r24	; 0x16
    9508:	11 8e       	std	Z+25, r1	; 0x19
    950a:	12 8e       	std	Z+26, r1	; 0x1a
    950c:	13 8e       	std	Z+27, r1	; 0x1b
    950e:	14 8e       	std	Z+28, r1	; 0x1c
    9510:	10 92 ee 08 	sts	0x08EE, r1	; 0x8008ee <TwoWire::rxBufferIndex>
    9514:	10 92 ed 08 	sts	0x08ED, r1	; 0x8008ed <TwoWire::rxBufferLength>
    9518:	10 92 ec 08 	sts	0x08EC, r1	; 0x8008ec <TwoWire::txBufferIndex>
    951c:	10 92 eb 08 	sts	0x08EB, r1	; 0x8008eb <TwoWire::txBufferLength>
    9520:	10 92 ea 08 	sts	0x08EA, r1	; 0x8008ea <twi_state>
    9524:	81 e0       	ldi	r24, 0x01	; 1
    9526:	80 93 e9 08 	sts	0x08E9, r24	; 0x8008e9 <twi_sendStop>
    952a:	10 92 e8 08 	sts	0x08E8, r1	; 0x8008e8 <twi_inRepStart>
    952e:	81 e1       	ldi	r24, 0x11	; 17
    9530:	0e 94 e9 49 	call	0x93d2	; 0x93d2 <digitalWrite.constprop.3>
    9534:	80 e1       	ldi	r24, 0x10	; 16
    9536:	0e 94 e9 49 	call	0x93d2	; 0x93d2 <digitalWrite.constprop.3>
    953a:	e9 eb       	ldi	r30, 0xB9	; 185
    953c:	f0 e0       	ldi	r31, 0x00	; 0
    953e:	80 81       	ld	r24, Z
    9540:	8e 7f       	andi	r24, 0xFE	; 254
    9542:	80 83       	st	Z, r24
    9544:	80 81       	ld	r24, Z
    9546:	8d 7f       	andi	r24, 0xFD	; 253
    9548:	80 83       	st	Z, r24
    954a:	88 e4       	ldi	r24, 0x48	; 72
    954c:	80 93 b8 00 	sts	0x00B8, r24	; 0x8000b8 <__DATA_REGION_ORIGIN__+0x58>
    9550:	85 e4       	ldi	r24, 0x45	; 69
    9552:	80 93 bc 00 	sts	0x00BC, r24	; 0x8000bc <__DATA_REGION_ORIGIN__+0x5c>
    9556:	8d e0       	ldi	r24, 0x0D	; 13
    9558:	94 e3       	ldi	r25, 0x34	; 52
    955a:	90 93 e7 08 	sts	0x08E7, r25	; 0x8008e7 <twi_onSlaveTransmit+0x1>
    955e:	80 93 e6 08 	sts	0x08E6, r24	; 0x8008e6 <twi_onSlaveTransmit>
    9562:	8e e0       	ldi	r24, 0x0E	; 14
    9564:	94 e3       	ldi	r25, 0x34	; 52
    9566:	90 93 e5 08 	sts	0x08E5, r25	; 0x8008e5 <twi_onSlaveReceive+0x1>
    956a:	80 93 e4 08 	sts	0x08E4, r24	; 0x8008e4 <twi_onSlaveReceive>
    956e:	ef ee       	ldi	r30, 0xEF	; 239
    9570:	f8 e0       	ldi	r31, 0x08	; 8
    9572:	13 82       	std	Z+3, r1	; 0x03
    9574:	12 82       	std	Z+2, r1	; 0x02
    9576:	c4 82       	std	Z+4, r12	; 0x04
    9578:	d5 82       	std	Z+5, r13	; 0x05
    957a:	e6 82       	std	Z+6, r14	; 0x06
    957c:	f7 82       	std	Z+7, r15	; 0x07
    957e:	82 e4       	ldi	r24, 0x42	; 66
    9580:	92 e0       	ldi	r25, 0x02	; 2
    9582:	91 83       	std	Z+1, r25	; 0x01
    9584:	80 83       	st	Z, r24
    9586:	ff 90       	pop	r15
    9588:	ef 90       	pop	r14
    958a:	df 90       	pop	r13
    958c:	cf 90       	pop	r12
    958e:	08 95       	ret

00009590 <main>:
main():
/tmp/claude-1000/-home-ngranado-code-AlphaClock/a04e4601-07d0-434a-ba88-eb280e7d56e2/scratchpad/a15/packages/MightyCore/hardware/avr/3.1.0/cores/MCUdude_corefiles/main.cpp:34

//void setupUSB() __attribute__((weak));
//void setupUSB() { }

int main(void)
{
    9590:	cf 93       	push	r28
    9592:	df 93       	push	r29
    9594:	cd b7       	in	r28, 0x3d	; 61
    9596:	de b7       	in	r29, 0x3e	; 62
    9598:	6a 97       	sbiw	r28, 0x1a	; 26
    959a:	0f b6       	in	r0, 0x3f	; 63
    959c:	f8 94       	cli
    959e:	de bf       	out	0x3e, r29	; 62
    95a0:	0f be       	out	0x3f, r0	; 63
    95a2:	cd bf       	out	0x3d, r28	; 61
init():
/tmp/claude-1000/-home-ngranado-code-AlphaClock/a04e4601-07d0-434a-ba88-eb280e7d56e2/scratchpad/a15/packages/MightyCore/hardware/avr/3.1.0/cores/MCUdude_corefiles/wiring.c:945

void init()
{
  // this needs to be called before setup() or some functions won't
  // work there
  sei();
    95a4:	78 94       	sei
/tmp/claude-1000/-home-ngranado-code-AlphaClock/a04e4601-07d0-434a-ba88-eb280e7d56e2/scratchpad/a15/packages/MightyCore/hardware/avr/3.1.0/cores/MCUdude_corefiles/wiring.c:957

  // On the ATmega168, timer 0 is also used for fast hardware pwm
  // (using phase-correct PWM would mean that timer 0 overflowed half as often
  // resulting in different millis() behavior on the ATmega8 and ATmega168)
#if defined(TCCR0A) && defined(WGM01)
  TCCR0A |= _BV(WGM01) | _BV(WGM00);
    95a6:	84 b5       	in	r24, 0x24	; 36
    95a8:	83 60       	ori	r24, 0x03	; 3
    95aa:	84 bd       	out	0x24, r24	; 36
/tmp/claude-1000/-home-ngranado-code-AlphaClock/a04e4601-07d0-434a-ba88-eb280e7d56e2/scratchpad/a15/packages/MightyCore/hardware/avr/3.1.0/cores/MCUdude_corefiles/wiring.c:972
  #if defined(WGM00) && defined(WGM01) // The ATmega8 doesn't have WGM00 and WGM01
    TCCR0 |= _BV(WGM01) | _BV(WGM00);
  #endif
#elif defined(TCCR0B) && defined(CS01) && defined(CS00)
  // This combination is for the standard 168/328/640/1280/1281/2560/2561
  TCCR0B |= _BV(CS01) | _BV(CS00);
    95ac:	85 b5       	in	r24, 0x25	; 37
    95ae:	83 60       	ori	r24, 0x03	; 3
    95b0:	85 bd       	out	0x25, r24	; 37
/tmp/claude-1000/-home-ngranado-code-AlphaClock/a04e4601-07d0-434a-ba88-eb280e7d56e2/scratchpad/a15/packages/MightyCore/hardware/avr/3.1.0/cores/MCUdude_corefiles/wiring.c:984

// Enable timer 0 overflow interrupt
#if defined(TIMSK) && defined(TOIE0)
  TIMSK |= _BV(TOIE0);
#elif defined(TIMSK0) && defined(TOIE0)
  TIMSK0 |= _BV(TOIE0);
    95b2:	80 91 6e 00 	lds	r24, 0x006E	; 0x80006e <__DATA_REGION_ORIGIN__+0xe>
    95b6:	81 60       	ori	r24, 0x01	; 1
    95b8:	80 93 6e 00 	sts	0x006E, r24	; 0x80006e <__DATA_REGION_ORIGIN__+0xe>
/tmp/claude-1000/-home-ngranado-code-AlphaClock/a04e4601-07d0-434a-ba88-eb280e7d56e2/scratchpad/a15/packages/MightyCore/hardware/avr/3.1.0/cores/MCUdude_corefiles/wiring.c:995
// this is better for motors as it ensures an even waveform
// note, however, that fast pwm mode can achieve a frequency of up
// 8 MHz (with a 16 MHz clock) at 50% duty cycle

#if defined(TCCR1B) && defined(CS11) && defined(CS10)
  TCCR1B = _BV(CS11); // Set timer 1 prescale factor to 64
    95bc:	82 e0       	ldi	r24, 0x02	; 2
    95be:	80 93 81 00 	sts	0x0081, r24	; 0x800081 <__DATA_REGION_ORIGIN__+0x21>
/tmp/claude-1000/-home-ngranado-code-AlphaClock/a04e4601-07d0-434a-ba88-eb280e7d56e2/scratchpad/a15/packages/MightyCore/hardware/avr/3.1.0/cores/MCUdude_corefiles/wiring.c:997
#if F_CPU >= 8000000L
  TCCR1B |= _BV(CS10);
    95c2:	80 91 81 00 	lds	r24, 0x0081	; 0x800081 <__DATA_REGION_ORIGIN__+0x21>
    95c6:	81 60       	ori	r24, 0x01	; 1
    95c8:	80 93 81 00 	sts	0x0081, r24	; 0x800081 <__DATA_REGION_ORIGIN__+0x21>
/tmp/claude-1000/-home-ngranado-code-AlphaClock/a04e4601-07d0-434a-ba88-eb280e7d56e2/scratchpad/a15/packages/MightyCore/hardware/avr/3.1.0/cores/MCUdude_corefiles/wiring.c:1006
#if F_CPU >= 8000000L
  TCCR1 |= _BV(CS10);
#endif
#endif
#if defined(TCCR1A) && defined(WGM10)
  TCCR1A |= _BV(WGM10); // Put timer 1 in 8-bit phase correct pwm mode
    95cc:	80 91 80 00 	lds	r24, 0x0080	; 0x800080 <__DATA_REGION_ORIGIN__+0x20>
    95d0:	81 60       	ori	r24, 0x01	; 1
    95d2:	80 93 80 00 	sts	0x0080, r24	; 0x800080 <__DATA_REGION_ORIGIN__+0x20>
/tmp/claude-1000/-home-ngranado-code-AlphaClock/a04e4601-07d0-434a-ba88-eb280e7d56e2/scratchpad/a15/packages/MightyCore/hardware/avr/3.1.0/cores/MCUdude_corefiles/wiring.c:1013

// Set timer 2 prescale factor to 64
#if defined(TCCR2) && defined(CS22)
  TCCR2 |= _BV(CS22);
#elif defined(TCCR2B) && defined(CS22)
  TCCR2B |= _BV(CS22);
    95d6:	80 91 b1 00 	lds	r24, 0x00B1	; 0x8000b1 <__DATA_REGION_ORIGIN__+0x51>
    95da:	84 60       	ori	r24, 0x04	; 4
    95dc:	80 93 b1 00 	sts	0x00B1, r24	; 0x8000b1 <__DATA_REGION_ORIGIN__+0x51>
/tmp/claude-1000/-home-ngranado-code-AlphaClock/a04e4601-07d0-434a-ba88-eb280e7d56e2/scratchpad/a15/packages/MightyCore/hardware/avr/3.1.0/cores/MCUdude_corefiles/wiring.c:1022

// Configure timer 2 for phase correct pwm (8-bit)
#if defined(TCCR2) && defined(WGM20)
  TCCR2 |= _BV(WGM20);
#elif defined(TCCR2A) && defined(WGM20)
  TCCR2A |= _BV(WGM20);
    95e0:	80 91 b0 00 	lds	r24, 0x00B0	; 0x8000b0 <__DATA_REGION_ORIGIN__+0x50>
    95e4:	81 60       	ori	r24, 0x01	; 1
    95e6:	80 93 b0 00 	sts	0x00B0, r24	; 0x8000b0 <__DATA_REGION_ORIGIN__+0x50>
/tmp/claude-1000/-home-ngranado-code-AlphaClock/a04e4601-07d0-434a-ba88-eb280e7d56e2/scratchpad/a15/packages/MightyCore/hardware/avr/3.1.0/cores/MCUdude_corefiles/wiring.c:1050
#endif

#if defined(ADCSRA)
  // set a2d prescaler so we are inside the desired 50-200 KHz range.
  #if F_CPU >= 16000000 // 16 MHz / 128 = 125 KHz
    ADCSRA = _BV(ADPS2) | _BV(ADPS1) | _BV(ADPS0) | _BV(ADEN);
    95ea:	87 e8       	ldi	r24, 0x87	; 135
    95ec:	80 93 7a 00 	sts	0x007A, r24	; 0x80007a <__DATA_REGION_ORIGIN__+0x1a>
/tmp/claude-1000/-home-ngranado-code-AlphaClock/a04e4601-07d0-434a-ba88-eb280e7d56e2/scratchpad/a15/packages/MightyCore/hardware/avr/3.1.0/cores/MCUdude_corefiles/wiring.c:1070
  // here so they can be used as normal digital i/o; they will be
  // reconnected in Serial.begin()
#if defined(UCSRB)
  UCSRB = 0;
#elif defined(UCSR0B)
  UCSR0B = 0;
    95f0:	10 92 c1 00 	sts	0x00C1, r1	; 0x8000c1 <__DATA_REGION_ORIGIN__+0x61>
analogRead():
/tmp/claude-1000/-home-ngranado-code-AlphaClock/a04e4601-07d0-434a-ba88-eb280e7d56e2/scratchpad/a15/packages/MightyCore/hardware/avr/3.1.0/cores/MCUdude_corefiles/wiring_analog.c:68
  
  // set the analog reference (high two bits of ADMUX) and select the
  // channel (low 4 bits).  this also sets ADLAR (left-adjust result)
  // to 0 (the default).
#if defined(ADMUX)
  ADMUX = (analog_reference << 6) | (pin & 0x07);
    95f4:	80 e4       	ldi	r24, 0x40	; 64
    95f6:	80 93 7c 00 	sts	0x007C, r24	; 0x80007c <__DATA_REGION_ORIGIN__+0x1c>
/tmp/claude-1000/-home-ngranado-code-AlphaClock/a04e4601-07d0-434a-ba88-eb280e7d56e2/scratchpad/a15/packages/MightyCore/hardware/avr/3.1.0/cores/MCUdude_corefiles/wiring_analog.c:76
  // without a delay, we seem to read from the wrong channel
  //delay(1);

#if defined(ADCSRA) && defined(ADC)
  // start the conversion
  ADCSRA |= _BV(ADSC);
    95fa:	80 91 7a 00 	lds	r24, 0x007A	; 0x80007a <__DATA_REGION_ORIGIN__+0x1a>
    95fe:	80 64       	ori	r24, 0x40	; 64
    9600:	80 93 7a 00 	sts	0x007A, r24	; 0x80007a <__DATA_REGION_ORIGIN__+0x1a>
/tmp/claude-1000/-home-ngranado-code-AlphaClock/a04e4601-07d0-434a-ba88-eb280e7d56e2/scratchpad/a15/packages/MightyCore/hardware/avr/3.1.0/cores/MCUdude_corefiles/wiring_analog.c:79

  // ADSC is cleared when the conversion finishes
  while (ADCSRA & _BV(ADSC)) {};
    9604:	80 91 7a 00 	lds	r24, 0x007A	; 0x80007a <__DATA_REGION_ORIGIN__+0x1a>
    9608:	86 fd       	sbrc	r24, 6
    960a:	fc cf       	rjmp	.-8      	; 0x9604 <main+0x74>
/tmp/claude-1000/-home-ngranado-code-AlphaClock/a04e4601-07d0-434a-ba88-eb280e7d56e2/scratchpad/a15/packages/MightyCore/hardware/avr/3.1.0/cores/MCUdude_corefiles/wiring_analog.c:83

  // ADC macro takes care of reading ADC register.
 	// avr-gcc implements the proper reading order: ADCL is read first.
 	return ADC;
    960c:	60 91 78 00 	lds	r22, 0x0078	; 0x800078 <__DATA_REGION_ORIGIN__+0x18>
    9610:	70 91 79 00 	lds	r23, 0x0079	; 0x800079 <__DATA_REGION_ORIGIN__+0x19>
a5Init():
/home/ngranado/code/AlphaClock/alphafive/alphafive.cpp:862
 


void a5Init (void)
{
    randomSeed(analogRead(0));
    9614:	07 2e       	mov	r0, r23
    9616:	00 0c       	add	r0, r0
    9618:	88 0b       	sbc	r24, r24
    961a:	99 0b       	sbc	r25, r25
randomSeed():
/tmp/claude-1000/-home-ngranado-code-AlphaClock/a04e4601-07d0-434a-ba88-eb280e7d56e2/scratchpad/a15/packages/MightyCore/hardware/avr/3.1.0/cores/MCUdude_corefiles/WMath.cpp:30
  #include "stdlib.h"
}

void randomSeed(unsigned long seed)
{
  if (seed != 0) {
    961c:	61 15       	cp	r22, r1
    961e:	71 05       	cpc	r23, r1
    9620:	81 05       	cpc	r24, r1
    9622:	91 05       	cpc	r25, r1
    9624:	11 f0       	breq	.+4      	; 0x962a <main+0x9a>
/tmp/claude-1000/-home-ngranado-code-AlphaClock/a04e4601-07d0-434a-ba88-eb280e7d56e2/scratchpad/a15/packages/MightyCore/hardware/avr/3.1.0/cores/MCUdude_corefiles/WMath.cpp:31
    srandom(seed);
    9626:	0e 94 eb 55 	call	0xabd6	; 0xabd6 <srandom>
a5Init():
/home/ngranado/code/AlphaClock/alphafive/alphafive.cpp:864
    
    PORTA = 95;             //PA0 - PA4 high: turn off chars 0-4. (#31), PA6 high:
    962a:	8f e5       	ldi	r24, 0x5F	; 95
    962c:	82 b9       	out	0x02, r24	; 2
/home/ngranado/code/AlphaClock/alphafive/alphafive.cpp:866
    //         Blank all LED drivers (#64).  31 + 64 = 95.
    DDRA = 95;              // Outputs: PA0-PA5 ("rows") and Blank pin, PA6
    962e:	81 b9       	out	0x01, r24	; 1
/home/ngranado/code/AlphaClock/alphafive/alphafive.cpp:868
    
    PORTB = a5_BUTTONMASK;   // Pull-up resistors for buttons
    9630:	8f e0       	ldi	r24, 0x0F	; 15
    9632:	85 b9       	out	0x05, r24	; 5
/home/ngranado/code/AlphaClock/alphafive/alphafive.cpp:869
    PORTC = 3;              // PULL UPS for I2C
    9634:	83 e0       	ldi	r24, 0x03	; 3
    9636:	88 b9       	out	0x08, r24	; 8
/home/ngranado/code/AlphaClock/alphafive/alphafive.cpp:870
    PORTD |= _BV(5) ;        // Speaker location
    9638:	5d 9a       	sbi	0x0b, 5	; 11
/home/ngranado/code/AlphaClock/alphafive/alphafive.cpp:872
    
    DDRB = _BV(4) | _BV(5) | _BV(7);    // SS, SCK, MOSI are outputs
    963a:	80 eb       	ldi	r24, 0xB0	; 176
    963c:	84 b9       	out	0x04, r24	; 4
/home/ngranado/code/AlphaClock/alphafive/alphafive.cpp:873
    DDRC = _BV(2);                      // Latch pin, PC2
    963e:	84 e0       	ldi	r24, 0x04	; 4
    9640:	87 b9       	out	0x07, r24	; 7
/home/ngranado/code/AlphaClock/alphafive/alphafive.cpp:874
    DDRD = _BV(5) | _BV(6) | _BV(7);    //Speaker output (PD5), LED outputs on PD6, PD7
    9642:	80 ee       	ldi	r24, 0xE0	; 224
    9644:	8a b9       	out	0x0a, r24	; 10
/home/ngranado/code/AlphaClock/alphafive/alphafive.cpp:877
    
    //ENABLE SPI, MASTER, CLOCK RATE fck/4:
    SPCR = _BV(SPE) | _BV(MSTR);    // Initialize SPI, fast!
    9646:	80 e5       	ldi	r24, 0x50	; 80
    9648:	8c bd       	out	0x2c, r24	; 44
/home/ngranado/code/AlphaClock/alphafive/alphafive.cpp:878
    SPSR |= 1;                      // enable double-speed mode!
    964a:	8d b5       	in	r24, 0x2d	; 45
    964c:	81 60       	ori	r24, 0x01	; 1
    964e:	8d bd       	out	0x2d, r24	; 45
a5nightLight():
/home/ngranado/code/AlphaClock/alphafive/alphafive.cpp:737
}


void a5nightLight(byte Brightness)
{  // Might make a better macro than a function.
    OCR2B = Brightness;
    9650:	10 92 b4 00 	sts	0x00B4, r1	; 0x8000b4 <__DATA_REGION_ORIGIN__+0x54>
    9654:	e9 e8       	ldi	r30, 0x89	; 137
    9656:	f6 e0       	ldi	r31, 0x06	; 6
    9658:	83 ee       	ldi	r24, 0xE3	; 227
    965a:	96 e0       	ldi	r25, 0x06	; 6
a5clearVidBuf():
/home/ngranado/code/AlphaClock/alphafive/alphafive.cpp:713
    // Note: Some sacrifices have been made for performance at the expense of readability.
    byte *Ptr = &a5_vidBuf[0];
    
    byte i = a5_VIDBUFLENGTH;
    do {
        *Ptr++ = 0;
    965c:	11 92       	st	Z+, r1
/home/ngranado/code/AlphaClock/alphafive/alphafive.cpp:716
        i--;
    }
    while (i != 0);
    965e:	8e 17       	cp	r24, r30
    9660:	9f 07       	cpc	r25, r31
    9662:	e1 f7       	brne	.-8      	; 0x965c <main+0xcc>
a5Init():
/home/ngranado/code/AlphaClock/alphafive/alphafive.cpp:882
    SPCR = _BV(SPE) | _BV(MSTR);    // Initialize SPI, fast!
    SPSR |= 1;                      // enable double-speed mode!
    
    a5nightLight(0);            // Nightlight off
    a5clearVidBuf();            // Empty video buffer
    a5clearOSB();               // Empty off-screen buffer, too.
    9664:	0e 94 eb 39 	call	0x73d6	; 0x73d6 <a5clearOSB()>
/home/ngranado/code/AlphaClock/alphafive/alphafive.cpp:883
    a5loadVidBuf_fromOSB();
    9668:	0e 94 db 3a 	call	0x75b6	; 0x75b6 <a5loadVidBuf_fromOSB()>
begin():
/tmp/claude-1000/-home-ngranado-code-AlphaClock/a04e4601-07d0-434a-ba88-eb280e7d56e2/scratchpad/a15/packages/MightyCore/hardware/avr/3.1.0/cores/MCUdude_corefiles/HardwareSerial.cpp:121

void HardwareSerial::begin(unsigned long baud, byte config)
{
  // Try u2x mode first
  uint16_t baud_setting = (F_CPU / 4 / baud - 1) / 2;
  *_ucsra = 1 << U2X0;
    966c:	e0 91 57 08 	lds	r30, 0x0857	; 0x800857 <Serial+0x10>
    9670:	f0 91 58 08 	lds	r31, 0x0858	; 0x800858 <Serial+0x11>
    9674:	32 e0       	ldi	r19, 0x02	; 2
    9676:	30 83       	st	Z, r19
/tmp/claude-1000/-home-ngranado-code-AlphaClock/a04e4601-07d0-434a-ba88-eb280e7d56e2/scratchpad/a15/packages/MightyCore/hardware/avr/3.1.0/cores/MCUdude_corefiles/HardwareSerial.cpp:135
    *_ucsra = 0;
    baud_setting = (F_CPU / 8 / baud - 1) / 2;
  }

  // assign the baud_setting, a.k.a. ubrr (USART Baud Rate Register)
  *_ubrrh = baud_setting >> 8;
    9678:	e0 91 53 08 	lds	r30, 0x0853	; 0x800853 <Serial+0xc>
    967c:	f0 91 54 08 	lds	r31, 0x0854	; 0x800854 <Serial+0xd>
    9680:	10 82       	st	Z, r1
/tmp/claude-1000/-home-ngranado-code-AlphaClock/a04e4601-07d0-434a-ba88-eb280e7d56e2/scratchpad/a15/packages/MightyCore/hardware/avr/3.1.0/cores/MCUdude_corefiles/HardwareSerial.cpp:136
  *_ubrrl = baud_setting;
    9682:	e0 91 55 08 	lds	r30, 0x0855	; 0x800855 <Serial+0xe>
    9686:	f0 91 56 08 	lds	r31, 0x0856	; 0x800856 <Serial+0xf>
    968a:	27 e6       	ldi	r18, 0x67	; 103
    968c:	20 83       	st	Z, r18
/tmp/claude-1000/-home-ngranado-code-AlphaClock/a04e4601-07d0-434a-ba88-eb280e7d56e2/scratchpad/a15/packages/MightyCore/hardware/avr/3.1.0/cores/MCUdude_corefiles/HardwareSerial.cpp:138

  _written = false;
    968e:	10 92 5f 08 	sts	0x085F, r1	; 0x80085f <Serial+0x18>
/tmp/claude-1000/-home-ngranado-code-AlphaClock/a04e4601-07d0-434a-ba88-eb280e7d56e2/scratchpad/a15/packages/MightyCore/hardware/avr/3.1.0/cores/MCUdude_corefiles/HardwareSerial.cpp:146
#if defined(__AVR_ATmega8__) || defined(__AVR_ATmega8515__) || defined(__AVR_ATmega162__) \
|| defined(__AVR_ATmega8535__) || defined(__AVR_ATmega16__)|| defined(__AVR_ATmega32__)   \
|| defined(__AVR_ATmega162__)
  config |= 0x80; // select UCSRC register (shared with UBRRH)
#endif
  *_ucsrc = config;
    9692:	e0 91 5b 08 	lds	r30, 0x085B	; 0x80085b <Serial+0x14>
    9696:	f0 91 5c 08 	lds	r31, 0x085C	; 0x80085c <Serial+0x15>
    969a:	96 e0       	ldi	r25, 0x06	; 6
    969c:	90 83       	st	Z, r25
/tmp/claude-1000/-home-ngranado-code-AlphaClock/a04e4601-07d0-434a-ba88-eb280e7d56e2/scratchpad/a15/packages/MightyCore/hardware/avr/3.1.0/cores/MCUdude_corefiles/HardwareSerial.cpp:148
  
  *_ucsrb |= _BV(RXEN0) | _BV(TXEN0) | _BV(RXCIE0);
    969e:	e0 91 59 08 	lds	r30, 0x0859	; 0x800859 <Serial+0x12>
    96a2:	f0 91 5a 08 	lds	r31, 0x085A	; 0x80085a <Serial+0x13>
    96a6:	80 81       	ld	r24, Z
    96a8:	88 69       	ori	r24, 0x98	; 152
    96aa:	80 83       	st	Z, r24
/tmp/claude-1000/-home-ngranado-code-AlphaClock/a04e4601-07d0-434a-ba88-eb280e7d56e2/scratchpad/a15/packages/MightyCore/hardware/avr/3.1.0/cores/MCUdude_corefiles/HardwareSerial.cpp:149
  *_ucsrb &= ~_BV(UDRIE0);
    96ac:	e0 91 59 08 	lds	r30, 0x0859	; 0x800859 <Serial+0x12>
    96b0:	f0 91 5a 08 	lds	r31, 0x085A	; 0x80085a <Serial+0x13>
    96b4:	80 81       	ld	r24, Z
    96b6:	8f 7d       	andi	r24, 0xDF	; 223
    96b8:	80 83       	st	Z, r24
/tmp/claude-1000/-home-ngranado-code-AlphaClock/a04e4601-07d0-434a-ba88-eb280e7d56e2/scratchpad/a15/packages/MightyCore/hardware/avr/3.1.0/cores/MCUdude_corefiles/HardwareSerial.cpp:121

void HardwareSerial::begin(unsigned long baud, byte config)
{
  // Try u2x mode first
  uint16_t baud_setting = (F_CPU / 4 / baud - 1) / 2;
  *_ucsra = 1 << U2X0;
    96ba:	e0 91 ba 07 	lds	r30, 0x07BA	; 0x8007ba <Serial1+0x10>
    96be:	f0 91 bb 07 	lds	r31, 0x07BB	; 0x8007bb <Serial1+0x11>
    96c2:	30 83       	st	Z, r19
/tmp/claude-1000/-home-ngranado-code-AlphaClock/a04e4601-07d0-434a-ba88-eb280e7d56e2/scratchpad/a15/packages/MightyCore/hardware/avr/3.1.0/cores/MCUdude_corefiles/HardwareSerial.cpp:135
    *_ucsra = 0;
    baud_setting = (F_CPU / 8 / baud - 1) / 2;
  }

  // assign the baud_setting, a.k.a. ubrr (USART Baud Rate Register)
  *_ubrrh = baud_setting >> 8;
    96c4:	e0 91 b6 07 	lds	r30, 0x07B6	; 0x8007b6 <Serial1+0xc>
    96c8:	f0 91 b7 07 	lds	r31, 0x07B7	; 0x8007b7 <Serial1+0xd>
    96cc:	10 82       	st	Z, r1
/tmp/claude-1000/-home-ngranado-code-AlphaClock/a04e4601-07d0-434a-ba88-eb280e7d56e2/scratchpad/a15/packages/MightyCore/hardware/avr/3.1.0/cores/MCUdude_corefiles/HardwareSerial.cpp:136
  *_ubrrl = baud_setting;
    96ce:	e0 91 b8 07 	lds	r30, 0x07B8	; 0x8007b8 <Serial1+0xe>
    96d2:	f0 91 b9 07 	lds	r31, 0x07B9	; 0x8007b9 <Serial1+0xf>
    96d6:	20 83       	st	Z, r18
/tmp/claude-1000/-home-ngranado-code-AlphaClock/a04e4601-07d0-434a-ba88-eb280e7d56e2/scratchpad/a15/packages/MightyCore/hardware/avr/3.1.0/cores/MCUdude_corefiles/HardwareSerial.cpp:138

  _written = false;
    96d8:	10 92 c2 07 	sts	0x07C2, r1	; 0x8007c2 <Serial1+0x18>
/tmp/claude-1000/-home-ngranado-code-AlphaClock/a04e4601-07d0-434a-ba88-eb280e7d56e2/scratchpad/a15/packages/MightyCore/hardware/avr/3.1.0/cores/MCUdude_corefiles/HardwareSerial.cpp:146
#if defined(__AVR_ATmega8__) || defined(__AVR_ATmega8515__) || defined(__AVR_ATmega162__) \
|| defined(__AVR_ATmega8535__) || defined(__AVR_ATmega16__)|| defined(__AVR_ATmega32__)   \
|| defined(__AVR_ATmega162__)
  config |= 0x80; // select UCSRC register (shared with UBRRH)
#endif
  *_ucsrc = config;
    96dc:	e0 91 be 07 	lds	r30, 0x07BE	; 0x8007be <Serial1+0x14>
    96e0:	f0 91 bf 07 	lds	r31, 0x07BF	; 0x8007bf <Serial1+0x15>
    96e4:	90 83       	st	Z, r25
/tmp/claude-1000/-home-ngranado-code-AlphaClock/a04e4601-07d0-434a-ba88-eb280e7d56e2/scratchpad/a15/packages/MightyCore/hardware/avr/3.1.0/cores/MCUdude_corefiles/HardwareSerial.cpp:148
  
  *_ucsrb |= _BV(RXEN0) | _BV(TXEN0) | _BV(RXCIE0);
    96e6:	e0 91 bc 07 	lds	r30, 0x07BC	; 0x8007bc <Serial1+0x12>
    96ea:	f0 91 bd 07 	lds	r31, 0x07BD	; 0x8007bd <Serial1+0x13>
    96ee:	80 81       	ld	r24, Z
    96f0:	88 69       	ori	r24, 0x98	; 152
    96f2:	80 83       	st	Z, r24
/tmp/claude-1000/-home-ngranado-code-AlphaClock/a04e4601-07d0-434a-ba88-eb280e7d56e2/scratchpad/a15/packages/MightyCore/hardware/avr/3.1.0/cores/MCUdude_corefiles/HardwareSerial.cpp:149
  *_ucsrb &= ~_BV(UDRIE0);
    96f4:	e0 91 bc 07 	lds	r30, 0x07BC	; 0x8007bc <Serial1+0x12>
    96f8:	f0 91 bd 07 	lds	r31, 0x07BD	; 0x8007bd <Serial1+0x13>
    96fc:	80 81       	ld	r24, Z
    96fe:	8f 7d       	andi	r24, 0xDF	; 223
    9700:	80 83       	st	Z, r24
a5Init():
/home/ngranado/code/AlphaClock/alphafive/alphafive.cpp:891
#if defined(UBRR1H)  // Second UART (daisy chain): present on 644A/P/PA, absent on the original 644.
    Serial1.begin(19200);  // Initialize serial port.  19200 baud default matches Alpha5 library examples.
#endif
    
#ifndef HybridScanMode
    a5_intensityStep = 1;  // Needs to start at 1, not (default initialization of) 0.
    9702:	81 e0       	ldi	r24, 0x01	; 1
    9704:	80 93 e3 06 	sts	0x06E3, r24	; 0x8006e3 <a5_intensityStep>
/home/ngranado/code/AlphaClock/alphafive/alphafive.cpp:899
#ifdef HybridScanMode
    SubIntensity = 1;   // used only in HybridScanMode
    BaseIntensity = 0;  // used only in HybridScanMode
#endif
    
    a5_brightMode = 0;  // Initialize brightness mode variable
    9708:	10 92 52 07 	sts	0x0752, r1	; 0x800752 <a5_brightMode>
/home/ngranado/code/AlphaClock/alphafive/alphafive.cpp:900
    a5_brightLevel = 1; // Initialize main brightness variable
    970c:	80 93 51 07 	sts	0x0751, r24	; 0x800751 <a5_brightLevel>
/home/ngranado/code/AlphaClock/alphafive/alphafive.cpp:901
    a5_FadeStage = -1;  // No fade underway
    9710:	9f ef       	ldi	r25, 0xFF	; 255
    9712:	90 93 48 07 	sts	0x0748, r25	; 0x800748 <a5_FadeStage>
/home/ngranado/code/AlphaClock/alphafive/alphafive.cpp:905
    
    
    
    TCCR2A = (_BV(WGM20) | _BV(COM2B1)); // PWM, phase correct, top: FF, overflow at bottom
    9716:	91 e2       	ldi	r25, 0x21	; 33
    9718:	90 93 b0 00 	sts	0x00B0, r25	; 0x8000b0 <__DATA_REGION_ORIGIN__+0x50>
/home/ngranado/code/AlphaClock/alphafive/alphafive.cpp:908
    // Drive output OC2B (nightlight) with value OCR2B
    
    TCCR2B = (_BV(CS20)); // System clock w/o prescaler.
    971c:	80 93 b1 00 	sts	0x00B1, r24	; 0x8000b1 <__DATA_REGION_ORIGIN__+0x51>
/home/ngranado/code/AlphaClock/alphafive/alphafive.cpp:914
    // so overflow happens at 16 MHz/2*256 = 31.250 kHz

  //  TCCR2B = (_BV(CS21)); // System clock / 8, for overdrive mode

    
    TIMSK2 = (1<<TOIE2);	// Begin interrupt on timer overflow compare match
    9720:	80 93 70 00 	sts	0x0070, r24	; 0x800070 <__DATA_REGION_ORIGIN__+0x10>
setup():
/home/ngranado/code/AlphaClock/alphafive/examples/AlphaClock/AlphaClock.ino:958

void setup() {     

  a5Init();  // Required hardware init for Alpha Clock Five library functions

  VCRmode = 1;
    9724:	80 93 50 07 	sts	0x0750, r24	; 0x800750 <VCRmode>
/home/ngranado/code/AlphaClock/alphafive/examples/AlphaClock/AlphaClock.ino:960

  Serial.println("\nHello, World.");
    9728:	87 e8       	ldi	r24, 0x87	; 135
    972a:	93 e0       	ldi	r25, 0x03	; 3
    972c:	0e 94 67 3f 	call	0x7ece	; 0x7ece <Print::println(char const*) [clone .constprop.17]>
/home/ngranado/code/AlphaClock/alphafive/examples/AlphaClock/AlphaClock.ino:961
  Serial.println("Alpha Clock Five here, reporting for duty!");   
    9730:	86 e9       	ldi	r24, 0x96	; 150
    9732:	93 e0       	ldi	r25, 0x03	; 3
    9734:	0e 94 67 3f 	call	0x7ece	; 0x7ece <Print::println(char const*) [clone .constprop.17]>
EEReadSettings():
/home/ngranado/code/AlphaClock/alphafive/examples/AlphaClock/AlphaClock.ino:2305


void EEReadSettings (void) {  
  // Check values for sanity at THIS stage.
  byte value = 255;
  value = EEPROM.read(0);      
    9738:	90 e0       	ldi	r25, 0x00	; 0
    973a:	80 e0       	ldi	r24, 0x00	; 0
    973c:	0e 94 9a 40 	call	0x8134	; 0x8134 <EEPROMClass::read(int) [clone .isra.0]>
/home/ngranado/code/AlphaClock/alphafive/examples/AlphaClock/AlphaClock.ino:2307

  if ((value > 100 + BrightnessMax) || (value < 100))
    9740:	84 56       	subi	r24, 0x64	; 100
    9742:	8c 30       	cpi	r24, 0x0C	; 12
    9744:	08 f0       	brcs	.+2      	; 0x9748 <main+0x1b8>
/home/ngranado/code/AlphaClock/alphafive/examples/AlphaClock/AlphaClock.ino:2308
    Brightness = a5brightLevelDefault;
    9746:	89 e0       	ldi	r24, 0x09	; 9
/home/ngranado/code/AlphaClock/alphafive/examples/AlphaClock/AlphaClock.ino:2310
  else  
    Brightness = value - 100;   
    9748:	80 93 53 07 	sts	0x0753, r24	; 0x800753 <Brightness>
/home/ngranado/code/AlphaClock/alphafive/examples/AlphaClock/AlphaClock.ino:2312

  value = EEPROM.read(1);
    974c:	81 e0       	ldi	r24, 0x01	; 1
    974e:	90 e0       	ldi	r25, 0x00	; 0
    9750:	0e 94 9a 40 	call	0x8134	; 0x8134 <EEPROMClass::read(int) [clone .isra.0]>
/home/ngranado/code/AlphaClock/alphafive/examples/AlphaClock/AlphaClock.ino:2313
  if (value > 1)
    9754:	82 30       	cpi	r24, 0x02	; 2
    9756:	08 f4       	brcc	.+2      	; 0x975a <main+0x1ca>
    9758:	77 c0       	rjmp	.+238    	; 0x9848 <main+0x2b8>
/home/ngranado/code/AlphaClock/alphafive/examples/AlphaClock/AlphaClock.ino:2314
    HourMode24 = a5HourMode24Default;
    975a:	10 92 1f 07 	sts	0x071F, r1	; 0x80071f <HourMode24>
/home/ngranado/code/AlphaClock/alphafive/examples/AlphaClock/AlphaClock.ino:2318
  else  
    HourMode24 = value;

  value = EEPROM.read(2);
    975e:	82 e0       	ldi	r24, 0x02	; 2
    9760:	90 e0       	ldi	r25, 0x00	; 0
    9762:	0e 94 9a 40 	call	0x8134	; 0x8134 <EEPROMClass::read(int) [clone .isra.0]>
/home/ngranado/code/AlphaClock/alphafive/examples/AlphaClock/AlphaClock.ino:2319
  if (value > 1)
    9766:	82 30       	cpi	r24, 0x02	; 2
    9768:	08 f4       	brcc	.+2      	; 0x976c <main+0x1dc>
    976a:	71 c0       	rjmp	.+226    	; 0x984e <main+0x2be>
/home/ngranado/code/AlphaClock/alphafive/examples/AlphaClock/AlphaClock.ino:2320
    AlarmEnabled = a5AlarmEnabledDefault;
    976c:	10 92 41 07 	sts	0x0741, r1	; 0x800741 <AlarmEnabled>
/home/ngranado/code/AlphaClock/alphafive/examples/AlphaClock/AlphaClock.ino:2324
  else  
    AlarmEnabled = value;

  value = EEPROM.read(3); 
    9770:	83 e0       	ldi	r24, 0x03	; 3
    9772:	90 e0       	ldi	r25, 0x00	; 0
    9774:	0e 94 9a 40 	call	0x8134	; 0x8134 <EEPROMClass::read(int) [clone .isra.0]>
/home/ngranado/code/AlphaClock/alphafive/examples/AlphaClock/AlphaClock.ino:2325
  if ((value > 123) || (value < 100))
    9778:	84 56       	subi	r24, 0x64	; 100
    977a:	88 31       	cpi	r24, 0x18	; 24
    977c:	08 f0       	brcs	.+2      	; 0x9780 <main+0x1f0>
/home/ngranado/code/AlphaClock/alphafive/examples/AlphaClock/AlphaClock.ino:2326
    AlarmTimeHr = a5AlarmHrDefault;
    977e:	87 e0       	ldi	r24, 0x07	; 7
/home/ngranado/code/AlphaClock/alphafive/examples/AlphaClock/AlphaClock.ino:2328
  else  
    AlarmTimeHr = value - 100;   
    9780:	80 93 40 07 	sts	0x0740, r24	; 0x800740 <AlarmTimeHr>
/home/ngranado/code/AlphaClock/alphafive/examples/AlphaClock/AlphaClock.ino:2330

  value = EEPROM.read(4);
    9784:	84 e0       	ldi	r24, 0x04	; 4
    9786:	90 e0       	ldi	r25, 0x00	; 0
    9788:	0e 94 9a 40 	call	0x8134	; 0x8134 <EEPROMClass::read(int) [clone .isra.0]>
/home/ngranado/code/AlphaClock/alphafive/examples/AlphaClock/AlphaClock.ino:2332

  if ((value > 159) || (value < 100))
    978c:	84 56       	subi	r24, 0x64	; 100
    978e:	8c 33       	cpi	r24, 0x3C	; 60
    9790:	08 f0       	brcs	.+2      	; 0x9794 <main+0x204>
/home/ngranado/code/AlphaClock/alphafive/examples/AlphaClock/AlphaClock.ino:2333
    AlarmTimeMin = a5AlarmMinDefault;
    9792:	8e e1       	ldi	r24, 0x1E	; 30
/home/ngranado/code/AlphaClock/alphafive/examples/AlphaClock/AlphaClock.ino:2335
  else  
    AlarmTimeMin = value - 100;   
    9794:	80 93 3f 07 	sts	0x073F, r24	; 0x80073f <AlarmTimeMin>
/home/ngranado/code/AlphaClock/alphafive/examples/AlphaClock/AlphaClock.ino:2337

  value = EEPROM.read(5);
    9798:	85 e0       	ldi	r24, 0x05	; 5
    979a:	90 e0       	ldi	r25, 0x00	; 0
    979c:	0e 94 9a 40 	call	0x8134	; 0x8134 <EEPROMClass::read(int) [clone .isra.0]>
/home/ngranado/code/AlphaClock/alphafive/examples/AlphaClock/AlphaClock.ino:2338
  if (value > 5)
    97a0:	86 30       	cpi	r24, 0x06	; 6
    97a2:	08 f0       	brcs	.+2      	; 0x97a6 <main+0x216>
/home/ngranado/code/AlphaClock/alphafive/examples/AlphaClock/AlphaClock.ino:2339
    AlarmTone = a5AlarmToneDefault;
    97a4:	82 e0       	ldi	r24, 0x02	; 2
/home/ngranado/code/AlphaClock/alphafive/examples/AlphaClock/AlphaClock.ino:2341
  else  
    AlarmTone = value;   
    97a6:	80 93 24 07 	sts	0x0724, r24	; 0x800724 <AlarmTone>
/home/ngranado/code/AlphaClock/alphafive/examples/AlphaClock/AlphaClock.ino:2343

  value = EEPROM.read(6);
    97aa:	86 e0       	ldi	r24, 0x06	; 6
    97ac:	90 e0       	ldi	r25, 0x00	; 0
    97ae:	0e 94 9a 40 	call	0x8134	; 0x8134 <EEPROMClass::read(int) [clone .isra.0]>
/home/ngranado/code/AlphaClock/alphafive/examples/AlphaClock/AlphaClock.ino:2344
  if (value > 4)
    97b2:	85 30       	cpi	r24, 0x05	; 5
    97b4:	08 f4       	brcc	.+2      	; 0x97b8 <main+0x228>
    97b6:	4e c0       	rjmp	.+156    	; 0x9854 <main+0x2c4>
/home/ngranado/code/AlphaClock/alphafive/examples/AlphaClock/AlphaClock.ino:2345
    NightLightType = a5NightLightTypeDefault;  
    97b8:	10 92 47 07 	sts	0x0747, r1	; 0x800747 <NightLightType>
/home/ngranado/code/AlphaClock/alphafive/examples/AlphaClock/AlphaClock.ino:2350
  else  
    NightLightType = value;    


  value = EEPROM.read(7);  
    97bc:	87 e0       	ldi	r24, 0x07	; 7
    97be:	90 e0       	ldi	r25, 0x00	; 0
    97c0:	0e 94 9a 40 	call	0x8134	; 0x8134 <EEPROMClass::read(int) [clone .isra.0]>
/home/ngranado/code/AlphaClock/alphafive/examples/AlphaClock/AlphaClock.ino:2351
  if (value > 9)   
    97c4:	8a 30       	cpi	r24, 0x0A	; 10
    97c6:	08 f0       	brcs	.+2      	; 0x97ca <main+0x23a>
/home/ngranado/code/AlphaClock/alphafive/examples/AlphaClock/AlphaClock.ino:2353
  {
    numberCharSet = a5NumberCharSetDefault;
    97c8:	82 e0       	ldi	r24, 0x02	; 2
/home/ngranado/code/AlphaClock/alphafive/examples/AlphaClock/AlphaClock.ino:2356
  }
  else
    numberCharSet = value;       
    97ca:	80 93 1e 07 	sts	0x071E, r24	; 0x80071e <numberCharSet>
/home/ngranado/code/AlphaClock/alphafive/examples/AlphaClock/AlphaClock.ino:2358

  value = EEPROM.read(8);   
    97ce:	88 e0       	ldi	r24, 0x08	; 8
    97d0:	90 e0       	ldi	r25, 0x00	; 0
    97d2:	0e 94 9a 40 	call	0x8134	; 0x8134 <EEPROMClass::read(int) [clone .isra.0]>
/home/ngranado/code/AlphaClock/alphafive/examples/AlphaClock/AlphaClock.ino:2359
  if (value > (EpochRightBit | 3)) 
    97d6:	84 34       	cpi	r24, 0x44	; 68
    97d8:	08 f4       	brcc	.+2      	; 0x97dc <main+0x24c>
    97da:	3f c0       	rjmp	.+126    	; 0x985a <main+0x2ca>
/home/ngranado/code/AlphaClock/alphafive/examples/AlphaClock/AlphaClock.ino:2361
  {
    DisplayMode = a5DisplayModeDefault;  
    97dc:	10 92 2a 07 	sts	0x072A, r1	; 0x80072a <DisplayMode>
/home/ngranado/code/AlphaClock/alphafive/examples/AlphaClock/AlphaClock.ino:2366
  }
  else  
    DisplayMode = value;       

  value = EEPROM.read(9);
    97e0:	89 e0       	ldi	r24, 0x09	; 9
    97e2:	90 e0       	ldi	r25, 0x00	; 0
    97e4:	0e 94 9a 40 	call	0x8134	; 0x8134 <EEPROMClass::read(int) [clone .isra.0]>
/home/ngranado/code/AlphaClock/alphafive/examples/AlphaClock/AlphaClock.ino:2367
  if ((value < 100 + UTCOffsetMin) || (value > 100 + UTCOffsetMax))
    97e8:	9c ec       	ldi	r25, 0xCC	; 204
    97ea:	98 0f       	add	r25, r24
    97ec:	99 36       	cpi	r25, 0x69	; 105
    97ee:	c0 f1       	brcs	.+112    	; 0x9860 <main+0x2d0>
/home/ngranado/code/AlphaClock/alphafive/examples/AlphaClock/AlphaClock.ino:2368
    UTCOffset = a5UTCOffsetDefault;
    97f0:	10 92 1d 07 	sts	0x071D, r1	; 0x80071d <UTCOffset>
setup():
/home/ngranado/code/AlphaClock/alphafive/examples/AlphaClock/AlphaClock.ino:965
  Serial.println("\nHello, World.");
  Serial.println("Alpha Clock Five here, reporting for duty!");   

  EEReadSettings(); // Read settings stored in EEPROM

  if (Brightness == 0)
    97f4:	80 91 53 07 	lds	r24, 0x0753	; 0x800753 <Brightness>
    97f8:	81 11       	cpse	r24, r1
    97fa:	03 c0       	rjmp	.+6      	; 0x9802 <main+0x272>
/home/ngranado/code/AlphaClock/alphafive/examples/AlphaClock/AlphaClock.ino:966
    Brightness = 1;       // If display is fully dark at reset, turn it up to minimum brightness.
    97fc:	81 e0       	ldi	r24, 0x01	; 1
    97fe:	80 93 53 07 	sts	0x0753, r24	; 0x800753 <Brightness>
beginTransmission():
/tmp/claude-1000/-home-ngranado-code-AlphaClock/a04e4601-07d0-434a-ba88-eb280e7d56e2/scratchpad/a15/packages/MightyCore/hardware/avr/3.1.0/libraries/Wire/src/Wire.cpp:196
}

void TwoWire::beginTransmission(uint8_t address)
{
  // indicate that we are transmitting
  transmitting = 1;
    9802:	81 e0       	ldi	r24, 0x01	; 1
    9804:	80 93 88 07 	sts	0x0788, r24	; 0x800788 <TwoWire::transmitting>
/tmp/claude-1000/-home-ngranado-code-AlphaClock/a04e4601-07d0-434a-ba88-eb280e7d56e2/scratchpad/a15/packages/MightyCore/hardware/avr/3.1.0/libraries/Wire/src/Wire.cpp:198
  // set address of targeted slave
  txAddress = address;
    9808:	88 e6       	ldi	r24, 0x68	; 104
    980a:	80 93 a9 07 	sts	0x07A9, r24	; 0x8007a9 <TwoWire::txAddress>
/tmp/claude-1000/-home-ngranado-code-AlphaClock/a04e4601-07d0-434a-ba88-eb280e7d56e2/scratchpad/a15/packages/MightyCore/hardware/avr/3.1.0/libraries/Wire/src/Wire.cpp:200
  // reset tx buffer iterator vars
  txBufferIndex = 0;
    980e:	10 92 ec 08 	sts	0x08EC, r1	; 0x8008ec <TwoWire::txBufferIndex>
/tmp/claude-1000/-home-ngranado-code-AlphaClock/a04e4601-07d0-434a-ba88-eb280e7d56e2/scratchpad/a15/packages/MightyCore/hardware/avr/3.1.0/libraries/Wire/src/Wire.cpp:201
  txBufferLength = 0;
    9812:	10 92 eb 08 	sts	0x08EB, r1	; 0x8008eb <TwoWire::txBufferLength>
write():
/tmp/claude-1000/-home-ngranado-code-AlphaClock/a04e4601-07d0-434a-ba88-eb280e7d56e2/scratchpad/a15/packages/MightyCore/hardware/avr/3.1.0/libraries/Wire/src/Wire.h:86
    void onRequest( void (*)(void) );

    inline size_t write(unsigned long n) { return write((uint8_t)n); }
    inline size_t write(long n) { return write((uint8_t)n); }
    inline size_t write(unsigned int n) { return write((uint8_t)n); }
    inline size_t write(int n) { return write((uint8_t)n); }
    9816:	60 e0       	ldi	r22, 0x00	; 0
    9818:	8f ee       	ldi	r24, 0xEF	; 239
    981a:	98 e0       	ldi	r25, 0x08	; 8
    981c:	0e 94 b7 38 	call	0x716e	; 0x716e <TwoWire::write(unsigned char)>
endTransmission():
/tmp/claude-1000/-home-ngranado-code-AlphaClock/a04e4601-07d0-434a-ba88-eb280e7d56e2/scratchpad/a15/packages/MightyCore/hardware/avr/3.1.0/libraries/Wire/src/Wire.cpp:239
//  This provides backwards compatibility with the original
//  definition, and expected behaviour, of endTransmission
//
uint8_t TwoWire::endTransmission(void)
{
  return endTransmission(true);
    9820:	81 e0       	ldi	r24, 0x01	; 1
    9822:	0e 94 0f 34 	call	0x681e	; 0x681e <TwoWire::endTransmission(unsigned char) [clone .constprop.31]>
a5CheckForRTC():
/home/ngranado/code/AlphaClock/alphafive/alphafive.cpp:755
    
    byte status = 0;
    Wire.beginTransmission(104); // 104 is DS3231 device address
    Wire.write(0); // start at register 0
    Wire.endTransmission();
    Wire.requestFrom(104, 1); // request one byte (seconds)
    9826:	81 e0       	ldi	r24, 0x01	; 1
    9828:	90 e0       	ldi	r25, 0x00	; 0
    982a:	0e 94 9d 3f 	call	0x7f3a	; 0x7f3a <TwoWire::requestFrom(int, int) [clone .constprop.11]>
main():
/home/ngranado/code/AlphaClock/alphafive/alphafive.cpp:751

byte a5CheckForRTC()
{ // Check for presence of RTC module.
    // send request to receive data (just a byte!) starting at register 0
    
    byte status = 0;
    982e:	80 e0       	ldi	r24, 0x00	; 0
a5CheckForRTC():
/home/ngranado/code/AlphaClock/alphafive/alphafive.cpp:759
    Wire.endTransmission();
    Wire.requestFrom(104, 1); // request one byte (seconds)
    
    int dummy;
    
    while(Wire.available())
    9830:	20 91 ed 08 	lds	r18, 0x08ED	; 0x8008ed <TwoWire::rxBufferLength>
    9834:	90 91 ee 08 	lds	r25, 0x08EE	; 0x8008ee <TwoWire::rxBufferIndex>
    9838:	29 17       	cp	r18, r25
    983a:	b1 f0       	breq	.+44     	; 0x9868 <main+0x2d8>
/home/ngranado/code/AlphaClock/alphafive/alphafive.cpp:762
    {
        status = 1;
        dummy = Wire.read(); // get seconds
    983c:	8f ee       	ldi	r24, 0xEF	; 239
    983e:	98 e0       	ldi	r25, 0x08	; 8
    9840:	0e 94 77 38 	call	0x70ee	; 0x70ee <TwoWire::read()>
main():
/home/ngranado/code/AlphaClock/alphafive/alphafive.cpp:761
    
    int dummy;
    
    while(Wire.available())
    {
        status = 1;
    9844:	81 e0       	ldi	r24, 0x01	; 1
    9846:	f4 cf       	rjmp	.-24     	; 0x9830 <main+0x2a0>
EEReadSettings():
/home/ngranado/code/AlphaClock/alphafive/examples/AlphaClock/AlphaClock.ino:2316

  value = EEPROM.read(1);
  if (value > 1)
    HourMode24 = a5HourMode24Default;
  else  
    HourMode24 = value;
    9848:	80 93 1f 07 	sts	0x071F, r24	; 0x80071f <HourMode24>
    984c:	88 cf       	rjmp	.-240    	; 0x975e <main+0x1ce>
/home/ngranado/code/AlphaClock/alphafive/examples/AlphaClock/AlphaClock.ino:2322

  value = EEPROM.read(2);
  if (value > 1)
    AlarmEnabled = a5AlarmEnabledDefault;
  else  
    AlarmEnabled = value;
    984e:	80 93 41 07 	sts	0x0741, r24	; 0x800741 <AlarmEnabled>
    9852:	8e cf       	rjmp	.-228    	; 0x9770 <main+0x1e0>
/home/ngranado/code/AlphaClock/alphafive/examples/AlphaClock/AlphaClock.ino:2347

  value = EEPROM.read(6);
  if (value > 4)
    NightLightType = a5NightLightTypeDefault;  
  else  
    NightLightType = value;    
    9854:	80 93 47 07 	sts	0x0747, r24	; 0x800747 <NightLightType>
    9858:	b1 cf       	rjmp	.-158    	; 0x97bc <main+0x22c>
/home/ngranado/code/AlphaClock/alphafive/examples/AlphaClock/AlphaClock.ino:2364
  if (value > (EpochRightBit | 3)) 
  {
    DisplayMode = a5DisplayModeDefault;  
  }
  else  
    DisplayMode = value;       
    985a:	80 93 2a 07 	sts	0x072A, r24	; 0x80072a <DisplayMode>
    985e:	c0 cf       	rjmp	.-128    	; 0x97e0 <main+0x250>
/home/ngranado/code/AlphaClock/alphafive/examples/AlphaClock/AlphaClock.ino:2370

  value = EEPROM.read(9);
  if ((value < 100 + UTCOffsetMin) || (value > 100 + UTCOffsetMax))
    UTCOffset = a5UTCOffsetDefault;
  else
    UTCOffset = value - 100;
    9860:	84 56       	subi	r24, 0x64	; 100
    9862:	80 93 1d 07 	sts	0x071D, r24	; 0x80071d <UTCOffset>
    9866:	c6 cf       	rjmp	.-116    	; 0x97f4 <main+0x264>
setup():
/home/ngranado/code/AlphaClock/alphafive/examples/AlphaClock/AlphaClock.ino:968
  EEReadSettings(); // Read settings stored in EEPROM

  if (Brightness == 0)
    Brightness = 1;       // If display is fully dark at reset, turn it up to minimum brightness.

  UseRTC = a5CheckForRTC();
    9868:	80 93 38 07 	sts	0x0738, r24	; 0x800738 <UseRTC>
/home/ngranado/code/AlphaClock/alphafive/examples/AlphaClock/AlphaClock.ino:969
  if (UseRTC)   
    986c:	88 23       	and	r24, r24
    986e:	09 f4       	brne	.+2      	; 0x9872 <main+0x2e2>
    9870:	2c c3       	rjmp	.+1624   	; 0x9eca <main+0x93a>
setSyncProvider():
/tmp/claude-1000/-home-ngranado-code-AlphaClock/a04e4601-07d0-434a-ba88-eb280e7d56e2/scratchpad/ard/libraries/Time/Time.cpp:313
  now(); // required to actually update the status
  return Status;
}

void setSyncProvider( getExternalTime getTimeFunction){
  getTimePtr = getTimeFunction;  
    9872:	8f ed       	ldi	r24, 0xDF	; 223
    9874:	9f e3       	ldi	r25, 0x3F	; 63
    9876:	90 93 ed 06 	sts	0x06ED, r25	; 0x8006ed <getTimePtr+0x1>
    987a:	80 93 ec 06 	sts	0x06EC, r24	; 0x8006ec <getTimePtr>
/tmp/claude-1000/-home-ngranado-code-AlphaClock/a04e4601-07d0-434a-ba88-eb280e7d56e2/scratchpad/ard/libraries/Time/Time.cpp:314
  nextSyncTime = sysTime;
    987e:	80 91 e8 06 	lds	r24, 0x06E8	; 0x8006e8 <sysTime>
    9882:	90 91 e9 06 	lds	r25, 0x06E9	; 0x8006e9 <sysTime+0x1>
    9886:	a0 91 ea 06 	lds	r26, 0x06EA	; 0x8006ea <sysTime+0x2>
    988a:	b0 91 eb 06 	lds	r27, 0x06EB	; 0x8006eb <sysTime+0x3>
    988e:	80 93 e4 06 	sts	0x06E4, r24	; 0x8006e4 <nextSyncTime>
    9892:	90 93 e5 06 	sts	0x06E5, r25	; 0x8006e5 <nextSyncTime+0x1>
    9896:	a0 93 e6 06 	sts	0x06E6, r26	; 0x8006e6 <nextSyncTime+0x2>
    989a:	b0 93 e7 06 	sts	0x06E7, r27	; 0x8006e7 <nextSyncTime+0x3>
/tmp/claude-1000/-home-ngranado-code-AlphaClock/a04e4601-07d0-434a-ba88-eb280e7d56e2/scratchpad/ard/libraries/Time/Time.cpp:315
  now(); // this will sync the clock
    989e:	0e 94 d7 35 	call	0x6bae	; 0x6bae <now()>
timeStatus():
/tmp/claude-1000/-home-ngranado-code-AlphaClock/a04e4601-07d0-434a-ba88-eb280e7d56e2/scratchpad/ard/libraries/Time/Time.cpp:308
  sysTime += adjustment;
}

// indicates if time has been set and recently synchronized
timeStatus_t timeStatus() {
  now(); // required to actually update the status
    98a2:	0e 94 d7 35 	call	0x6bae	; 0x6bae <now()>
setup():
/home/ngranado/code/AlphaClock/alphafive/examples/AlphaClock/AlphaClock.ino:972
  {
    setSyncProvider(RTC.get);   // Function to get the time from the RTC (e.g., Chronodot)
    if(timeStatus()!= timeSet) { 
    98a6:	80 91 ee 06 	lds	r24, 0x06EE	; 0x8006ee <Status>
    98aa:	90 91 ef 06 	lds	r25, 0x06EF	; 0x8006ef <Status+0x1>
    98ae:	02 97       	sbiw	r24, 0x02	; 2
    98b0:	09 f4       	brne	.+2      	; 0x98b4 <main+0x324>
    98b2:	04 c3       	rjmp	.+1544   	; 0x9ebc <main+0x92c>
/home/ngranado/code/AlphaClock/alphafive/examples/AlphaClock/AlphaClock.ino:973
      Serial.println("RTC detected, *but* I can't seem to sync to it. ;("); 
    98b4:	81 ec       	ldi	r24, 0xC1	; 193
    98b6:	93 e0       	ldi	r25, 0x03	; 3
    98b8:	0e 94 67 3f 	call	0x7ece	; 0x7ece <Print::println(char const*) [clone .constprop.17]>
/home/ngranado/code/AlphaClock/alphafive/examples/AlphaClock/AlphaClock.ino:974
      UseRTC = 0;
    98bc:	10 92 38 07 	sts	0x0738, r1	; 0x800738 <UseRTC>
/home/ngranado/code/AlphaClock/alphafive/examples/AlphaClock/AlphaClock.ino:984
    }
  }
  else
    Serial.println("RTC not detected. I don't know what time it is.  :(");  

  if ( UseRTC == 0)
    98c0:	80 91 38 07 	lds	r24, 0x0738	; 0x800738 <UseRTC>
    98c4:	81 11       	cpse	r24, r1
    98c6:	18 c0       	rjmp	.+48     	; 0x98f8 <main+0x368>
/home/ngranado/code/AlphaClock/alphafive/examples/AlphaClock/AlphaClock.ino:986
  {
    Serial.println("Setting the date to 2013. I didn't exist in 1970.");   
    98c8:	8b e4       	ldi	r24, 0x4B	; 75
    98ca:	94 e0       	ldi	r25, 0x04	; 4
    98cc:	0e 94 67 3f 	call	0x7ece	; 0x7ece <Print::println(char const*) [clone .constprop.17]>
setTime():
/tmp/claude-1000/-home-ngranado-code-AlphaClock/a04e4601-07d0-434a-ba88-eb280e7d56e2/scratchpad/ard/libraries/Time/Time.cpp:293
 //it is converted to years since 1970
  if( yr > 99)
      yr = yr - 1970;
  else
      yr += 30;  
  tm.Year = yr;
    98d0:	8b e2       	ldi	r24, 0x2B	; 43
    98d2:	80 93 f6 06 	sts	0x06F6, r24	; 0x8006f6 <tm+0x6>
/tmp/claude-1000/-home-ngranado-code-AlphaClock/a04e4601-07d0-434a-ba88-eb280e7d56e2/scratchpad/ard/libraries/Time/Time.cpp:294
  tm.Month = mnth;
    98d6:	81 e0       	ldi	r24, 0x01	; 1
    98d8:	80 93 f5 06 	sts	0x06F5, r24	; 0x8006f5 <tm+0x5>
/tmp/claude-1000/-home-ngranado-code-AlphaClock/a04e4601-07d0-434a-ba88-eb280e7d56e2/scratchpad/ard/libraries/Time/Time.cpp:295
  tm.Day = dy;
    98dc:	80 93 f4 06 	sts	0x06F4, r24	; 0x8006f4 <tm+0x4>
/tmp/claude-1000/-home-ngranado-code-AlphaClock/a04e4601-07d0-434a-ba88-eb280e7d56e2/scratchpad/ard/libraries/Time/Time.cpp:296
  tm.Hour = hr;
    98e0:	10 92 f2 06 	sts	0x06F2, r1	; 0x8006f2 <tm+0x2>
/tmp/claude-1000/-home-ngranado-code-AlphaClock/a04e4601-07d0-434a-ba88-eb280e7d56e2/scratchpad/ard/libraries/Time/Time.cpp:297
  tm.Minute = min;
    98e4:	10 92 f1 06 	sts	0x06F1, r1	; 0x8006f1 <tm+0x1>
/tmp/claude-1000/-home-ngranado-code-AlphaClock/a04e4601-07d0-434a-ba88-eb280e7d56e2/scratchpad/ard/libraries/Time/Time.cpp:298
  tm.Second = sec;
    98e8:	10 92 f0 06 	sts	0x06F0, r1	; 0x8006f0 <tm>
/tmp/claude-1000/-home-ngranado-code-AlphaClock/a04e4601-07d0-434a-ba88-eb280e7d56e2/scratchpad/ard/libraries/Time/Time.cpp:299
  setTime(makeTime(tm));
    98ec:	80 ef       	ldi	r24, 0xF0	; 240
    98ee:	96 e0       	ldi	r25, 0x06	; 6
    98f0:	0e 94 5e 36 	call	0x6cbc	; 0x6cbc <makeTime(tmElements_t const&)>
    98f4:	0e 94 a9 35 	call	0x6b52	; 0x6b52 <setTime(unsigned long)>
setup():
/home/ngranado/code/AlphaClock/alphafive/examples/AlphaClock/AlphaClock.ino:990
    setTime(0,0,0,1, 1, 2013);
  }

  SerialPrintTime(); 
    98f8:	0e 94 9c 40 	call	0x8138	; 0x8138 <SerialPrintTime()>
millis():
/tmp/claude-1000/-home-ngranado-code-AlphaClock/a04e4601-07d0-434a-ba88-eb280e7d56e2/scratchpad/a15/packages/MightyCore/hardware/avr/3.1.0/cores/MCUdude_corefiles/wiring.c:218
}

unsigned long millis()
{
  unsigned long m;
  uint8_t oldSREG = SREG;
    98fc:	2f b7       	in	r18, 0x3f	; 63
/tmp/claude-1000/-home-ngranado-code-AlphaClock/a04e4601-07d0-434a-ba88-eb280e7d56e2/scratchpad/a15/packages/MightyCore/hardware/avr/3.1.0/cores/MCUdude_corefiles/wiring.c:222

  // disable interrupts while we read timer0_millis or we might get an
  // inconsistent value (e.g. in the middle of a write to timer0_millis)
  cli();
    98fe:	f8 94       	cli
/tmp/claude-1000/-home-ngranado-code-AlphaClock/a04e4601-07d0-434a-ba88-eb280e7d56e2/scratchpad/a15/packages/MightyCore/hardware/avr/3.1.0/cores/MCUdude_corefiles/wiring.c:223
  m = timer0_millis;
    9900:	80 91 5e 07 	lds	r24, 0x075E	; 0x80075e <timer0_millis>
    9904:	90 91 5f 07 	lds	r25, 0x075F	; 0x80075f <timer0_millis+0x1>
    9908:	a0 91 60 07 	lds	r26, 0x0760	; 0x800760 <timer0_millis+0x2>
    990c:	b0 91 61 07 	lds	r27, 0x0761	; 0x800761 <timer0_millis+0x3>
/tmp/claude-1000/-home-ngranado-code-AlphaClock/a04e4601-07d0-434a-ba88-eb280e7d56e2/scratchpad/a15/packages/MightyCore/hardware/avr/3.1.0/cores/MCUdude_corefiles/wiring.c:224
  SREG = oldSREG;
    9910:	2f bf       	out	0x3f, r18	; 63
setup():
/home/ngranado/code/AlphaClock/alphafive/examples/AlphaClock/AlphaClock.ino:991
  NextClockUpdate = millis() + 1;
    9912:	01 96       	adiw	r24, 0x01	; 1
    9914:	a1 1d       	adc	r26, r1
    9916:	b1 1d       	adc	r27, r1
    9918:	80 93 49 07 	sts	0x0749, r24	; 0x800749 <NextClockUpdate>
    991c:	90 93 4a 07 	sts	0x074A, r25	; 0x80074a <NextClockUpdate+0x1>
    9920:	a0 93 4b 07 	sts	0x074B, r26	; 0x80074b <NextClockUpdate+0x2>
    9924:	b0 93 4c 07 	sts	0x074C, r27	; 0x80074c <NextClockUpdate+0x3>
/home/ngranado/code/AlphaClock/alphafive/examples/AlphaClock/AlphaClock.ino:993

  buttonMonitor = 0;  
    9928:	10 92 17 07 	sts	0x0717, r1	; 0x800717 <buttonMonitor>
/home/ngranado/code/AlphaClock/alphafive/examples/AlphaClock/AlphaClock.ino:994
  holdDebounce = 0;
    992c:	10 92 03 07 	sts	0x0703, r1	; 0x800703 <holdDebounce>
/home/ngranado/code/AlphaClock/alphafive/examples/AlphaClock/AlphaClock.ino:996

  modeShowAlarmTime = 0;
    9930:	10 92 2d 07 	sts	0x072D, r1	; 0x80072d <modeShowAlarmTime>
/home/ngranado/code/AlphaClock/alphafive/examples/AlphaClock/AlphaClock.ino:997
  modeShowDateViaButtons = 0; // for button-press date display
    9934:	10 92 00 07 	sts	0x0700, r1	; 0x800700 <modeShowDateViaButtons>
/home/ngranado/code/AlphaClock/alphafive/examples/AlphaClock/AlphaClock.ino:998
  modeShowMenu = 0;
    9938:	10 92 2c 07 	sts	0x072C, r1	; 0x80072c <modeShowMenu>
/home/ngranado/code/AlphaClock/alphafive/examples/AlphaClock/AlphaClock.ino:999
  modeShowText = 0;
    993c:	10 92 4f 07 	sts	0x074F, r1	; 0x80074f <modeShowText>
/home/ngranado/code/AlphaClock/alphafive/examples/AlphaClock/AlphaClock.ino:1000
  modeLEDTest = 0;
    9940:	10 92 2b 07 	sts	0x072B, r1	; 0x80072b <modeLEDTest>
/home/ngranado/code/AlphaClock/alphafive/examples/AlphaClock/AlphaClock.ino:1003

  // Alarm Setup:
  snoozed = 0;
    9944:	10 92 3c 07 	sts	0x073C, r1	; 0x80073c <snoozed>
/home/ngranado/code/AlphaClock/alphafive/examples/AlphaClock/AlphaClock.ino:1004
  alarmPrimed = 0;
    9948:	10 92 3e 07 	sts	0x073E, r1	; 0x80073e <alarmPrimed>
/home/ngranado/code/AlphaClock/alphafive/examples/AlphaClock/AlphaClock.ino:1005
  alarmNow = 0; 
    994c:	10 92 3d 07 	sts	0x073D, r1	; 0x80073d <alarmNow>
/home/ngranado/code/AlphaClock/alphafive/examples/AlphaClock/AlphaClock.ino:1006
  SoundSequence = 0; 
    9950:	10 92 3b 07 	sts	0x073B, r1	; 0x80073b <SoundSequence>
/home/ngranado/code/AlphaClock/alphafive/examples/AlphaClock/AlphaClock.ino:1008

  NextButtonCheck = NextClockUpdate;
    9954:	80 93 19 07 	sts	0x0719, r24	; 0x800719 <NextButtonCheck>
    9958:	90 93 1a 07 	sts	0x071A, r25	; 0x80071a <NextButtonCheck+0x1>
    995c:	a0 93 1b 07 	sts	0x071B, r26	; 0x80071b <NextButtonCheck+0x2>
    9960:	b0 93 1c 07 	sts	0x071C, r27	; 0x80071c <NextButtonCheck+0x3>
/home/ngranado/code/AlphaClock/alphafive/examples/AlphaClock/AlphaClock.ino:1009
  NextAlarmCheck =  NextClockUpdate;
    9964:	80 93 42 07 	sts	0x0742, r24	; 0x800742 <NextAlarmCheck>
    9968:	90 93 43 07 	sts	0x0743, r25	; 0x800743 <NextAlarmCheck+0x1>
    996c:	a0 93 44 07 	sts	0x0744, r26	; 0x800744 <NextAlarmCheck+0x2>
    9970:	b0 93 45 07 	sts	0x0745, r27	; 0x800745 <NextAlarmCheck+0x3>
/home/ngranado/code/AlphaClock/alphafive/examples/AlphaClock/AlphaClock.ino:1011

  UpdateEE = 0;
    9974:	10 92 46 07 	sts	0x0746, r1	; 0x800746 <UpdateEE>
/home/ngranado/code/AlphaClock/alphafive/examples/AlphaClock/AlphaClock.ino:1012
  LastButtonPress = NextClockUpdate;
    9978:	80 93 20 07 	sts	0x0720, r24	; 0x800720 <LastButtonPress>
    997c:	90 93 21 07 	sts	0x0721, r25	; 0x800721 <LastButtonPress+0x1>
    9980:	a0 93 22 07 	sts	0x0722, r26	; 0x800722 <LastButtonPress+0x2>
    9984:	b0 93 23 07 	sts	0x0723, r27	; 0x800723 <LastButtonPress+0x3>
/home/ngranado/code/AlphaClock/alphafive/examples/AlphaClock/AlphaClock.ino:1014

  wordSequence = 0;
    9988:	10 92 ff 06 	sts	0x06FF, r1	; 0x8006ff <wordSequence>
/home/ngranado/code/AlphaClock/alphafive/examples/AlphaClock/AlphaClock.ino:1015
  wordSequenceStep = 0;
    998c:	10 92 fe 06 	sts	0x06FE, r1	; 0x8006fe <wordSequenceStep>
/home/ngranado/code/AlphaClock/alphafive/examples/AlphaClock/AlphaClock.ino:1017

  RedrawNow = 1;
    9990:	81 e0       	ldi	r24, 0x01	; 1
    9992:	80 93 4d 07 	sts	0x074D, r24	; 0x80074d <RedrawNow>
/home/ngranado/code/AlphaClock/alphafive/examples/AlphaClock/AlphaClock.ino:1018
  RedrawNow_NoFade = 0;
    9996:	10 92 4e 07 	sts	0x074E, r1	; 0x80074e <RedrawNow_NoFade>
/home/ngranado/code/AlphaClock/alphafive/examples/AlphaClock/AlphaClock.ino:1019
  UpdateBrightness = 0;
    999a:	10 92 54 07 	sts	0x0754, r1	; 0x800754 <UpdateBrightness>
/home/ngranado/code/AlphaClock/alphafive/examples/AlphaClock/AlphaClock.ino:1023



  DisplayWordSequence(1);  // Display: Hello world
    999e:	0e 94 93 3d 	call	0x7b26	; 0x7b26 <DisplayWordSequence(unsigned char)>
a5GetButtons():
/home/ngranado/code/AlphaClock/alphafive/alphafive.cpp:744

 

byte a5GetButtons(void)
{
    return (~(PINB) & a5_BUTTONMASK);
    99a2:	83 b1       	in	r24, 0x03	; 3
    99a4:	80 95       	com	r24
    99a6:	98 2f       	mov	r25, r24
    99a8:	9f 70       	andi	r25, 0x0F	; 15
setup():
/home/ngranado/code/AlphaClock/alphafive/examples/AlphaClock/AlphaClock.ino:1025

  buttonMonitor = a5GetButtons(); 
    99aa:	90 93 17 07 	sts	0x0717, r25	; 0x800717 <buttonMonitor>
/home/ngranado/code/AlphaClock/alphafive/examples/AlphaClock/AlphaClock.ino:1026
  if (( buttonMonitor & a5_alarmSetBtn) && ( buttonMonitor & a5_timeSetBtn))
    99ae:	83 70       	andi	r24, 0x03	; 3
    99b0:	83 30       	cpi	r24, 0x03	; 3
    99b2:	01 f5       	brne	.+64     	; 0x99f4 <main+0x464>
/home/ngranado/code/AlphaClock/alphafive/examples/AlphaClock/AlphaClock.ino:1030
  {
    // If Alarm button and Time button (LED Test buttons) held down at turn on, reset to defaults.

    Brightness = a5brightLevelDefault; 
    99b4:	89 e0       	ldi	r24, 0x09	; 9
    99b6:	80 93 53 07 	sts	0x0753, r24	; 0x800753 <Brightness>
/home/ngranado/code/AlphaClock/alphafive/examples/AlphaClock/AlphaClock.ino:1031
    HourMode24 = a5HourMode24Default; 
    99ba:	10 92 1f 07 	sts	0x071F, r1	; 0x80071f <HourMode24>
/home/ngranado/code/AlphaClock/alphafive/examples/AlphaClock/AlphaClock.ino:1032
    AlarmEnabled = a5AlarmEnabledDefault; 
    99be:	10 92 41 07 	sts	0x0741, r1	; 0x800741 <AlarmEnabled>
/home/ngranado/code/AlphaClock/alphafive/examples/AlphaClock/AlphaClock.ino:1033
    AlarmTimeHr = a5AlarmHrDefault; 
    99c2:	87 e0       	ldi	r24, 0x07	; 7
    99c4:	80 93 40 07 	sts	0x0740, r24	; 0x800740 <AlarmTimeHr>
/home/ngranado/code/AlphaClock/alphafive/examples/AlphaClock/AlphaClock.ino:1034
    AlarmTimeMin = a5AlarmMinDefault; 
    99c8:	8e e1       	ldi	r24, 0x1E	; 30
    99ca:	80 93 3f 07 	sts	0x073F, r24	; 0x80073f <AlarmTimeMin>
/home/ngranado/code/AlphaClock/alphafive/examples/AlphaClock/AlphaClock.ino:1035
    AlarmTone = a5AlarmToneDefault; 
    99ce:	82 e0       	ldi	r24, 0x02	; 2
    99d0:	80 93 24 07 	sts	0x0724, r24	; 0x800724 <AlarmTone>
/home/ngranado/code/AlphaClock/alphafive/examples/AlphaClock/AlphaClock.ino:1036
    NightLightType = a5NightLightTypeDefault;   
    99d4:	10 92 47 07 	sts	0x0747, r1	; 0x800747 <NightLightType>
/home/ngranado/code/AlphaClock/alphafive/examples/AlphaClock/AlphaClock.ino:1037
    numberCharSet = a5NumberCharSetDefault; 
    99d8:	80 93 1e 07 	sts	0x071E, r24	; 0x80071e <numberCharSet>
/home/ngranado/code/AlphaClock/alphafive/examples/AlphaClock/AlphaClock.ino:1038
    DisplayMode = a5DisplayModeDefault;       
    99dc:	10 92 2a 07 	sts	0x072A, r1	; 0x80072a <DisplayMode>
/home/ngranado/code/AlphaClock/alphafive/examples/AlphaClock/AlphaClock.ino:1039
    UTCOffset = a5UTCOffsetDefault;
    99e0:	10 92 1d 07 	sts	0x071D, r1	; 0x80071d <UTCOffset>
/home/ngranado/code/AlphaClock/alphafive/examples/AlphaClock/AlphaClock.ino:1041

    wordSequenceStep = 0;
    99e4:	10 92 fe 06 	sts	0x06FE, r1	; 0x8006fe <wordSequenceStep>
/home/ngranado/code/AlphaClock/alphafive/examples/AlphaClock/AlphaClock.ino:1042
    DisplayWord ("*****", 1000); 
    99e8:	68 ee       	ldi	r22, 0xE8	; 232
    99ea:	73 e0       	ldi	r23, 0x03	; 3
    99ec:	8d e7       	ldi	r24, 0x7D	; 125
    99ee:	94 e0       	ldi	r25, 0x04	; 4
    99f0:	0e 94 65 3d 	call	0x7aca	; 0x7aca <DisplayWord(char*, unsigned int)>
/home/ngranado/code/AlphaClock/alphafive/examples/AlphaClock/AlphaClock.ino:1046
  }


  a5_brightLevel = MBlevel[Brightness];
    99f4:	80 91 53 07 	lds	r24, 0x0753	; 0x800753 <Brightness>
    99f8:	90 e0       	ldi	r25, 0x00	; 0
    99fa:	fc 01       	movw	r30, r24
    99fc:	ec 5e       	subi	r30, 0xEC	; 236
    99fe:	fd 4f       	sbci	r31, 0xFD	; 253
    9a00:	20 81       	ld	r18, Z
    9a02:	20 93 51 07 	sts	0x0751, r18	; 0x800751 <a5_brightLevel>
/home/ngranado/code/AlphaClock/alphafive/examples/AlphaClock/AlphaClock.ino:1047
  a5_brightMode = MBmode[Brightness]; 
    9a06:	80 5e       	subi	r24, 0xE0	; 224
    9a08:	9d 4f       	sbci	r25, 0xFD	; 253
    9a0a:	fc 01       	movw	r30, r24
    9a0c:	80 81       	ld	r24, Z
    9a0e:	80 93 52 07 	sts	0x0752, r24	; 0x800752 <a5_brightMode>
/home/ngranado/code/AlphaClock/alphafive/examples/AlphaClock/AlphaClock.ino:1049

  a5loadAltNumbers(numberCharSet);
    9a12:	80 91 1e 07 	lds	r24, 0x071E	; 0x80071e <numberCharSet>
    9a16:	0e 94 f5 3a 	call	0x75ea	; 0x75ea <a5loadAltNumbers(signed char)>
/home/ngranado/code/AlphaClock/alphafive/examples/AlphaClock/AlphaClock.ino:1051

  FLWoffset = 0;
    9a1a:	10 92 fd 06 	sts	0x06FD, r1	; 0x8006fd <FLWoffset+0x1>
    9a1e:	10 92 fc 06 	sts	0x06FC, r1	; 0x8006fc <FLWoffset>
/home/ngranado/code/AlphaClock/alphafive/examples/AlphaClock/AlphaClock.ino:1053

  NightLightSign = 1;
    9a22:	81 e0       	ldi	r24, 0x01	; 1
    9a24:	80 93 fb 06 	sts	0x06FB, r24	; 0x8006fb <NightLightSign>
/home/ngranado/code/AlphaClock/alphafive/examples/AlphaClock/AlphaClock.ino:1054
  NightLightStep = 0; 
    9a28:	10 92 fa 06 	sts	0x06FA, r1	; 0x8006fa <NightLightStep+0x1>
    9a2c:	10 92 f9 06 	sts	0x06F9, r1	; 0x8006f9 <NightLightStep>
/home/ngranado/code/AlphaClock/alphafive/examples/AlphaClock/AlphaClock.ino:1055
  updateNightLight();
    9a30:	0e 94 c0 3c 	call	0x7980	; 0x7980 <updateNightLight()>
/home/ngranado/code/AlphaClock/alphafive/examples/AlphaClock/AlphaClock.ino:1057

  DisplayModePhase = 0;
    9a34:	10 92 f8 06 	sts	0x06F8, r1	; 0x8006f8 <DisplayModePhase>
/home/ngranado/code/AlphaClock/alphafive/examples/AlphaClock/AlphaClock.ino:1058
  DisplayModePhaseCount = 0;
    9a38:	10 92 f7 06 	sts	0x06F7, r1	; 0x8006f7 <DisplayModePhaseCount>
checkButtons():
/home/ngranado/code/AlphaClock/alphafive/examples/AlphaClock/AlphaClock.ino:607
          modeShowMenu = 0;  //  Exit configuration menu     
          DisplayWord ("     ", 500); 
        }
        else
        {
          modeShowMenu = 1;  // Enter configuration menu 
    9a3c:	55 24       	eor	r5, r5
    9a3e:	53 94       	inc	r5
/home/ngranado/code/AlphaClock/alphafive/examples/AlphaClock/AlphaClock.ino:452
      if (( buttonMonitor & a5_AlarmSetMinusBtns) == a5_AlarmSetMinusBtns) 
        if (TimeChanged < 2)
        {        
          decrementAlarm(); // Subtract one minute
          RedrawNow = 1; 
          TimeChanged = 2; // One-time press: detected
    9a40:	32 e0       	ldi	r19, 0x02	; 2
    9a42:	33 2e       	mov	r3, r19
    9a44:	8e 01       	movw	r16, r28
    9a46:	03 5f       	subi	r16, 0xF3	; 243
    9a48:	1f 4f       	sbci	r17, 0xFF	; 255
    9a4a:	9e 01       	movw	r18, r28
    9a4c:	28 5f       	subi	r18, 0xF8	; 248
    9a4e:	3f 4f       	sbci	r19, 0xFF	; 255
    9a50:	39 8f       	std	Y+25, r19	; 0x19
    9a52:	28 8f       	std	Y+24, r18	; 0x18
processSerialMessage():
/home/ngranado/code/AlphaClock/alphafive/examples/AlphaClock/AlphaClock.ino:1296
            if (c == '0')
            {
              // Set brightness
              c = Serial.read();  // Read input buffer, char 3 of 10

              Brightness = (10 * (c2 - '0') + (c - '0'));
    9a54:	4a e0       	ldi	r20, 0x0A	; 10
    9a56:	24 2e       	mov	r2, r20
millis():
/tmp/claude-1000/-home-ngranado-code-AlphaClock/a04e4601-07d0-434a-ba88-eb280e7d56e2/scratchpad/a15/packages/MightyCore/hardware/avr/3.1.0/cores/MCUdude_corefiles/wiring.c:218
}

unsigned long millis()
{
  unsigned long m;
  uint8_t oldSREG = SREG;
    9a58:	2f b7       	in	r18, 0x3f	; 63
/tmp/claude-1000/-home-ngranado-code-AlphaClock/a04e4601-07d0-434a-ba88-eb280e7d56e2/scratchpad/a15/packages/MightyCore/hardware/avr/3.1.0/cores/MCUdude_corefiles/wiring.c:222

  // disable interrupts while we read timer0_millis or we might get an
  // inconsistent value (e.g. in the middle of a write to timer0_millis)
  cli();
    9a5a:	f8 94       	cli
/tmp/claude-1000/-home-ngranado-code-AlphaClock/a04e4601-07d0-434a-ba88-eb280e7d56e2/scratchpad/a15/packages/MightyCore/hardware/avr/3.1.0/cores/MCUdude_corefiles/wiring.c:223
  m = timer0_millis;
    9a5c:	80 91 5e 07 	lds	r24, 0x075E	; 0x80075e <timer0_millis>
    9a60:	90 91 5f 07 	lds	r25, 0x075F	; 0x80075f <timer0_millis+0x1>
    9a64:	a0 91 60 07 	lds	r26, 0x0760	; 0x800760 <timer0_millis+0x2>
    9a68:	b0 91 61 07 	lds	r27, 0x0761	; 0x800761 <timer0_millis+0x3>
/tmp/claude-1000/-home-ngranado-code-AlphaClock/a04e4601-07d0-434a-ba88-eb280e7d56e2/scratchpad/a15/packages/MightyCore/hardware/avr/3.1.0/cores/MCUdude_corefiles/wiring.c:224
  SREG = oldSREG;
    9a6c:	2f bf       	out	0x3f, r18	; 63
loop():
/home/ngranado/code/AlphaClock/alphafive/examples/AlphaClock/AlphaClock.ino:1064

}

void loop() {

  milliTemp = millis();
    9a6e:	80 93 55 07 	sts	0x0755, r24	; 0x800755 <milliTemp>
    9a72:	90 93 56 07 	sts	0x0756, r25	; 0x800756 <milliTemp+0x1>
    9a76:	a0 93 57 07 	sts	0x0757, r26	; 0x800757 <milliTemp+0x2>
    9a7a:	b0 93 58 07 	sts	0x0758, r27	; 0x800758 <milliTemp+0x3>
checkButtons():
/home/ngranado/code/AlphaClock/alphafive/examples/AlphaClock/AlphaClock.ino:245
  }
}  

void checkButtons(void )
{ 
  if (milliTemp  >=  NextButtonCheck)  // Typically, go through this every 20 ms.
    9a7e:	40 91 19 07 	lds	r20, 0x0719	; 0x800719 <NextButtonCheck>
    9a82:	50 91 1a 07 	lds	r21, 0x071A	; 0x80071a <NextButtonCheck+0x1>
    9a86:	60 91 1b 07 	lds	r22, 0x071B	; 0x80071b <NextButtonCheck+0x2>
    9a8a:	70 91 1c 07 	lds	r23, 0x071C	; 0x80071c <NextButtonCheck+0x3>
    9a8e:	84 17       	cp	r24, r20
    9a90:	95 07       	cpc	r25, r21
    9a92:	a6 07       	cpc	r26, r22
    9a94:	b7 07       	cpc	r27, r23
    9a96:	08 f4       	brcc	.+2      	; 0x9a9a <main+0x50a>
    9a98:	39 c1       	rjmp	.+626    	; 0x9d0c <main+0x77c>
/home/ngranado/code/AlphaClock/alphafive/examples/AlphaClock/AlphaClock.ino:247
  {
    NextButtonCheck = milliTemp + ButtonCheckInterval;
    9a9a:	44 96       	adiw	r24, 0x14	; 20
    9a9c:	a1 1d       	adc	r26, r1
    9a9e:	b1 1d       	adc	r27, r1
    9aa0:	80 93 19 07 	sts	0x0719, r24	; 0x800719 <NextButtonCheck>
    9aa4:	90 93 1a 07 	sts	0x071A, r25	; 0x80071a <NextButtonCheck+0x1>
    9aa8:	a0 93 1b 07 	sts	0x071B, r26	; 0x80071b <NextButtonCheck+0x2>
    9aac:	b0 93 1c 07 	sts	0x071C, r27	; 0x80071c <NextButtonCheck+0x3>
a5GetButtons():
/home/ngranado/code/AlphaClock/alphafive/alphafive.cpp:744
    9ab0:	83 b1       	in	r24, 0x03	; 3
    9ab2:	80 95       	com	r24
    9ab4:	8f 70       	andi	r24, 0x0F	; 15
checkButtons():
/home/ngranado/code/AlphaClock/alphafive/examples/AlphaClock/AlphaClock.ino:254
    // Debounce: a button counts as down only if it reads down on two consecutive
    // checks. The buttons have only the weak internal pull-ups, so a momentary
    // glitch on a button line must not register as a press (or as a held + and -,
    // which toggles the settings menu).
    byte buttonSample = a5GetButtons();
    buttonMonitor = buttonSample & buttonSampleLast;
    9ab6:	90 91 18 07 	lds	r25, 0x0718	; 0x800718 <buttonSampleLast>
    9aba:	98 23       	and	r25, r24
    9abc:	90 93 17 07 	sts	0x0717, r25	; 0x800717 <buttonMonitor>
/home/ngranado/code/AlphaClock/alphafive/examples/AlphaClock/AlphaClock.ino:255
    buttonSampleLast = buttonSample;
    9ac0:	80 93 18 07 	sts	0x0718, r24	; 0x800718 <buttonSampleLast>
/home/ngranado/code/AlphaClock/alphafive/examples/AlphaClock/AlphaClock.ino:263
     #define a5timeSetBtn   2				// Set time button
     #define a5plusBtn      4				// + button
     #define a5minusBtn     8				// - button
     */

    if (buttonMonitor){  // If any buttons have been down in last ButtonCheckInterval
    9ac4:	99 23       	and	r25, r25
    9ac6:	09 f4       	brne	.+2      	; 0x9aca <main+0x53a>
    9ac8:	35 c2       	rjmp	.+1130   	; 0x9f34 <main+0x9a4>
/home/ngranado/code/AlphaClock/alphafive/examples/AlphaClock/AlphaClock.ino:265

      if (VCRmode)
    9aca:	80 91 50 07 	lds	r24, 0x0750	; 0x800750 <VCRmode>
    9ace:	81 11       	cpse	r24, r1
/home/ngranado/code/AlphaClock/alphafive/examples/AlphaClock/AlphaClock.ino:266
        EndVCRmode();  // Turn off VCR-blink mode, if it was still on.
    9ad0:	0e 94 76 40 	call	0x80ec	; 0x80ec <EndVCRmode()>
/home/ngranado/code/AlphaClock/alphafive/examples/AlphaClock/AlphaClock.ino:271


      // Check to see if any of the buttons has JUST been depressed: 

      if (( buttonMonitor & a5_alarmSetBtn) && ((buttonStateLast & a5_alarmSetBtn) == 0))
    9ad4:	80 91 17 07 	lds	r24, 0x0717	; 0x800717 <buttonMonitor>
    9ad8:	80 ff       	sbrs	r24, 0
    9ada:	1f c0       	rjmp	.+62     	; 0x9b1a <main+0x58a>
    9adc:	80 91 16 07 	lds	r24, 0x0716	; 0x800716 <buttonStateLast>
    9ae0:	80 fd       	sbrc	r24, 0
    9ae2:	1b c0       	rjmp	.+54     	; 0x9b1a <main+0x58a>
/home/ngranado/code/AlphaClock/alphafive/examples/AlphaClock/AlphaClock.ino:274
      {  // If Alarm Set button was just depressed

        Btn1_AlrmSet_StartTime = milliTemp;  
    9ae4:	80 91 55 07 	lds	r24, 0x0755	; 0x800755 <milliTemp>
    9ae8:	90 91 56 07 	lds	r25, 0x0756	; 0x800756 <milliTemp+0x1>
    9aec:	a0 91 57 07 	lds	r26, 0x0757	; 0x800757 <milliTemp+0x2>
    9af0:	b0 91 58 07 	lds	r27, 0x0758	; 0x800758 <milliTemp+0x3>
    9af4:	80 93 12 07 	sts	0x0712, r24	; 0x800712 <Btn1_AlrmSet_StartTime>
    9af8:	90 93 13 07 	sts	0x0713, r25	; 0x800713 <Btn1_AlrmSet_StartTime+0x1>
    9afc:	a0 93 14 07 	sts	0x0714, r26	; 0x800714 <Btn1_AlrmSet_StartTime+0x2>
    9b00:	b0 93 15 07 	sts	0x0715, r27	; 0x800715 <Btn1_AlrmSet_StartTime+0x3>
/home/ngranado/code/AlphaClock/alphafive/examples/AlphaClock/AlphaClock.ino:276

        if (alarmNow){  // If alarm is going off, this button is the SNOOZE button.
    9b04:	80 91 3d 07 	lds	r24, 0x073D	; 0x80073d <alarmNow>
    9b08:	88 23       	and	r24, r24
    9b0a:	39 f0       	breq	.+14     	; 0x9b1a <main+0x58a>
/home/ngranado/code/AlphaClock/alphafive/examples/AlphaClock/AlphaClock.ino:278

          if (modeShowMenu)
    9b0c:	80 91 2c 07 	lds	r24, 0x072C	; 0x80072c <modeShowMenu>
    9b10:	88 23       	and	r24, r24
    9b12:	09 f4       	brne	.+2      	; 0x9b16 <main+0x586>
    9b14:	df c1       	rjmp	.+958    	; 0x9ed4 <main+0x944>
/home/ngranado/code/AlphaClock/alphafive/examples/AlphaClock/AlphaClock.ino:280
          {
            TurnOffAlarm();
    9b16:	0e 94 a8 3e 	call	0x7d50	; 0x7d50 <TurnOffAlarm()>
/home/ngranado/code/AlphaClock/alphafive/examples/AlphaClock/AlphaClock.ino:304
          }

        } 
      }

      if (( buttonMonitor & a5_timeSetBtn) && ((buttonStateLast & a5_timeSetBtn) == 0)){
    9b1a:	80 91 17 07 	lds	r24, 0x0717	; 0x800717 <buttonMonitor>
    9b1e:	81 ff       	sbrs	r24, 1
    9b20:	16 c0       	rjmp	.+44     	; 0x9b4e <main+0x5be>
    9b22:	90 91 16 07 	lds	r25, 0x0716	; 0x800716 <buttonStateLast>
    9b26:	91 fd       	sbrc	r25, 1
    9b28:	12 c0       	rjmp	.+36     	; 0x9b4e <main+0x5be>
/home/ngranado/code/AlphaClock/alphafive/examples/AlphaClock/AlphaClock.ino:306
        // Button S2 just depressed.
        Btn2_TimeSet_StartTime = milliTemp; 
    9b2a:	40 91 55 07 	lds	r20, 0x0755	; 0x800755 <milliTemp>
    9b2e:	50 91 56 07 	lds	r21, 0x0756	; 0x800756 <milliTemp+0x1>
    9b32:	60 91 57 07 	lds	r22, 0x0757	; 0x800757 <milliTemp+0x2>
    9b36:	70 91 58 07 	lds	r23, 0x0758	; 0x800758 <milliTemp+0x3>
    9b3a:	40 93 0e 07 	sts	0x070E, r20	; 0x80070e <Btn2_TimeSet_StartTime>
    9b3e:	50 93 0f 07 	sts	0x070F, r21	; 0x80070f <Btn2_TimeSet_StartTime+0x1>
    9b42:	60 93 10 07 	sts	0x0710, r22	; 0x800710 <Btn2_TimeSet_StartTime+0x2>
    9b46:	70 93 11 07 	sts	0x0711, r23	; 0x800711 <Btn2_TimeSet_StartTime+0x3>
/home/ngranado/code/AlphaClock/alphafive/examples/AlphaClock/AlphaClock.ino:307
        TimeChanged = 0;
    9b4a:	10 92 0d 07 	sts	0x070D, r1	; 0x80070d <TimeChanged>
/home/ngranado/code/AlphaClock/alphafive/examples/AlphaClock/AlphaClock.ino:309
      }
      if (( buttonMonitor & a5_plusBtn) && ((buttonStateLast & a5_plusBtn) == 0))
    9b4e:	82 ff       	sbrs	r24, 2
    9b50:	14 c0       	rjmp	.+40     	; 0x9b7a <main+0x5ea>
    9b52:	90 91 16 07 	lds	r25, 0x0716	; 0x800716 <buttonStateLast>
    9b56:	92 fd       	sbrc	r25, 2
    9b58:	10 c0       	rjmp	.+32     	; 0x9b7a <main+0x5ea>
/home/ngranado/code/AlphaClock/alphafive/examples/AlphaClock/AlphaClock.ino:310
        Btn3_Plus_StartTime = milliTemp; 
    9b5a:	40 91 55 07 	lds	r20, 0x0755	; 0x800755 <milliTemp>
    9b5e:	50 91 56 07 	lds	r21, 0x0756	; 0x800756 <milliTemp+0x1>
    9b62:	60 91 57 07 	lds	r22, 0x0757	; 0x800757 <milliTemp+0x2>
    9b66:	70 91 58 07 	lds	r23, 0x0758	; 0x800758 <milliTemp+0x3>
    9b6a:	40 93 09 07 	sts	0x0709, r20	; 0x800709 <Btn3_Plus_StartTime>
    9b6e:	50 93 0a 07 	sts	0x070A, r21	; 0x80070a <Btn3_Plus_StartTime+0x1>
    9b72:	60 93 0b 07 	sts	0x070B, r22	; 0x80070b <Btn3_Plus_StartTime+0x2>
    9b76:	70 93 0c 07 	sts	0x070C, r23	; 0x80070c <Btn3_Plus_StartTime+0x3>
/home/ngranado/code/AlphaClock/alphafive/examples/AlphaClock/AlphaClock.ino:311
      if (( buttonMonitor & a5_minusBtn) && ((buttonStateLast & a5_minusBtn) == 0)) 
    9b7a:	83 ff       	sbrs	r24, 3
    9b7c:	14 c0       	rjmp	.+40     	; 0x9ba6 <main+0x616>
    9b7e:	80 91 16 07 	lds	r24, 0x0716	; 0x800716 <buttonStateLast>
    9b82:	83 fd       	sbrc	r24, 3
    9b84:	10 c0       	rjmp	.+32     	; 0x9ba6 <main+0x616>
/home/ngranado/code/AlphaClock/alphafive/examples/AlphaClock/AlphaClock.ino:312
        Btn4_Minus_StartTime = milliTemp;  
    9b86:	80 91 55 07 	lds	r24, 0x0755	; 0x800755 <milliTemp>
    9b8a:	90 91 56 07 	lds	r25, 0x0756	; 0x800756 <milliTemp+0x1>
    9b8e:	a0 91 57 07 	lds	r26, 0x0757	; 0x800757 <milliTemp+0x2>
    9b92:	b0 91 58 07 	lds	r27, 0x0758	; 0x800758 <milliTemp+0x3>
    9b96:	80 93 05 07 	sts	0x0705, r24	; 0x800705 <Btn4_Minus_StartTime>
    9b9a:	90 93 06 07 	sts	0x0706, r25	; 0x800706 <Btn4_Minus_StartTime+0x1>
    9b9e:	a0 93 07 07 	sts	0x0707, r26	; 0x800707 <Btn4_Minus_StartTime+0x2>
    9ba2:	b0 93 08 07 	sts	0x0708, r27	; 0x800708 <Btn4_Minus_StartTime+0x3>
/home/ngranado/code/AlphaClock/alphafive/examples/AlphaClock/AlphaClock.ino:322
      TimeChanged = 0;
      AlarmTimeChanged = 0;
      holdDebounce = 1;  
    }

    if (modeShowMenu || buttonMonitor)
    9ba6:	80 91 2c 07 	lds	r24, 0x072C	; 0x80072c <modeShowMenu>
    9baa:	f0 90 17 07 	lds	r15, 0x0717	; 0x800717 <buttonMonitor>
    9bae:	81 11       	cpse	r24, r1
    9bb0:	03 c0       	rjmp	.+6      	; 0x9bb8 <main+0x628>
    9bb2:	ff 20       	and	r15, r15
    9bb4:	09 f4       	brne	.+2      	; 0x9bb8 <main+0x628>
    9bb6:	dc c1       	rjmp	.+952    	; 0x9f70 <main+0x9e0>
/home/ngranado/code/AlphaClock/alphafive/examples/AlphaClock/AlphaClock.ino:323
      LastButtonPress = milliTemp;  //Reset EEPROM Save Timer if menu shown, or if a button pressed.
    9bb8:	40 91 55 07 	lds	r20, 0x0755	; 0x800755 <milliTemp>
    9bbc:	50 91 56 07 	lds	r21, 0x0756	; 0x800756 <milliTemp+0x1>
    9bc0:	60 91 57 07 	lds	r22, 0x0757	; 0x800757 <milliTemp+0x2>
    9bc4:	70 91 58 07 	lds	r23, 0x0758	; 0x800758 <milliTemp+0x3>
    9bc8:	40 93 20 07 	sts	0x0720, r20	; 0x800720 <LastButtonPress>
    9bcc:	50 93 21 07 	sts	0x0721, r21	; 0x800721 <LastButtonPress+0x1>
    9bd0:	60 93 22 07 	sts	0x0722, r22	; 0x800722 <LastButtonPress+0x2>
    9bd4:	70 93 23 07 	sts	0x0723, r23	; 0x800723 <LastButtonPress+0x3>
/home/ngranado/code/AlphaClock/alphafive/examples/AlphaClock/AlphaClock.ino:325

    if (modeShowMenu && holdDebounce){    // Button behavior, when in Config menu mode:
    9bd8:	88 23       	and	r24, r24
    9bda:	09 f4       	brne	.+2      	; 0x9bde <main+0x64e>
    9bdc:	c9 c1       	rjmp	.+914    	; 0x9f70 <main+0x9e0>
    9bde:	80 91 03 07 	lds	r24, 0x0703	; 0x800703 <holdDebounce>
    9be2:	88 23       	and	r24, r24
    9be4:	09 f4       	brne	.+2      	; 0x9be8 <main+0x658>
    9be6:	c4 c1       	rjmp	.+904    	; 0x9f70 <main+0x9e0>
/home/ngranado/code/AlphaClock/alphafive/examples/AlphaClock/AlphaClock.ino:328

      // Check to see if AlarmSet button was JUST released::
      if ( ((buttonMonitor & a5_alarmSetBtn) == 0) && (buttonStateLast & a5_alarmSetBtn))
    9be8:	f0 fc       	sbrc	r15, 0
    9bea:	12 c0       	rjmp	.+36     	; 0x9c10 <main+0x680>
    9bec:	80 91 16 07 	lds	r24, 0x0716	; 0x800716 <buttonStateLast>
    9bf0:	80 ff       	sbrs	r24, 0
    9bf2:	0e c0       	rjmp	.+28     	; 0x9c10 <main+0x680>
/home/ngranado/code/AlphaClock/alphafive/examples/AlphaClock/AlphaClock.ino:330
      {  
        if ( menuItem > 0)   //Decrement current position within options menu
    9bf4:	80 91 02 07 	lds	r24, 0x0702	; 0x800702 <menuItem>
    9bf8:	88 23       	and	r24, r24
    9bfa:	09 f4       	brne	.+2      	; 0x9bfe <main+0x66e>
    9bfc:	a6 c1       	rjmp	.+844    	; 0x9f4a <main+0x9ba>
/home/ngranado/code/AlphaClock/alphafive/examples/AlphaClock/AlphaClock.ino:331
          menuItem--;
    9bfe:	81 50       	subi	r24, 0x01	; 1
/home/ngranado/code/AlphaClock/alphafive/examples/AlphaClock/AlphaClock.ino:333
        else
          menuItem = MenuItemsMax;  // Wrap-around at low-end of menu
    9c00:	80 93 02 07 	sts	0x0702, r24	; 0x800702 <menuItem>
/home/ngranado/code/AlphaClock/alphafive/examples/AlphaClock/AlphaClock.ino:334
        optionValue = 0;
    9c04:	10 92 01 07 	sts	0x0701, r1	; 0x800701 <optionValue>
/home/ngranado/code/AlphaClock/alphafive/examples/AlphaClock/AlphaClock.ino:335
        TurnOffAlarm();
    9c08:	0e 94 a8 3e 	call	0x7d50	; 0x7d50 <TurnOffAlarm()>
/home/ngranado/code/AlphaClock/alphafive/examples/AlphaClock/AlphaClock.ino:336
        DisplayMenuOptionName();
    9c0c:	0e 94 61 3e 	call	0x7cc2	; 0x7cc2 <DisplayMenuOptionName()>
/home/ngranado/code/AlphaClock/alphafive/examples/AlphaClock/AlphaClock.ino:340
      }

      // If TimeSet button was just released::
      if (( (buttonMonitor & a5_timeSetBtn) == 0) && (buttonStateLast & a5_timeSetBtn))
    9c10:	f1 fc       	sbrc	r15, 1
    9c12:	0f c0       	rjmp	.+30     	; 0x9c32 <main+0x6a2>
    9c14:	80 91 16 07 	lds	r24, 0x0716	; 0x800716 <buttonStateLast>
    9c18:	81 ff       	sbrs	r24, 1
    9c1a:	0b c0       	rjmp	.+22     	; 0x9c32 <main+0x6a2>
/home/ngranado/code/AlphaClock/alphafive/examples/AlphaClock/AlphaClock.ino:342
      {
        if ((alarmNow) || (snoozed)){  // Just Turn Off Alarm 
    9c1c:	80 91 3d 07 	lds	r24, 0x073D	; 0x80073d <alarmNow>
    9c20:	81 11       	cpse	r24, r1
    9c22:	05 c0       	rjmp	.+10     	; 0x9c2e <main+0x69e>
    9c24:	80 91 3c 07 	lds	r24, 0x073C	; 0x80073c <snoozed>
    9c28:	88 23       	and	r24, r24
    9c2a:	09 f4       	brne	.+2      	; 0x9c2e <main+0x69e>
    9c2c:	90 c1       	rjmp	.+800    	; 0x9f4e <main+0x9be>
/home/ngranado/code/AlphaClock/alphafive/examples/AlphaClock/AlphaClock.ino:343
          TurnOffAlarm();
    9c2e:	0e 94 a8 3e 	call	0x7d50	; 0x7d50 <TurnOffAlarm()>
/home/ngranado/code/AlphaClock/alphafive/examples/AlphaClock/AlphaClock.ino:355
          TurnOffAlarm();
          DisplayMenuOptionName();
        }
      }

      if (( (buttonMonitor & a5_plusBtn) == 0) && (buttonStateLast & a5_plusBtn))
    9c32:	f2 fc       	sbrc	r15, 2
    9c34:	0a c0       	rjmp	.+20     	; 0x9c4a <main+0x6ba>
    9c36:	80 91 16 07 	lds	r24, 0x0716	; 0x800716 <buttonStateLast>
    9c3a:	82 ff       	sbrs	r24, 2
    9c3c:	06 c0       	rjmp	.+12     	; 0x9c4a <main+0x6ba>
/home/ngranado/code/AlphaClock/alphafive/examples/AlphaClock/AlphaClock.ino:357
      { // The "+" button has just been released.
        optionValue = 1; 
    9c3e:	50 92 01 07 	sts	0x0701, r5	; 0x800701 <optionValue>
/home/ngranado/code/AlphaClock/alphafive/examples/AlphaClock/AlphaClock.ino:358
        UpdateEE = 1;
    9c42:	50 92 46 07 	sts	0x0746, r5	; 0x800746 <UpdateEE>
/home/ngranado/code/AlphaClock/alphafive/examples/AlphaClock/AlphaClock.ino:359
        RedrawNow = 1;
    9c46:	50 92 4d 07 	sts	0x074D, r5	; 0x80074d <RedrawNow>
/home/ngranado/code/AlphaClock/alphafive/examples/AlphaClock/AlphaClock.ino:362
      }

      if (( (buttonMonitor & a5_minusBtn) == 0) && (buttonStateLast & a5_minusBtn)) 
    9c4a:	f3 fc       	sbrc	r15, 3
    9c4c:	0b c0       	rjmp	.+22     	; 0x9c64 <main+0x6d4>
    9c4e:	80 91 16 07 	lds	r24, 0x0716	; 0x800716 <buttonStateLast>
    9c52:	83 ff       	sbrs	r24, 3
    9c54:	07 c0       	rjmp	.+14     	; 0x9c64 <main+0x6d4>
/home/ngranado/code/AlphaClock/alphafive/examples/AlphaClock/AlphaClock.ino:364
      {  // The "-" Button has just been released.
        optionValue = -1; 
    9c56:	8f ef       	ldi	r24, 0xFF	; 255
    9c58:	80 93 01 07 	sts	0x0701, r24	; 0x800701 <optionValue>
/home/ngranado/code/AlphaClock/alphafive/examples/AlphaClock/AlphaClock.ino:365
        UpdateEE = 1;
    9c5c:	50 92 46 07 	sts	0x0746, r5	; 0x800746 <UpdateEE>
/home/ngranado/code/AlphaClock/alphafive/examples/AlphaClock/AlphaClock.ino:366
        RedrawNow = 1;
    9c60:	50 92 4d 07 	sts	0x074D, r5	; 0x80074d <RedrawNow>
/home/ngranado/code/AlphaClock/alphafive/examples/AlphaClock/AlphaClock.ino:591


    /////////////////////////////  ENTERING & LEAVING CONFIG MENU  /////////////////////////////  

    // Check to see if both S3 and S4 are both currently held down:
    if (( buttonMonitor & a5_plusBtn) && ( buttonMonitor & a5_minusBtn))
    9c64:	f0 90 17 07 	lds	r15, 0x0717	; 0x800717 <buttonMonitor>
    9c68:	8f 2d       	mov	r24, r15
    9c6a:	8c 70       	andi	r24, 0x0C	; 12
    9c6c:	8c 30       	cpi	r24, 0x0C	; 12
    9c6e:	09 f0       	breq	.+2      	; 0x9c72 <main+0x6e2>
    9c70:	4b c0       	rjmp	.+150    	; 0x9d08 <main+0x778>
/home/ngranado/code/AlphaClock/alphafive/examples/AlphaClock/AlphaClock.ino:594
    {

      if( (milliTemp >= (Btn3_Plus_StartTime + HoldDownTime )) && (milliTemp >= (Btn4_Minus_StartTime + HoldDownTime )))
    9c72:	80 91 55 07 	lds	r24, 0x0755	; 0x800755 <milliTemp>
    9c76:	90 91 56 07 	lds	r25, 0x0756	; 0x800756 <milliTemp+0x1>
    9c7a:	a0 91 57 07 	lds	r26, 0x0757	; 0x800757 <milliTemp+0x2>
    9c7e:	b0 91 58 07 	lds	r27, 0x0758	; 0x800758 <milliTemp+0x3>
    9c82:	40 91 09 07 	lds	r20, 0x0709	; 0x800709 <Btn3_Plus_StartTime>
    9c86:	50 91 0a 07 	lds	r21, 0x070A	; 0x80070a <Btn3_Plus_StartTime+0x1>
    9c8a:	60 91 0b 07 	lds	r22, 0x070B	; 0x80070b <Btn3_Plus_StartTime+0x2>
    9c8e:	70 91 0c 07 	lds	r23, 0x070C	; 0x80070c <Btn3_Plus_StartTime+0x3>
    9c92:	40 53       	subi	r20, 0x30	; 48
    9c94:	58 4f       	sbci	r21, 0xF8	; 248
    9c96:	6f 4f       	sbci	r22, 0xFF	; 255
    9c98:	7f 4f       	sbci	r23, 0xFF	; 255
    9c9a:	84 17       	cp	r24, r20
    9c9c:	95 07       	cpc	r25, r21
    9c9e:	a6 07       	cpc	r26, r22
    9ca0:	b7 07       	cpc	r27, r23
    9ca2:	90 f1       	brcs	.+100    	; 0x9d08 <main+0x778>
    9ca4:	40 91 05 07 	lds	r20, 0x0705	; 0x800705 <Btn4_Minus_StartTime>
    9ca8:	50 91 06 07 	lds	r21, 0x0706	; 0x800706 <Btn4_Minus_StartTime+0x1>
    9cac:	60 91 07 07 	lds	r22, 0x0707	; 0x800707 <Btn4_Minus_StartTime+0x2>
    9cb0:	70 91 08 07 	lds	r23, 0x0708	; 0x800708 <Btn4_Minus_StartTime+0x3>
    9cb4:	40 53       	subi	r20, 0x30	; 48
    9cb6:	58 4f       	sbci	r21, 0xF8	; 248
    9cb8:	6f 4f       	sbci	r22, 0xFF	; 255
    9cba:	7f 4f       	sbci	r23, 0xFF	; 255
    9cbc:	84 17       	cp	r24, r20
    9cbe:	95 07       	cpc	r25, r21
    9cc0:	a6 07       	cpc	r26, r22
    9cc2:	b7 07       	cpc	r27, r23
    9cc4:	08 f1       	brcs	.+66     	; 0x9d08 <main+0x778>
/home/ngranado/code/AlphaClock/alphafive/examples/AlphaClock/AlphaClock.ino:596
      {  
        Btn3_Plus_StartTime = milliTemp;     // Reset hold-down timer
    9cc6:	80 93 09 07 	sts	0x0709, r24	; 0x800709 <Btn3_Plus_StartTime>
    9cca:	90 93 0a 07 	sts	0x070A, r25	; 0x80070a <Btn3_Plus_StartTime+0x1>
    9cce:	a0 93 0b 07 	sts	0x070B, r26	; 0x80070b <Btn3_Plus_StartTime+0x2>
    9cd2:	b0 93 0c 07 	sts	0x070C, r27	; 0x80070c <Btn3_Plus_StartTime+0x3>
/home/ngranado/code/AlphaClock/alphafive/examples/AlphaClock/AlphaClock.ino:597
        Btn4_Minus_StartTime = milliTemp;    // Reset hold-down timer
    9cd6:	80 93 05 07 	sts	0x0705, r24	; 0x800705 <Btn4_Minus_StartTime>
    9cda:	90 93 06 07 	sts	0x0706, r25	; 0x800706 <Btn4_Minus_StartTime+0x1>
    9cde:	a0 93 07 07 	sts	0x0707, r26	; 0x800707 <Btn4_Minus_StartTime+0x2>
    9ce2:	b0 93 08 07 	sts	0x0708, r27	; 0x800708 <Btn4_Minus_StartTime+0x3>
/home/ngranado/code/AlphaClock/alphafive/examples/AlphaClock/AlphaClock.ino:598
        holdDebounce = 0;
    9ce6:	10 92 03 07 	sts	0x0703, r1	; 0x800703 <holdDebounce>
/home/ngranado/code/AlphaClock/alphafive/examples/AlphaClock/AlphaClock.ino:599
        TurnOffAlarm();
    9cea:	0e 94 a8 3e 	call	0x7d50	; 0x7d50 <TurnOffAlarm()>
/home/ngranado/code/AlphaClock/alphafive/examples/AlphaClock/AlphaClock.ino:600
        if (modeShowMenu) // If we are currently in the configuration menu, 
    9cee:	80 91 2c 07 	lds	r24, 0x072C	; 0x80072c <modeShowMenu>
    9cf2:	88 23       	and	r24, r24
    9cf4:	09 f4       	brne	.+2      	; 0x9cf8 <main+0x768>
    9cf6:	26 c3       	rjmp	.+1612   	; 0xa344 <main+0xdb4>
/home/ngranado/code/AlphaClock/alphafive/examples/AlphaClock/AlphaClock.ino:602
        { 
          modeShowMenu = 0;  //  Exit configuration menu     
    9cf8:	10 92 2c 07 	sts	0x072C, r1	; 0x80072c <modeShowMenu>
/home/ngranado/code/AlphaClock/alphafive/examples/AlphaClock/AlphaClock.ino:609
        }
        else
        {
          modeShowMenu = 1;  // Enter configuration menu 
          menuItem = 0; 
          DisplayWord ("     ", 500); 
    9cfc:	64 ef       	ldi	r22, 0xF4	; 244
    9cfe:	71 e0       	ldi	r23, 0x01	; 1
    9d00:	82 e6       	ldi	r24, 0x62	; 98
    9d02:	92 e0       	ldi	r25, 0x02	; 2
    9d04:	0e 94 65 3d 	call	0x7aca	; 0x7aca <DisplayWord(char*, unsigned int)>
/home/ngranado/code/AlphaClock/alphafive/examples/AlphaClock/AlphaClock.ino:615
        }

      }
    }

    buttonStateLast = buttonMonitor;  // buttonMonitor keeps the debounced state until the next check
    9d08:	f0 92 16 07 	sts	0x0716, r15	; 0x800716 <buttonStateLast>
loop():
/home/ngranado/code/AlphaClock/alphafive/examples/AlphaClock/AlphaClock.ino:1067
void loop() {

  milliTemp = millis();
  checkButtons();

  if (UpdateBrightness)
    9d0c:	80 91 54 07 	lds	r24, 0x0754	; 0x800754 <UpdateBrightness>
    9d10:	88 23       	and	r24, r24
    9d12:	b1 f0       	breq	.+44     	; 0x9d40 <main+0x7b0>
/home/ngranado/code/AlphaClock/alphafive/examples/AlphaClock/AlphaClock.ino:1069
  {
    UpdateBrightness = 0;  // Reset the flag that triggered this clause.
    9d14:	10 92 54 07 	sts	0x0754, r1	; 0x800754 <UpdateBrightness>
/home/ngranado/code/AlphaClock/alphafive/examples/AlphaClock/AlphaClock.ino:1071

    if (a5_brightMode == MBmode[Brightness])
    9d18:	80 91 53 07 	lds	r24, 0x0753	; 0x800753 <Brightness>
    9d1c:	90 e0       	ldi	r25, 0x00	; 0
    9d1e:	fc 01       	movw	r30, r24
    9d20:	e0 5e       	subi	r30, 0xE0	; 224
    9d22:	fd 4f       	sbci	r31, 0xFD	; 253
    9d24:	30 81       	ld	r19, Z
    9d26:	20 91 52 07 	lds	r18, 0x0752	; 0x800752 <a5_brightMode>
    9d2a:	32 13       	cpse	r19, r18
    9d2c:	10 c3       	rjmp	.+1568   	; 0xa34e <main+0xdbe>
/home/ngranado/code/AlphaClock/alphafive/examples/AlphaClock/AlphaClock.ino:1073
    {
      a5_brightLevel = MBlevel[Brightness];          
    9d2e:	8c 5e       	subi	r24, 0xEC	; 236
    9d30:	9d 4f       	sbci	r25, 0xFD	; 253
    9d32:	fc 01       	movw	r30, r24
    9d34:	80 81       	ld	r24, Z
    9d36:	80 93 51 07 	sts	0x0751, r24	; 0x800751 <a5_brightLevel>
/home/ngranado/code/AlphaClock/alphafive/examples/AlphaClock/AlphaClock.ino:1074
      UpdateDisplay (1); // Force update of display data, with new brightness level 
    9d3a:	81 e0       	ldi	r24, 0x01	; 1
    9d3c:	0e 94 91 43 	call	0x8722	; 0x8722 <UpdateDisplay(unsigned char)>
/home/ngranado/code/AlphaClock/alphafive/examples/AlphaClock/AlphaClock.ino:1088
      UpdateDisplay (1); // Force update of display data, with new brightness level  
      a5_brightMode = MBmode[Brightness];  
    } 
  }

  if (VCRmode) 
    9d40:	80 91 50 07 	lds	r24, 0x0750	; 0x800750 <VCRmode>
    9d44:	88 23       	and	r24, r24
    9d46:	91 f0       	breq	.+36     	; 0x9d6c <main+0x7dc>
/home/ngranado/code/AlphaClock/alphafive/examples/AlphaClock/AlphaClock.ino:1090
  {
    if (modeShowText == 0){
    9d48:	80 91 4f 07 	lds	r24, 0x074F	; 0x80074f <modeShowText>
    9d4c:	81 11       	cpse	r24, r1
    9d4e:	0e c0       	rjmp	.+28     	; 0x9d6c <main+0x7dc>
/home/ngranado/code/AlphaClock/alphafive/examples/AlphaClock/AlphaClock.ino:1091
      byte temp = second() & 1; 
    9d50:	0e 94 1e 38 	call	0x703c	; 0x703c <second()>
    9d54:	90 91 50 07 	lds	r25, 0x0750	; 0x800750 <VCRmode>
/home/ngranado/code/AlphaClock/alphafive/examples/AlphaClock/AlphaClock.ino:1092
      if((temp) && (VCRmode == 1))
    9d58:	80 ff       	sbrs	r24, 0
    9d5a:	92 c6       	rjmp	.+3364   	; 0xaa80 <main+0x14f0>
    9d5c:	91 30       	cpi	r25, 0x01	; 1
    9d5e:	31 f4       	brne	.+12     	; 0x9d6c <main+0x7dc>
/home/ngranado/code/AlphaClock/alphafive/examples/AlphaClock/AlphaClock.ino:1094
      {
        a5_brightLevel = 0;  
    9d60:	10 92 51 07 	sts	0x0751, r1	; 0x800751 <a5_brightLevel>
/home/ngranado/code/AlphaClock/alphafive/examples/AlphaClock/AlphaClock.ino:1095
        RedrawNow_NoFade = 1;
    9d64:	90 93 4e 07 	sts	0x074E, r25	; 0x80074e <RedrawNow_NoFade>
/home/ngranado/code/AlphaClock/alphafive/examples/AlphaClock/AlphaClock.ino:1096
        VCRmode = 2;
    9d68:	30 92 50 07 	sts	0x0750, r3	; 0x800750 <VCRmode>
/home/ngranado/code/AlphaClock/alphafive/examples/AlphaClock/AlphaClock.ino:1108
      }
    }
  }


  if (RedrawNow || RedrawNow_NoFade)
    9d6c:	20 91 4d 07 	lds	r18, 0x074D	; 0x80074d <RedrawNow>
    9d70:	80 91 55 07 	lds	r24, 0x0755	; 0x800755 <milliTemp>
    9d74:	90 91 56 07 	lds	r25, 0x0756	; 0x800756 <milliTemp+0x1>
    9d78:	a0 91 57 07 	lds	r26, 0x0757	; 0x800757 <milliTemp+0x2>
    9d7c:	b0 91 58 07 	lds	r27, 0x0758	; 0x800758 <milliTemp+0x3>
    9d80:	21 11       	cpse	r18, r1
    9d82:	05 c0       	rjmp	.+10     	; 0x9d8e <main+0x7fe>
    9d84:	f0 90 4e 07 	lds	r15, 0x074E	; 0x80074e <RedrawNow_NoFade>
    9d88:	ff 20       	and	r15, r15
    9d8a:	09 f4       	brne	.+2      	; 0x9d8e <main+0x7fe>
    9d8c:	fb c2       	rjmp	.+1526   	; 0xa384 <main+0xdf4>
/home/ngranado/code/AlphaClock/alphafive/examples/AlphaClock/AlphaClock.ino:1110
  { 
    NextClockUpdate = milliTemp + 10; // Reset auto-redraw timer.
    9d8e:	0a 96       	adiw	r24, 0x0a	; 10
    9d90:	a1 1d       	adc	r26, r1
    9d92:	b1 1d       	adc	r27, r1
    9d94:	80 93 49 07 	sts	0x0749, r24	; 0x800749 <NextClockUpdate>
    9d98:	90 93 4a 07 	sts	0x074A, r25	; 0x80074a <NextClockUpdate+0x1>
    9d9c:	a0 93 4b 07 	sts	0x074B, r26	; 0x80074b <NextClockUpdate+0x2>
    9da0:	b0 93 4c 07 	sts	0x074C, r27	; 0x80074c <NextClockUpdate+0x3>
/home/ngranado/code/AlphaClock/alphafive/examples/AlphaClock/AlphaClock.ino:1112

    UpdateDisplay (1);   // Force redraw
    9da4:	81 e0       	ldi	r24, 0x01	; 1
    9da6:	0e 94 91 43 	call	0x8722	; 0x8722 <UpdateDisplay(unsigned char)>
/home/ngranado/code/AlphaClock/alphafive/examples/AlphaClock/AlphaClock.ino:1113
    if (RedrawNow_NoFade)   // Explicitly do not fade.  Takes priority over redraw with fade.
    9daa:	80 91 4e 07 	lds	r24, 0x074E	; 0x80074e <RedrawNow_NoFade>
    9dae:	88 23       	and	r24, r24
    9db0:	19 f0       	breq	.+6      	; 0x9db8 <main+0x828>
/home/ngranado/code/AlphaClock/alphafive/examples/AlphaClock/AlphaClock.ino:1114
      a5_FadeStage = -1;
    9db2:	8f ef       	ldi	r24, 0xFF	; 255
    9db4:	80 93 48 07 	sts	0x0748, r24	; 0x800748 <a5_FadeStage>
/home/ngranado/code/AlphaClock/alphafive/examples/AlphaClock/AlphaClock.ino:1115
    a5LoadNextFadeStage(); 
    9db8:	0e 94 77 3a 	call	0x74ee	; 0x74ee <a5LoadNextFadeStage()>
/home/ngranado/code/AlphaClock/alphafive/examples/AlphaClock/AlphaClock.ino:1116
    a5loadVidBuf_fromOSB(); 
    9dbc:	0e 94 db 3a 	call	0x75b6	; 0x75b6 <a5loadVidBuf_fromOSB()>
/home/ngranado/code/AlphaClock/alphafive/examples/AlphaClock/AlphaClock.ino:1118

    RedrawNow = 0;
    9dc0:	10 92 4d 07 	sts	0x074D, r1	; 0x80074d <RedrawNow>
/home/ngranado/code/AlphaClock/alphafive/examples/AlphaClock/AlphaClock.ino:1119
    RedrawNow_NoFade = 0;
    9dc4:	10 92 4e 07 	sts	0x074E, r1	; 0x80074e <RedrawNow_NoFade>
/home/ngranado/code/AlphaClock/alphafive/examples/AlphaClock/AlphaClock.ino:1141


  }

  // Check for alarm:
  if  (milliTemp >= NextAlarmCheck)
    9dc8:	80 91 55 07 	lds	r24, 0x0755	; 0x800755 <milliTemp>
    9dcc:	90 91 56 07 	lds	r25, 0x0756	; 0x800756 <milliTemp+0x1>
    9dd0:	a0 91 57 07 	lds	r26, 0x0757	; 0x800757 <milliTemp+0x2>
    9dd4:	b0 91 58 07 	lds	r27, 0x0758	; 0x800758 <milliTemp+0x3>
    9dd8:	40 91 42 07 	lds	r20, 0x0742	; 0x800742 <NextAlarmCheck>
    9ddc:	50 91 43 07 	lds	r21, 0x0743	; 0x800743 <NextAlarmCheck+0x1>
    9de0:	60 91 44 07 	lds	r22, 0x0744	; 0x800744 <NextAlarmCheck+0x2>
    9de4:	70 91 45 07 	lds	r23, 0x0745	; 0x800745 <NextAlarmCheck+0x3>
    9de8:	84 17       	cp	r24, r20
    9dea:	95 07       	cpc	r25, r21
    9dec:	a6 07       	cpc	r26, r22
    9dee:	b7 07       	cpc	r27, r23
    9df0:	d8 f1       	brcs	.+118    	; 0x9e68 <main+0x8d8>
/home/ngranado/code/AlphaClock/alphafive/examples/AlphaClock/AlphaClock.ino:1143
  {
    NextAlarmCheck = milliTemp +  500;  // Check again in 1/2 second. 
    9df2:	8c 50       	subi	r24, 0x0C	; 12
    9df4:	9e 4f       	sbci	r25, 0xFE	; 254
    9df6:	af 4f       	sbci	r26, 0xFF	; 255
    9df8:	bf 4f       	sbci	r27, 0xFF	; 255
    9dfa:	80 93 42 07 	sts	0x0742, r24	; 0x800742 <NextAlarmCheck>
    9dfe:	90 93 43 07 	sts	0x0743, r25	; 0x800743 <NextAlarmCheck+0x1>
    9e02:	a0 93 44 07 	sts	0x0744, r26	; 0x800744 <NextAlarmCheck+0x2>
    9e06:	b0 93 45 07 	sts	0x0745, r27	; 0x800745 <NextAlarmCheck+0x3>
/home/ngranado/code/AlphaClock/alphafive/examples/AlphaClock/AlphaClock.ino:1145

    if (AlarmEnabled)  {
    9e0a:	80 91 41 07 	lds	r24, 0x0741	; 0x800741 <AlarmEnabled>
    9e0e:	88 23       	and	r24, r24
    9e10:	59 f1       	breq	.+86     	; 0x9e68 <main+0x8d8>
/home/ngranado/code/AlphaClock/alphafive/examples/AlphaClock/AlphaClock.ino:1146
      byte hourTemp = hour();
    9e12:	0e 94 2e 38 	call	0x705c	; 0x705c <hour()>
    9e16:	f8 2e       	mov	r15, r24
/home/ngranado/code/AlphaClock/alphafive/examples/AlphaClock/AlphaClock.ino:1147
      byte minTemp = minute();
    9e18:	0e 94 26 38 	call	0x704c	; 0x704c <minute()>
/home/ngranado/code/AlphaClock/alphafive/examples/AlphaClock/AlphaClock.ino:1149

      if ((AlarmTimeHr == hourTemp ) && (AlarmTimeMin == minTemp ))
    9e1c:	90 91 40 07 	lds	r25, 0x0740	; 0x800740 <AlarmTimeHr>
    9e20:	f9 12       	cpse	r15, r25
    9e22:	aa c3       	rjmp	.+1876   	; 0xa578 <main+0xfe8>
    9e24:	90 91 3f 07 	lds	r25, 0x073F	; 0x80073f <AlarmTimeMin>
    9e28:	89 13       	cpse	r24, r25
    9e2a:	a6 c3       	rjmp	.+1868   	; 0xa578 <main+0xfe8>
/home/ngranado/code/AlphaClock/alphafive/examples/AlphaClock/AlphaClock.ino:1151
      {
        if (alarmPrimed){ 
    9e2c:	90 91 3e 07 	lds	r25, 0x073E	; 0x80073e <alarmPrimed>
    9e30:	99 23       	and	r25, r25
    9e32:	41 f0       	breq	.+16     	; 0x9e44 <main+0x8b4>
/home/ngranado/code/AlphaClock/alphafive/examples/AlphaClock/AlphaClock.ino:1152
          alarmPrimed = 0;
    9e34:	10 92 3e 07 	sts	0x073E, r1	; 0x80073e <alarmPrimed>
/home/ngranado/code/AlphaClock/alphafive/examples/AlphaClock/AlphaClock.ino:1153
          alarmNow = 1;
    9e38:	50 92 3d 07 	sts	0x073D, r5	; 0x80073d <alarmNow>
/home/ngranado/code/AlphaClock/alphafive/examples/AlphaClock/AlphaClock.ino:1154
          snoozed = 0; 
    9e3c:	10 92 3c 07 	sts	0x073C, r1	; 0x80073c <snoozed>
/home/ngranado/code/AlphaClock/alphafive/examples/AlphaClock/AlphaClock.ino:1155
          SoundSequence = 0; 
    9e40:	10 92 3b 07 	sts	0x073B, r1	; 0x80073b <SoundSequence>
/home/ngranado/code/AlphaClock/alphafive/examples/AlphaClock/AlphaClock.ino:1163
      else{
        alarmPrimed = 1;  
        // Prevent alarm from going off twice in the same minute, after being turned off and back on.
      }

      if (snoozed)
    9e44:	90 91 3c 07 	lds	r25, 0x073C	; 0x80073c <snoozed>
    9e48:	99 23       	and	r25, r25
    9e4a:	71 f0       	breq	.+28     	; 0x9e68 <main+0x8d8>
/home/ngranado/code/AlphaClock/alphafive/examples/AlphaClock/AlphaClock.ino:1164
        if  ((AlarmTimeSnoozeHr == hourTemp ) && (AlarmTimeSnoozeMin == minTemp ))
    9e4c:	90 91 3a 07 	lds	r25, 0x073A	; 0x80073a <AlarmTimeSnoozeHr>
    9e50:	f9 12       	cpse	r15, r25
    9e52:	0a c0       	rjmp	.+20     	; 0x9e68 <main+0x8d8>
    9e54:	90 91 39 07 	lds	r25, 0x0739	; 0x800739 <AlarmTimeSnoozeMin>
    9e58:	89 13       	cpse	r24, r25
    9e5a:	06 c0       	rjmp	.+12     	; 0x9e68 <main+0x8d8>
/home/ngranado/code/AlphaClock/alphafive/examples/AlphaClock/AlphaClock.ino:1166
        {
          alarmNow = 1;
    9e5c:	50 92 3d 07 	sts	0x073D, r5	; 0x80073d <alarmNow>
/home/ngranado/code/AlphaClock/alphafive/examples/AlphaClock/AlphaClock.ino:1167
          snoozed = 0; 
    9e60:	10 92 3c 07 	sts	0x073C, r1	; 0x80073c <snoozed>
/home/ngranado/code/AlphaClock/alphafive/examples/AlphaClock/AlphaClock.ino:1168
          SoundSequence = 0; 
    9e64:	10 92 3b 07 	sts	0x073B, r1	; 0x80073b <SoundSequence>
/home/ngranado/code/AlphaClock/alphafive/examples/AlphaClock/AlphaClock.ino:1174
        }
    }
  }


  if (alarmNow)
    9e68:	80 91 3d 07 	lds	r24, 0x073D	; 0x80073d <alarmNow>
    9e6c:	88 23       	and	r24, r24
    9e6e:	09 f4       	brne	.+2      	; 0x9e72 <main+0x8e2>
    9e70:	a4 c3       	rjmp	.+1864   	; 0xa5ba <main+0x102a>
ManageAlarm():
/home/ngranado/code/AlphaClock/alphafive/examples/AlphaClock/AlphaClock.ino:672



void ManageAlarm (void) {

  if ((SoundSequence == 0) && (modeShowMenu == 0))
    9e72:	f0 90 3b 07 	lds	r15, 0x073B	; 0x80073b <SoundSequence>
    9e76:	f1 10       	cpse	r15, r1
    9e78:	0a c0       	rjmp	.+20     	; 0x9e8e <main+0x8fe>
    9e7a:	80 91 2c 07 	lds	r24, 0x072C	; 0x80072c <modeShowMenu>
    9e7e:	81 11       	cpse	r24, r1
    9e80:	06 c0       	rjmp	.+12     	; 0x9e8e <main+0x8fe>
/home/ngranado/code/AlphaClock/alphafive/examples/AlphaClock/AlphaClock.ino:673
    DisplayWord ("ALARM", 400);  // Synchronize with sounds!  
    9e82:	60 e9       	ldi	r22, 0x90	; 144
    9e84:	71 e0       	ldi	r23, 0x01	; 1
    9e86:	88 e6       	ldi	r24, 0x68	; 104
    9e88:	92 e0       	ldi	r25, 0x02	; 2
    9e8a:	0e 94 65 3d 	call	0x7aca	; 0x7aca <DisplayWord(char*, unsigned int)>
/home/ngranado/code/AlphaClock/alphafive/examples/AlphaClock/AlphaClock.ino:676
  //RedrawNow_NoFade = 1;

  if ( (TIMSK1 & _BV(OCIE1A)) == 0)  { // If last tone has finished   
    9e8e:	80 91 6f 00 	lds	r24, 0x006F	; 0x80006f <__DATA_REGION_ORIGIN__+0xf>
    9e92:	81 fd       	sbrc	r24, 1
    9e94:	92 c3       	rjmp	.+1828   	; 0xa5ba <main+0x102a>
/home/ngranado/code/AlphaClock/alphafive/examples/AlphaClock/AlphaClock.ino:678

    if (AlarmTone == 0)   // X-Low Tone
    9e96:	80 91 24 07 	lds	r24, 0x0724	; 0x800724 <AlarmTone>
    9e9a:	81 11       	cpse	r24, r1
    9e9c:	7b c3       	rjmp	.+1782   	; 0xa594 <main+0x1004>
/home/ngranado/code/AlphaClock/alphafive/examples/AlphaClock/AlphaClock.ino:680
    {
      if (SoundSequence < 8)
    9e9e:	f7 e0       	ldi	r31, 0x07	; 7
    9ea0:	ff 15       	cp	r31, r15
    9ea2:	08 f4       	brcc	.+2      	; 0x9ea6 <main+0x916>
    9ea4:	6c c3       	rjmp	.+1752   	; 0xa57e <main+0xfee>
/home/ngranado/code/AlphaClock/alphafive/examples/AlphaClock/AlphaClock.ino:683
      {
        if (SoundSequence & 1) 
          a5tone( 50, 300);  
    9ea6:	4c e2       	ldi	r20, 0x2C	; 44
    9ea8:	51 e0       	ldi	r21, 0x01	; 1
    9eaa:	60 e0       	ldi	r22, 0x00	; 0
    9eac:	70 e0       	ldi	r23, 0x00	; 0
    9eae:	82 e3       	ldi	r24, 0x32	; 50
    9eb0:	90 e0       	ldi	r25, 0x00	; 0
/home/ngranado/code/AlphaClock/alphafive/examples/AlphaClock/AlphaClock.ino:682

    if (AlarmTone == 0)   // X-Low Tone
    {
      if (SoundSequence < 8)
      {
        if (SoundSequence & 1) 
    9eb2:	f0 fc       	sbrc	r15, 0
    9eb4:	7d c3       	rjmp	.+1786   	; 0xa5b0 <main+0x1020>
/home/ngranado/code/AlphaClock/alphafive/examples/AlphaClock/AlphaClock.ino:733
      if (SoundSequence < 6) 
      {
        if (SoundSequence & 1) 
          a5tone( 2050, 300); 
        else 
          a5tone( 0, 200); 
    9eb6:	90 e0       	ldi	r25, 0x00	; 0
    9eb8:	80 e0       	ldi	r24, 0x00	; 0
    9eba:	7a c3       	rjmp	.+1780   	; 0xa5b0 <main+0x1020>
setup():
/home/ngranado/code/AlphaClock/alphafive/examples/AlphaClock/AlphaClock.ino:977
    if(timeStatus()!= timeSet) { 
      Serial.println("RTC detected, *but* I can't seem to sync to it. ;("); 
      UseRTC = 0;
    }
    else {
      Serial.println("System time: Set by RTC.  Rock on!");  
    9ebc:	84 ef       	ldi	r24, 0xF4	; 244
    9ebe:	93 e0       	ldi	r25, 0x03	; 3
    9ec0:	0e 94 67 3f 	call	0x7ece	; 0x7ece <Print::println(char const*) [clone .constprop.17]>
/home/ngranado/code/AlphaClock/alphafive/examples/AlphaClock/AlphaClock.ino:978
      EndVCRmode();
    9ec4:	0e 94 76 40 	call	0x80ec	; 0x80ec <EndVCRmode()>
    9ec8:	fb cc       	rjmp	.-1546   	; 0x98c0 <main+0x330>
/home/ngranado/code/AlphaClock/alphafive/examples/AlphaClock/AlphaClock.ino:982
    }
  }
  else
    Serial.println("RTC not detected. I don't know what time it is.  :(");  
    9eca:	87 e1       	ldi	r24, 0x17	; 23
    9ecc:	94 e0       	ldi	r25, 0x04	; 4
    9ece:	0e 94 67 3f 	call	0x7ece	; 0x7ece <Print::println(char const*) [clone .constprop.17]>
    9ed2:	f6 cc       	rjmp	.-1556   	; 0x98c0 <main+0x330>
checkButtons():
/home/ngranado/code/AlphaClock/alphafive/examples/AlphaClock/AlphaClock.ino:283
          if (modeShowMenu)
          {
            TurnOffAlarm();
          }
          else{
            alarmNow = 0;
    9ed4:	10 92 3d 07 	sts	0x073D, r1	; 0x80073d <alarmNow>
/home/ngranado/code/AlphaClock/alphafive/examples/AlphaClock/AlphaClock.ino:284
            a5noTone();
    9ed8:	0e 94 84 39 	call	0x7308	; 0x7308 <a5noTone()>
/home/ngranado/code/AlphaClock/alphafive/examples/AlphaClock/AlphaClock.ino:285
            snoozed = 1; 
    9edc:	50 92 3c 07 	sts	0x073C, r5	; 0x80073c <snoozed>
a5editFontChar():
/home/ngranado/code/AlphaClock/alphafive/alphafive.cpp:235
void a5editFontChar(char asciiChar, byte A, byte B, byte C)
{// Usage:  a5editFontChar ('%', 57, 3, 106);
    if ((asciiChar >= ' ') && (asciiChar < 'f') )
    {  
        byte offset = (3 * (asciiChar - a5_asciiOffset));
        a5_FontTable[offset++] = A;
    9ee0:	86 e3       	ldi	r24, 0x36	; 54
    9ee2:	80 93 c3 01 	sts	0x01C3, r24	; 0x8001c3 <__data_start+0xc3>
/home/ngranado/code/AlphaClock/alphafive/alphafive.cpp:236
        a5_FontTable[offset++] = B;
    9ee6:	50 92 c4 01 	sts	0x01C4, r5	; 0x8001c4 <__data_start+0xc4>
/home/ngranado/code/AlphaClock/alphafive/alphafive.cpp:237
        a5_FontTable[offset] = C;
    9eea:	85 e2       	ldi	r24, 0x25	; 37
    9eec:	80 93 c5 01 	sts	0x01C5, r24	; 0x8001c5 <__data_start+0xc5>
checkButtons():
/home/ngranado/code/AlphaClock/alphafive/examples/AlphaClock/AlphaClock.ino:288

            a5editFontChar ('a', 54, 1, 37);    // Define special character
            DisplayWord ("SNaZE", 1500);  
    9ef0:	6c ed       	ldi	r22, 0xDC	; 220
    9ef2:	75 e0       	ldi	r23, 0x05	; 5
    9ef4:	83 e8       	ldi	r24, 0x83	; 131
    9ef6:	94 e0       	ldi	r25, 0x04	; 4
    9ef8:	0e 94 65 3d 	call	0x7aca	; 0x7aca <DisplayWord(char*, unsigned int)>
/home/ngranado/code/AlphaClock/alphafive/examples/AlphaClock/AlphaClock.ino:290

            AlarmTimeSnoozeMin = minute() + 9;
    9efc:	0e 94 26 38 	call	0x704c	; 0x704c <minute()>
    9f00:	87 5f       	subi	r24, 0xF7	; 247
    9f02:	80 93 39 07 	sts	0x0739, r24	; 0x800739 <AlarmTimeSnoozeMin>
/home/ngranado/code/AlphaClock/alphafive/examples/AlphaClock/AlphaClock.ino:291
            AlarmTimeSnoozeHr = hour();
    9f06:	0e 94 2e 38 	call	0x705c	; 0x705c <hour()>
    9f0a:	80 93 3a 07 	sts	0x073A, r24	; 0x80073a <AlarmTimeSnoozeHr>
/home/ngranado/code/AlphaClock/alphafive/examples/AlphaClock/AlphaClock.ino:293

            if  ( AlarmTimeSnoozeMin > 59){
    9f0e:	90 91 39 07 	lds	r25, 0x0739	; 0x800739 <AlarmTimeSnoozeMin>
    9f12:	9c 33       	cpi	r25, 0x3C	; 60
    9f14:	30 f0       	brcs	.+12     	; 0x9f22 <main+0x992>
/home/ngranado/code/AlphaClock/alphafive/examples/AlphaClock/AlphaClock.ino:294
              AlarmTimeSnoozeMin -= 60;
    9f16:	9c 53       	subi	r25, 0x3C	; 60
    9f18:	90 93 39 07 	sts	0x0739, r25	; 0x800739 <AlarmTimeSnoozeMin>
/home/ngranado/code/AlphaClock/alphafive/examples/AlphaClock/AlphaClock.ino:295
              AlarmTimeSnoozeHr += 1;
    9f1c:	8f 5f       	subi	r24, 0xFF	; 255
    9f1e:	80 93 3a 07 	sts	0x073A, r24	; 0x80073a <AlarmTimeSnoozeHr>
/home/ngranado/code/AlphaClock/alphafive/examples/AlphaClock/AlphaClock.ino:297
            }
            if (AlarmTimeSnoozeHr > 23)
    9f22:	80 91 3a 07 	lds	r24, 0x073A	; 0x80073a <AlarmTimeSnoozeHr>
    9f26:	88 31       	cpi	r24, 0x18	; 24
    9f28:	08 f4       	brcc	.+2      	; 0x9f2c <main+0x99c>
    9f2a:	f7 cd       	rjmp	.-1042   	; 0x9b1a <main+0x58a>
/home/ngranado/code/AlphaClock/alphafive/examples/AlphaClock/AlphaClock.ino:298
              AlarmTimeSnoozeHr -= 24; 
    9f2c:	88 51       	subi	r24, 0x18	; 24
    9f2e:	80 93 3a 07 	sts	0x073A, r24	; 0x80073a <AlarmTimeSnoozeHr>
    9f32:	f3 cd       	rjmp	.-1050   	; 0x9b1a <main+0x58a>
/home/ngranado/code/AlphaClock/alphafive/examples/AlphaClock/AlphaClock.ino:314
      if (( buttonMonitor & a5_plusBtn) && ((buttonStateLast & a5_plusBtn) == 0))
        Btn3_Plus_StartTime = milliTemp; 
      if (( buttonMonitor & a5_minusBtn) && ((buttonStateLast & a5_minusBtn) == 0)) 
        Btn4_Minus_StartTime = milliTemp;  
    }
    else if ((buttonStateLast == 0 ) && ( buttonMonitor == 0))
    9f34:	80 91 16 07 	lds	r24, 0x0716	; 0x800716 <buttonStateLast>
    9f38:	81 11       	cpse	r24, r1
    9f3a:	35 ce       	rjmp	.-918    	; 0x9ba6 <main+0x616>
/home/ngranado/code/AlphaClock/alphafive/examples/AlphaClock/AlphaClock.ino:317
    {
      // Reset some variables if all buttons are up, and have not just been released:
      TimeChanged = 0;
    9f3c:	10 92 0d 07 	sts	0x070D, r1	; 0x80070d <TimeChanged>
/home/ngranado/code/AlphaClock/alphafive/examples/AlphaClock/AlphaClock.ino:318
      AlarmTimeChanged = 0;
    9f40:	10 92 04 07 	sts	0x0704, r1	; 0x800704 <AlarmTimeChanged>
/home/ngranado/code/AlphaClock/alphafive/examples/AlphaClock/AlphaClock.ino:319
      holdDebounce = 1;  
    9f44:	50 92 03 07 	sts	0x0703, r5	; 0x800703 <holdDebounce>
    9f48:	2e ce       	rjmp	.-932    	; 0x9ba6 <main+0x616>
/home/ngranado/code/AlphaClock/alphafive/examples/AlphaClock/AlphaClock.ino:333
      if ( ((buttonMonitor & a5_alarmSetBtn) == 0) && (buttonStateLast & a5_alarmSetBtn))
      {  
        if ( menuItem > 0)   //Decrement current position within options menu
          menuItem--;
        else
          menuItem = MenuItemsMax;  // Wrap-around at low-end of menu
    9f4a:	8b e0       	ldi	r24, 0x0B	; 11
    9f4c:	59 ce       	rjmp	.-846    	; 0x9c00 <main+0x670>
/home/ngranado/code/AlphaClock/alphafive/examples/AlphaClock/AlphaClock.ino:346
      {
        if ((alarmNow) || (snoozed)){  // Just Turn Off Alarm 
          TurnOffAlarm();
        } 
        else {  // If we are in a configuration menu
          menuItem++;          
    9f4e:	80 91 02 07 	lds	r24, 0x0702	; 0x800702 <menuItem>
    9f52:	8f 5f       	subi	r24, 0xFF	; 255
/home/ngranado/code/AlphaClock/alphafive/examples/AlphaClock/AlphaClock.ino:347
          if ( menuItem > MenuItemsMax)   //Decrement current position within options menu
    9f54:	8c 30       	cpi	r24, 0x0C	; 12
    9f56:	48 f4       	brcc	.+18     	; 0x9f6a <main+0x9da>
/home/ngranado/code/AlphaClock/alphafive/examples/AlphaClock/AlphaClock.ino:346
      {
        if ((alarmNow) || (snoozed)){  // Just Turn Off Alarm 
          TurnOffAlarm();
        } 
        else {  // If we are in a configuration menu
          menuItem++;          
    9f58:	80 93 02 07 	sts	0x0702, r24	; 0x800702 <menuItem>
/home/ngranado/code/AlphaClock/alphafive/examples/AlphaClock/AlphaClock.ino:349
          if ( menuItem > MenuItemsMax)   //Decrement current position within options menu
            menuItem = 0;  // Wrap-around at high-end of menu
          optionValue = 0;
    9f5c:	10 92 01 07 	sts	0x0701, r1	; 0x800701 <optionValue>
/home/ngranado/code/AlphaClock/alphafive/examples/AlphaClock/AlphaClock.ino:350
          TurnOffAlarm();
    9f60:	0e 94 a8 3e 	call	0x7d50	; 0x7d50 <TurnOffAlarm()>
/home/ngranado/code/AlphaClock/alphafive/examples/AlphaClock/AlphaClock.ino:351
          DisplayMenuOptionName();
    9f64:	0e 94 61 3e 	call	0x7cc2	; 0x7cc2 <DisplayMenuOptionName()>
    9f68:	64 ce       	rjmp	.-824    	; 0x9c32 <main+0x6a2>
/home/ngranado/code/AlphaClock/alphafive/examples/AlphaClock/AlphaClock.ino:348
          TurnOffAlarm();
        } 
        else {  // If we are in a configuration menu
          menuItem++;          
          if ( menuItem > MenuItemsMax)   //Decrement current position within options menu
            menuItem = 0;  // Wrap-around at high-end of menu
    9f6a:	10 92 02 07 	sts	0x0702, r1	; 0x800702 <menuItem>
    9f6e:	f6 cf       	rjmp	.-20     	; 0x9f5c <main+0x9cc>
/home/ngranado/code/AlphaClock/alphafive/examples/AlphaClock/AlphaClock.ino:376

      /////////////////////////////  Time-Of-Day Adjustments  /////////////////////////////  

      // Check to see if both time-set button and plus button are both currently depressed:

      if (( buttonMonitor & a5_TimeSetPlusBtns) == a5_TimeSetPlusBtns) 
    9f70:	8f 2d       	mov	r24, r15
    9f72:	86 70       	andi	r24, 0x06	; 6
    9f74:	86 30       	cpi	r24, 0x06	; 6
    9f76:	b9 f4       	brne	.+46     	; 0x9fa6 <main+0xa16>
/home/ngranado/code/AlphaClock/alphafive/examples/AlphaClock/AlphaClock.ino:377
        if (TimeChanged < 2)
    9f78:	80 91 0d 07 	lds	r24, 0x070D	; 0x80070d <TimeChanged>
    9f7c:	82 30       	cpi	r24, 0x02	; 2
    9f7e:	08 f0       	brcs	.+2      	; 0x9f82 <main+0x9f2>
    9f80:	39 c1       	rjmp	.+626    	; 0xa1f4 <main+0xc64>
/home/ngranado/code/AlphaClock/alphafive/examples/AlphaClock/AlphaClock.ino:379
        {        
          adjustTime(60); // Add one minute   
    9f82:	6c e3       	ldi	r22, 0x3C	; 60
    9f84:	70 e0       	ldi	r23, 0x00	; 0
    9f86:	80 e0       	ldi	r24, 0x00	; 0
    9f88:	90 e0       	ldi	r25, 0x00	; 0
    9f8a:	0e 94 8e 35 	call	0x6b1c	; 0x6b1c <adjustTime(long)>
/home/ngranado/code/AlphaClock/alphafive/examples/AlphaClock/AlphaClock.ino:380
          RedrawNow = 1; 
    9f8e:	50 92 4d 07 	sts	0x074D, r5	; 0x80074d <RedrawNow>
/home/ngranado/code/AlphaClock/alphafive/examples/AlphaClock/AlphaClock.ino:381
          TimeChanged = 2;  // One-time press: detected
    9f92:	30 92 0d 07 	sts	0x070D, r3	; 0x80070d <TimeChanged>
/home/ngranado/code/AlphaClock/alphafive/examples/AlphaClock/AlphaClock.ino:389
        }    
        else if ( milliTemp >= (Btn3_Plus_StartTime + 400))
        {
          adjustTime(60); // Add one minute 
          RedrawNow_NoFade = 1; 
          if (UseRTC)  
    9f96:	80 91 38 07 	lds	r24, 0x0738	; 0x800738 <UseRTC>
    9f9a:	88 23       	and	r24, r24
    9f9c:	21 f0       	breq	.+8      	; 0x9fa6 <main+0xa16>
/home/ngranado/code/AlphaClock/alphafive/examples/AlphaClock/AlphaClock.ino:390
            RTC.set(now());      
    9f9e:	0e 94 d7 35 	call	0x6bae	; 0x6bae <now()>
    9fa2:	0e 94 e6 38 	call	0x71cc	; 0x71cc <DS1307RTC::set(unsigned long)>
/home/ngranado/code/AlphaClock/alphafive/examples/AlphaClock/AlphaClock.ino:394
        }

      // Check to see if both time-set button and minus button are both currently depressed:
      if (( buttonMonitor & a5_TimeSetMinusBtns) == a5_TimeSetMinusBtns) 
    9fa6:	80 91 17 07 	lds	r24, 0x0717	; 0x800717 <buttonMonitor>
    9faa:	8a 70       	andi	r24, 0x0A	; 10
    9fac:	8a 30       	cpi	r24, 0x0A	; 10
    9fae:	b9 f4       	brne	.+46     	; 0x9fde <main+0xa4e>
/home/ngranado/code/AlphaClock/alphafive/examples/AlphaClock/AlphaClock.ino:395
        if (TimeChanged < 2)
    9fb0:	80 91 0d 07 	lds	r24, 0x070D	; 0x80070d <TimeChanged>
    9fb4:	82 30       	cpi	r24, 0x02	; 2
    9fb6:	08 f0       	brcs	.+2      	; 0x9fba <main+0xa2a>
    9fb8:	40 c1       	rjmp	.+640    	; 0xa23a <main+0xcaa>
/home/ngranado/code/AlphaClock/alphafive/examples/AlphaClock/AlphaClock.ino:397
        {        
          adjustTime(-60); // Subtract one minute 
    9fba:	64 ec       	ldi	r22, 0xC4	; 196
    9fbc:	7f ef       	ldi	r23, 0xFF	; 255
    9fbe:	8f ef       	ldi	r24, 0xFF	; 255
    9fc0:	9f ef       	ldi	r25, 0xFF	; 255
    9fc2:	0e 94 8e 35 	call	0x6b1c	; 0x6b1c <adjustTime(long)>
/home/ngranado/code/AlphaClock/alphafive/examples/AlphaClock/AlphaClock.ino:398
          RedrawNow = 1; 
    9fc6:	50 92 4d 07 	sts	0x074D, r5	; 0x80074d <RedrawNow>
/home/ngranado/code/AlphaClock/alphafive/examples/AlphaClock/AlphaClock.ino:399
          TimeChanged = 2;
    9fca:	30 92 0d 07 	sts	0x070D, r3	; 0x80070d <TimeChanged>
/home/ngranado/code/AlphaClock/alphafive/examples/AlphaClock/AlphaClock.ino:408
        else if ( milliTemp > (Btn4_Minus_StartTime + 400 ))
        {
          adjustTime(-60); // Subtract one minute 
          RedrawNow_NoFade = 1; 
          //          TimeChanged = 1;    
          if (UseRTC)  
    9fce:	80 91 38 07 	lds	r24, 0x0738	; 0x800738 <UseRTC>
    9fd2:	88 23       	and	r24, r24
    9fd4:	21 f0       	breq	.+8      	; 0x9fde <main+0xa4e>
/home/ngranado/code/AlphaClock/alphafive/examples/AlphaClock/AlphaClock.ino:409
            RTC.set(now());      
    9fd6:	0e 94 d7 35 	call	0x6bae	; 0x6bae <now()>
    9fda:	0e 94 e6 38 	call	0x71cc	; 0x71cc <DS1307RTC::set(unsigned long)>
/home/ngranado/code/AlphaClock/alphafive/examples/AlphaClock/AlphaClock.ino:421
      //    (to avoid displaying alarm if Alarm+Time buttons are pressed at the same time)
      //    the Set Time button is not down,
      //    and no other high-priority modes are enabled...


      if (( buttonMonitor & a5_alarmSetBtn) && (modeShowAlarmTime == 0))
    9fde:	f0 90 17 07 	lds	r15, 0x0717	; 0x800717 <buttonMonitor>
    9fe2:	3f 2d       	mov	r19, r15
    9fe4:	32 70       	andi	r19, 0x02	; 2
    9fe6:	e3 2e       	mov	r14, r19
    9fe8:	4f 2d       	mov	r20, r15
    9fea:	41 70       	andi	r20, 0x01	; 1
    9fec:	d4 2e       	mov	r13, r20
    9fee:	f0 fe       	sbrs	r15, 0
    9ff0:	28 c0       	rjmp	.+80     	; 0xa042 <main+0xab2>
    9ff2:	80 91 2d 07 	lds	r24, 0x072D	; 0x80072d <modeShowAlarmTime>
    9ff6:	81 11       	cpse	r24, r1
    9ff8:	24 c0       	rjmp	.+72     	; 0xa042 <main+0xab2>
/home/ngranado/code/AlphaClock/alphafive/examples/AlphaClock/AlphaClock.ino:422
        if ((( buttonMonitor & a5_timeSetBtn) == 0) && (modeShowText == 0))
    9ffa:	31 11       	cpse	r19, r1
    9ffc:	22 c0       	rjmp	.+68     	; 0xa042 <main+0xab2>
    9ffe:	80 91 4f 07 	lds	r24, 0x074F	; 0x80074f <modeShowText>
    a002:	81 11       	cpse	r24, r1
    a004:	1e c0       	rjmp	.+60     	; 0xa042 <main+0xab2>
/home/ngranado/code/AlphaClock/alphafive/examples/AlphaClock/AlphaClock.ino:423
          if ( milliTemp >= (Btn1_AlrmSet_StartTime + 40 ))  // of those "ifs," Check hold-time LAST.
    a006:	80 91 12 07 	lds	r24, 0x0712	; 0x800712 <Btn1_AlrmSet_StartTime>
    a00a:	90 91 13 07 	lds	r25, 0x0713	; 0x800713 <Btn1_AlrmSet_StartTime+0x1>
    a00e:	a0 91 14 07 	lds	r26, 0x0714	; 0x800714 <Btn1_AlrmSet_StartTime+0x2>
    a012:	b0 91 15 07 	lds	r27, 0x0715	; 0x800715 <Btn1_AlrmSet_StartTime+0x3>
    a016:	88 96       	adiw	r24, 0x28	; 40
    a018:	a1 1d       	adc	r26, r1
    a01a:	b1 1d       	adc	r27, r1
    a01c:	40 91 55 07 	lds	r20, 0x0755	; 0x800755 <milliTemp>
    a020:	50 91 56 07 	lds	r21, 0x0756	; 0x800756 <milliTemp+0x1>
    a024:	60 91 57 07 	lds	r22, 0x0757	; 0x800757 <milliTemp+0x2>
    a028:	70 91 58 07 	lds	r23, 0x0758	; 0x800758 <milliTemp+0x3>
    a02c:	48 17       	cp	r20, r24
    a02e:	59 07       	cpc	r21, r25
    a030:	6a 07       	cpc	r22, r26
    a032:	7b 07       	cpc	r23, r27
    a034:	30 f0       	brcs	.+12     	; 0xa042 <main+0xab2>
/home/ngranado/code/AlphaClock/alphafive/examples/AlphaClock/AlphaClock.ino:425
          {
            modeShowAlarmTime = 1;
    a036:	50 92 2d 07 	sts	0x072D, r5	; 0x80072d <modeShowAlarmTime>
/home/ngranado/code/AlphaClock/alphafive/examples/AlphaClock/AlphaClock.ino:426
            RedrawNow = 1; 
    a03a:	50 92 4d 07 	sts	0x074D, r5	; 0x80074d <RedrawNow>
/home/ngranado/code/AlphaClock/alphafive/examples/AlphaClock/AlphaClock.ino:427
            AlarmTimeChanged = 0; 
    a03e:	10 92 04 07 	sts	0x0704, r1	; 0x800704 <AlarmTimeChanged>
/home/ngranado/code/AlphaClock/alphafive/examples/AlphaClock/AlphaClock.ino:431
          }

      // Check to see if both alarm-set button and plus button are both currently depressed:
      if (( buttonMonitor & a5_AlarmSetPlusBtns) == a5_AlarmSetPlusBtns)  
    a042:	8f 2d       	mov	r24, r15
    a044:	85 70       	andi	r24, 0x05	; 5
    a046:	85 30       	cpi	r24, 0x05	; 5
    a048:	69 f4       	brne	.+26     	; 0xa064 <main+0xad4>
/home/ngranado/code/AlphaClock/alphafive/examples/AlphaClock/AlphaClock.ino:432
        if (TimeChanged < 2)
    a04a:	80 91 0d 07 	lds	r24, 0x070D	; 0x80070d <TimeChanged>
    a04e:	82 30       	cpi	r24, 0x02	; 2
    a050:	08 f0       	brcs	.+2      	; 0xa054 <main+0xac4>
    a052:	16 c1       	rjmp	.+556    	; 0xa280 <main+0xcf0>
/home/ngranado/code/AlphaClock/alphafive/examples/AlphaClock/AlphaClock.ino:434
        {        
          incrementAlarm(); // Add one minute
    a054:	0e 94 d6 3e 	call	0x7dac	; 0x7dac <incrementAlarm()>
/home/ngranado/code/AlphaClock/alphafive/examples/AlphaClock/AlphaClock.ino:435
          RedrawNow = 1; 
    a058:	50 92 4d 07 	sts	0x074D, r5	; 0x80074d <RedrawNow>
/home/ngranado/code/AlphaClock/alphafive/examples/AlphaClock/AlphaClock.ino:436
          TimeChanged = 2;  // One-time press: detected
    a05c:	30 92 0d 07 	sts	0x070D, r3	; 0x80070d <TimeChanged>
/home/ngranado/code/AlphaClock/alphafive/examples/AlphaClock/AlphaClock.ino:437
          snoozed = 0;  //  Recalculating alarm time *turns snooze off.*
    a060:	10 92 3c 07 	sts	0x073C, r1	; 0x80073c <snoozed>
/home/ngranado/code/AlphaClock/alphafive/examples/AlphaClock/AlphaClock.ino:447
          RedrawNow_NoFade = 1; 
          //          TimeChanged = 1;         
        }      

      // Check to see if both alarm-set button and minus button are both currently depressed:
      if (( buttonMonitor & a5_AlarmSetMinusBtns) == a5_AlarmSetMinusBtns) 
    a064:	8f 2d       	mov	r24, r15
    a066:	89 70       	andi	r24, 0x09	; 9
    a068:	89 30       	cpi	r24, 0x09	; 9
    a06a:	69 f4       	brne	.+26     	; 0xa086 <main+0xaf6>
/home/ngranado/code/AlphaClock/alphafive/examples/AlphaClock/AlphaClock.ino:448
        if (TimeChanged < 2)
    a06c:	80 91 0d 07 	lds	r24, 0x070D	; 0x80070d <TimeChanged>
    a070:	82 30       	cpi	r24, 0x02	; 2
    a072:	08 f0       	brcs	.+2      	; 0xa076 <main+0xae6>
    a074:	24 c1       	rjmp	.+584    	; 0xa2be <main+0xd2e>
/home/ngranado/code/AlphaClock/alphafive/examples/AlphaClock/AlphaClock.ino:450
        {        
          decrementAlarm(); // Subtract one minute
    a076:	0e 94 be 3e 	call	0x7d7c	; 0x7d7c <decrementAlarm()>
/home/ngranado/code/AlphaClock/alphafive/examples/AlphaClock/AlphaClock.ino:451
          RedrawNow = 1; 
    a07a:	50 92 4d 07 	sts	0x074D, r5	; 0x80074d <RedrawNow>
/home/ngranado/code/AlphaClock/alphafive/examples/AlphaClock/AlphaClock.ino:452
          TimeChanged = 2; // One-time press: detected
    a07e:	30 92 0d 07 	sts	0x070D, r3	; 0x80070d <TimeChanged>
/home/ngranado/code/AlphaClock/alphafive/examples/AlphaClock/AlphaClock.ino:453
          snoozed = 0;  //  Recalculating alarm time *turns snooze off.*
    a082:	10 92 3c 07 	sts	0x073C, r1	; 0x80073c <snoozed>
/home/ngranado/code/AlphaClock/alphafive/examples/AlphaClock/AlphaClock.ino:464
          //          TimeChanged = 1;         
        }


      // Check to see if both S1 and S2 are both currently depressed:
      if (( buttonMonitor & a5_alarmSetBtn) && ( buttonMonitor & a5_timeSetBtn))
    a086:	dd 20       	and	r13, r13
    a088:	09 f4       	brne	.+2      	; 0xa08c <main+0xafc>
    a08a:	cb c4       	rjmp	.+2454   	; 0xaa22 <main+0x1492>
    a08c:	ee 20       	and	r14, r14
    a08e:	09 f4       	brne	.+2      	; 0xa092 <main+0xb02>
    a090:	e2 c4       	rjmp	.+2500   	; 0xaa56 <main+0x14c6>
/home/ngranado/code/AlphaClock/alphafive/examples/AlphaClock/AlphaClock.ino:466
      {  
        if (modeShowDateViaButtons == 0)
    a092:	80 91 00 07 	lds	r24, 0x0700	; 0x800700 <modeShowDateViaButtons>
    a096:	81 11       	cpse	r24, r1
    a098:	06 c0       	rjmp	.+12     	; 0xa0a6 <main+0xb16>
/home/ngranado/code/AlphaClock/alphafive/examples/AlphaClock/AlphaClock.ino:468
        { // Display date
          modeShowDateViaButtons = 1;
    a09a:	50 92 00 07 	sts	0x0700, r5	; 0x800700 <modeShowDateViaButtons>
/home/ngranado/code/AlphaClock/alphafive/examples/AlphaClock/AlphaClock.ino:469
          TimeChanged  = 1; // This overrides the usual alarm on/off function of the time set button. 
    a09e:	50 92 0d 07 	sts	0x070D, r5	; 0x80070d <TimeChanged>
/home/ngranado/code/AlphaClock/alphafive/examples/AlphaClock/AlphaClock.ino:470
          RedrawNow = 1; 
    a0a2:	50 92 4d 07 	sts	0x074D, r5	; 0x80074d <RedrawNow>
/home/ngranado/code/AlphaClock/alphafive/examples/AlphaClock/AlphaClock.ino:480

      /////////////////////////////  ENTERING & LEAVING LED TEST MODE  /////////////////////////////  
      // Check to see if both S1 and S2 are both currently held down:
      if (( buttonMonitor & a5_alarmSetBtn) && ( buttonMonitor & a5_timeSetBtn))
      {
        if( (milliTemp >= (Btn1_AlrmSet_StartTime + 2 * HoldDownTime )) && (milliTemp >= (Btn2_TimeSet_StartTime + 2 * HoldDownTime )))
    a0a6:	80 91 55 07 	lds	r24, 0x0755	; 0x800755 <milliTemp>
    a0aa:	90 91 56 07 	lds	r25, 0x0756	; 0x800756 <milliTemp+0x1>
    a0ae:	a0 91 57 07 	lds	r26, 0x0757	; 0x800757 <milliTemp+0x2>
    a0b2:	b0 91 58 07 	lds	r27, 0x0758	; 0x800758 <milliTemp+0x3>
    a0b6:	40 91 12 07 	lds	r20, 0x0712	; 0x800712 <Btn1_AlrmSet_StartTime>
    a0ba:	50 91 13 07 	lds	r21, 0x0713	; 0x800713 <Btn1_AlrmSet_StartTime+0x1>
    a0be:	60 91 14 07 	lds	r22, 0x0714	; 0x800714 <Btn1_AlrmSet_StartTime+0x2>
    a0c2:	70 91 15 07 	lds	r23, 0x0715	; 0x800715 <Btn1_AlrmSet_StartTime+0x3>
    a0c6:	40 56       	subi	r20, 0x60	; 96
    a0c8:	50 4f       	sbci	r21, 0xF0	; 240
    a0ca:	6f 4f       	sbci	r22, 0xFF	; 255
    a0cc:	7f 4f       	sbci	r23, 0xFF	; 255
    a0ce:	84 17       	cp	r24, r20
    a0d0:	95 07       	cpc	r25, r21
    a0d2:	a6 07       	cpc	r26, r22
    a0d4:	b7 07       	cpc	r27, r23
    a0d6:	90 f1       	brcs	.+100    	; 0xa13c <main+0xbac>
    a0d8:	40 91 0e 07 	lds	r20, 0x070E	; 0x80070e <Btn2_TimeSet_StartTime>
    a0dc:	50 91 0f 07 	lds	r21, 0x070F	; 0x80070f <Btn2_TimeSet_StartTime+0x1>
    a0e0:	60 91 10 07 	lds	r22, 0x0710	; 0x800710 <Btn2_TimeSet_StartTime+0x2>
    a0e4:	70 91 11 07 	lds	r23, 0x0711	; 0x800711 <Btn2_TimeSet_StartTime+0x3>
    a0e8:	40 56       	subi	r20, 0x60	; 96
    a0ea:	50 4f       	sbci	r21, 0xF0	; 240
    a0ec:	6f 4f       	sbci	r22, 0xFF	; 255
    a0ee:	7f 4f       	sbci	r23, 0xFF	; 255
    a0f0:	84 17       	cp	r24, r20
    a0f2:	95 07       	cpc	r25, r21
    a0f4:	a6 07       	cpc	r26, r22
    a0f6:	b7 07       	cpc	r27, r23
    a0f8:	08 f1       	brcs	.+66     	; 0xa13c <main+0xbac>
/home/ngranado/code/AlphaClock/alphafive/examples/AlphaClock/AlphaClock.ino:482
        {
          Btn1_AlrmSet_StartTime = milliTemp;  // Reset hold-down timer
    a0fa:	80 93 12 07 	sts	0x0712, r24	; 0x800712 <Btn1_AlrmSet_StartTime>
    a0fe:	90 93 13 07 	sts	0x0713, r25	; 0x800713 <Btn1_AlrmSet_StartTime+0x1>
    a102:	a0 93 14 07 	sts	0x0714, r26	; 0x800714 <Btn1_AlrmSet_StartTime+0x2>
    a106:	b0 93 15 07 	sts	0x0715, r27	; 0x800715 <Btn1_AlrmSet_StartTime+0x3>
/home/ngranado/code/AlphaClock/alphafive/examples/AlphaClock/AlphaClock.ino:483
          Btn2_TimeSet_StartTime = milliTemp;   // Reset hold-down timer
    a10a:	80 93 0e 07 	sts	0x070E, r24	; 0x80070e <Btn2_TimeSet_StartTime>
    a10e:	90 93 0f 07 	sts	0x070F, r25	; 0x80070f <Btn2_TimeSet_StartTime+0x1>
    a112:	a0 93 10 07 	sts	0x0710, r26	; 0x800710 <Btn2_TimeSet_StartTime+0x2>
    a116:	b0 93 11 07 	sts	0x0711, r27	; 0x800711 <Btn2_TimeSet_StartTime+0x3>
/home/ngranado/code/AlphaClock/alphafive/examples/AlphaClock/AlphaClock.ino:484
          holdDebounce = 0;
    a11a:	10 92 03 07 	sts	0x0703, r1	; 0x800703 <holdDebounce>
/home/ngranado/code/AlphaClock/alphafive/examples/AlphaClock/AlphaClock.ino:485
          if (modeLEDTest) // If we are currently in the LED Test mode,
    a11e:	80 91 2b 07 	lds	r24, 0x072B	; 0x80072b <modeLEDTest>
    a122:	88 23       	and	r24, r24
    a124:	09 f4       	brne	.+2      	; 0xa128 <main+0xb98>
    a126:	ea c0       	rjmp	.+468    	; 0xa2fc <main+0xd6c>
/home/ngranado/code/AlphaClock/alphafive/examples/AlphaClock/AlphaClock.ino:487
          {
            modeLEDTest = 0;  //  Exit LED Test Mode    
    a128:	10 92 2b 07 	sts	0x072B, r1	; 0x80072b <modeLEDTest>
/home/ngranado/code/AlphaClock/alphafive/examples/AlphaClock/AlphaClock.ino:488
            RedrawNow = 1; 
    a12c:	50 92 4d 07 	sts	0x074D, r5	; 0x80074d <RedrawNow>
/home/ngranado/code/AlphaClock/alphafive/examples/AlphaClock/AlphaClock.ino:489
            DisplayWord ("-END-", 1500);
    a130:	6c ed       	ldi	r22, 0xDC	; 220
    a132:	75 e0       	ldi	r23, 0x05	; 5
    a134:	89 e8       	ldi	r24, 0x89	; 137
    a136:	94 e0       	ldi	r25, 0x04	; 4
    a138:	0e 94 65 3d 	call	0x7aca	; 0x7aca <DisplayWord(char*, unsigned int)>
/home/ngranado/code/AlphaClock/alphafive/examples/AlphaClock/AlphaClock.ino:546
        }

      }


      if (( (buttonMonitor & a5_plusBtn) == 0) && (buttonStateLast & a5_plusBtn))
    a13c:	80 91 17 07 	lds	r24, 0x0717	; 0x800717 <buttonMonitor>
    a140:	82 fd       	sbrc	r24, 2
    a142:	29 c0       	rjmp	.+82     	; 0xa196 <main+0xc06>
    a144:	90 91 16 07 	lds	r25, 0x0716	; 0x800716 <buttonStateLast>
    a148:	92 ff       	sbrs	r25, 2
    a14a:	25 c0       	rjmp	.+74     	; 0xa196 <main+0xc06>
/home/ngranado/code/AlphaClock/alphafive/examples/AlphaClock/AlphaClock.ino:548
      { // The "+" button has just been released.
        if (holdDebounce)
    a14c:	90 91 03 07 	lds	r25, 0x0703	; 0x800703 <holdDebounce>
    a150:	99 23       	and	r25, r25
    a152:	09 f1       	breq	.+66     	; 0xa196 <main+0xc06>
/home/ngranado/code/AlphaClock/alphafive/examples/AlphaClock/AlphaClock.ino:550
        { 
          if (TimeChanged > 0)
    a154:	90 91 0d 07 	lds	r25, 0x070D	; 0x80070d <TimeChanged>
    a158:	91 11       	cpse	r25, r1
/home/ngranado/code/AlphaClock/alphafive/examples/AlphaClock/AlphaClock.ino:551
            TimeChanged = 1;  // Acknowledge that the button has been released, for purposes of time editing. 
    a15a:	50 92 0d 07 	sts	0x070D, r5	; 0x80070d <TimeChanged>
/home/ngranado/code/AlphaClock/alphafive/examples/AlphaClock/AlphaClock.ino:552
          if (AlarmTimeChanged > 0)
    a15e:	90 91 04 07 	lds	r25, 0x0704	; 0x800704 <AlarmTimeChanged>
    a162:	91 11       	cpse	r25, r1
/home/ngranado/code/AlphaClock/alphafive/examples/AlphaClock/AlphaClock.ino:553
            AlarmTimeChanged = 1;  // Acknowledge that the button has been released, for purposes of time editing. 
    a164:	50 92 04 07 	sts	0x0704, r5	; 0x800704 <AlarmTimeChanged>
/home/ngranado/code/AlphaClock/alphafive/examples/AlphaClock/AlphaClock.ino:556

          // IF no other buttons are down, increase brightness:
          if (((buttonMonitor & a5_allButtonsButPlus) == 0) && (AlarmTimeChanged + TimeChanged == 0))
    a168:	98 2f       	mov	r25, r24
    a16a:	9b 70       	andi	r25, 0x0B	; 11
    a16c:	a1 f4       	brne	.+40     	; 0xa196 <main+0xc06>
    a16e:	20 91 04 07 	lds	r18, 0x0704	; 0x800704 <AlarmTimeChanged>
    a172:	90 91 0d 07 	lds	r25, 0x070D	; 0x80070d <TimeChanged>
    a176:	29 0f       	add	r18, r25
    a178:	33 27       	eor	r19, r19
    a17a:	33 1f       	adc	r19, r19
    a17c:	23 2b       	or	r18, r19
    a17e:	59 f4       	brne	.+22     	; 0xa196 <main+0xc06>
/home/ngranado/code/AlphaClock/alphafive/examples/AlphaClock/AlphaClock.ino:557
            if (Brightness < BrightnessMax)
    a180:	90 91 53 07 	lds	r25, 0x0753	; 0x800753 <Brightness>
    a184:	9b 30       	cpi	r25, 0x0B	; 11
    a186:	38 f4       	brcc	.+14     	; 0xa196 <main+0xc06>
/home/ngranado/code/AlphaClock/alphafive/examples/AlphaClock/AlphaClock.ino:559
            {
              Brightness++; 
    a188:	9f 5f       	subi	r25, 0xFF	; 255
    a18a:	90 93 53 07 	sts	0x0753, r25	; 0x800753 <Brightness>
/home/ngranado/code/AlphaClock/alphafive/examples/AlphaClock/AlphaClock.ino:560
              UpdateBrightness = 1;
    a18e:	50 92 54 07 	sts	0x0754, r5	; 0x800754 <UpdateBrightness>
/home/ngranado/code/AlphaClock/alphafive/examples/AlphaClock/AlphaClock.ino:561
              UpdateEE = 1;
    a192:	50 92 46 07 	sts	0x0746, r5	; 0x800746 <UpdateEE>
/home/ngranado/code/AlphaClock/alphafive/examples/AlphaClock/AlphaClock.ino:566
            } 
        }
      }

      if (( (buttonMonitor & a5_minusBtn) == 0) && (buttonStateLast & a5_minusBtn)) 
    a196:	83 fd       	sbrc	r24, 3
    a198:	65 cd       	rjmp	.-1334   	; 0x9c64 <main+0x6d4>
    a19a:	90 91 16 07 	lds	r25, 0x0716	; 0x800716 <buttonStateLast>
    a19e:	93 ff       	sbrs	r25, 3
    a1a0:	61 cd       	rjmp	.-1342   	; 0x9c64 <main+0x6d4>
/home/ngranado/code/AlphaClock/alphafive/examples/AlphaClock/AlphaClock.ino:568
      {  // The "-" Button has just been released.
        if (holdDebounce){
    a1a2:	90 91 03 07 	lds	r25, 0x0703	; 0x800703 <holdDebounce>
    a1a6:	99 23       	and	r25, r25
    a1a8:	09 f4       	brne	.+2      	; 0xa1ac <main+0xc1c>
    a1aa:	5c cd       	rjmp	.-1352   	; 0x9c64 <main+0x6d4>
/home/ngranado/code/AlphaClock/alphafive/examples/AlphaClock/AlphaClock.ino:569
          if (TimeChanged > 0)
    a1ac:	90 91 0d 07 	lds	r25, 0x070D	; 0x80070d <TimeChanged>
    a1b0:	91 11       	cpse	r25, r1
/home/ngranado/code/AlphaClock/alphafive/examples/AlphaClock/AlphaClock.ino:570
            TimeChanged = 1;  // Acknowledge that the button has been released, for purposes of time editing. 
    a1b2:	50 92 0d 07 	sts	0x070D, r5	; 0x80070d <TimeChanged>
/home/ngranado/code/AlphaClock/alphafive/examples/AlphaClock/AlphaClock.ino:571
          if (AlarmTimeChanged > 0)
    a1b6:	90 91 04 07 	lds	r25, 0x0704	; 0x800704 <AlarmTimeChanged>
    a1ba:	91 11       	cpse	r25, r1
/home/ngranado/code/AlphaClock/alphafive/examples/AlphaClock/AlphaClock.ino:572
            AlarmTimeChanged = 1;  // Acknowledge that the button has been released, for purposes of time editing. 
    a1bc:	50 92 04 07 	sts	0x0704, r5	; 0x800704 <AlarmTimeChanged>
/home/ngranado/code/AlphaClock/alphafive/examples/AlphaClock/AlphaClock.ino:575

          // IF no other buttons are down, and times have not been adjusted, decrease brightness:
          if(((buttonMonitor & a5_allButtonsButMinus) == 0) && (AlarmTimeChanged + TimeChanged == 0))
    a1c0:	87 70       	andi	r24, 0x07	; 7
    a1c2:	09 f0       	breq	.+2      	; 0xa1c6 <main+0xc36>
    a1c4:	4f cd       	rjmp	.-1378   	; 0x9c64 <main+0x6d4>
    a1c6:	80 91 04 07 	lds	r24, 0x0704	; 0x800704 <AlarmTimeChanged>
    a1ca:	90 91 0d 07 	lds	r25, 0x070D	; 0x80070d <TimeChanged>
    a1ce:	89 0f       	add	r24, r25
    a1d0:	99 27       	eor	r25, r25
    a1d2:	99 1f       	adc	r25, r25
    a1d4:	89 2b       	or	r24, r25
    a1d6:	09 f0       	breq	.+2      	; 0xa1da <main+0xc4a>
    a1d8:	45 cd       	rjmp	.-1398   	; 0x9c64 <main+0x6d4>
/home/ngranado/code/AlphaClock/alphafive/examples/AlphaClock/AlphaClock.ino:576
            if (Brightness > 0)
    a1da:	80 91 53 07 	lds	r24, 0x0753	; 0x800753 <Brightness>
    a1de:	88 23       	and	r24, r24
    a1e0:	09 f4       	brne	.+2      	; 0xa1e4 <main+0xc54>
    a1e2:	40 cd       	rjmp	.-1408   	; 0x9c64 <main+0x6d4>
/home/ngranado/code/AlphaClock/alphafive/examples/AlphaClock/AlphaClock.ino:578
            {
              Brightness--; 
    a1e4:	81 50       	subi	r24, 0x01	; 1
    a1e6:	80 93 53 07 	sts	0x0753, r24	; 0x800753 <Brightness>
/home/ngranado/code/AlphaClock/alphafive/examples/AlphaClock/AlphaClock.ino:579
              UpdateBrightness = 1; 
    a1ea:	50 92 54 07 	sts	0x0754, r5	; 0x800754 <UpdateBrightness>
/home/ngranado/code/AlphaClock/alphafive/examples/AlphaClock/AlphaClock.ino:580
              UpdateEE = 1;
    a1ee:	50 92 46 07 	sts	0x0746, r5	; 0x800746 <UpdateEE>
    a1f2:	38 cd       	rjmp	.-1424   	; 0x9c64 <main+0x6d4>
/home/ngranado/code/AlphaClock/alphafive/examples/AlphaClock/AlphaClock.ino:385
          RedrawNow = 1; 
          TimeChanged = 2;  // One-time press: detected
          if (UseRTC)  
            RTC.set(now()); 
        }    
        else if ( milliTemp >= (Btn3_Plus_StartTime + 400))
    a1f4:	80 91 09 07 	lds	r24, 0x0709	; 0x800709 <Btn3_Plus_StartTime>
    a1f8:	90 91 0a 07 	lds	r25, 0x070A	; 0x80070a <Btn3_Plus_StartTime+0x1>
    a1fc:	a0 91 0b 07 	lds	r26, 0x070B	; 0x80070b <Btn3_Plus_StartTime+0x2>
    a200:	b0 91 0c 07 	lds	r27, 0x070C	; 0x80070c <Btn3_Plus_StartTime+0x3>
    a204:	80 57       	subi	r24, 0x70	; 112
    a206:	9e 4f       	sbci	r25, 0xFE	; 254
    a208:	af 4f       	sbci	r26, 0xFF	; 255
    a20a:	bf 4f       	sbci	r27, 0xFF	; 255
    a20c:	40 91 55 07 	lds	r20, 0x0755	; 0x800755 <milliTemp>
    a210:	50 91 56 07 	lds	r21, 0x0756	; 0x800756 <milliTemp+0x1>
    a214:	60 91 57 07 	lds	r22, 0x0757	; 0x800757 <milliTemp+0x2>
    a218:	70 91 58 07 	lds	r23, 0x0758	; 0x800758 <milliTemp+0x3>
    a21c:	48 17       	cp	r20, r24
    a21e:	59 07       	cpc	r21, r25
    a220:	6a 07       	cpc	r22, r26
    a222:	7b 07       	cpc	r23, r27
    a224:	08 f4       	brcc	.+2      	; 0xa228 <main+0xc98>
    a226:	bf ce       	rjmp	.-642    	; 0x9fa6 <main+0xa16>
/home/ngranado/code/AlphaClock/alphafive/examples/AlphaClock/AlphaClock.ino:387
        {
          adjustTime(60); // Add one minute 
    a228:	6c e3       	ldi	r22, 0x3C	; 60
    a22a:	70 e0       	ldi	r23, 0x00	; 0
    a22c:	80 e0       	ldi	r24, 0x00	; 0
    a22e:	90 e0       	ldi	r25, 0x00	; 0
    a230:	0e 94 8e 35 	call	0x6b1c	; 0x6b1c <adjustTime(long)>
/home/ngranado/code/AlphaClock/alphafive/examples/AlphaClock/AlphaClock.ino:388
          RedrawNow_NoFade = 1; 
    a234:	50 92 4e 07 	sts	0x074E, r5	; 0x80074e <RedrawNow_NoFade>
    a238:	ae ce       	rjmp	.-676    	; 0x9f96 <main+0xa06>
/home/ngranado/code/AlphaClock/alphafive/examples/AlphaClock/AlphaClock.ino:403
          RedrawNow = 1; 
          TimeChanged = 2;
          if (UseRTC)  
            RTC.set(now()); 
        }      
        else if ( milliTemp > (Btn4_Minus_StartTime + 400 ))
    a23a:	80 91 05 07 	lds	r24, 0x0705	; 0x800705 <Btn4_Minus_StartTime>
    a23e:	90 91 06 07 	lds	r25, 0x0706	; 0x800706 <Btn4_Minus_StartTime+0x1>
    a242:	a0 91 07 07 	lds	r26, 0x0707	; 0x800707 <Btn4_Minus_StartTime+0x2>
    a246:	b0 91 08 07 	lds	r27, 0x0708	; 0x800708 <Btn4_Minus_StartTime+0x3>
    a24a:	80 57       	subi	r24, 0x70	; 112
    a24c:	9e 4f       	sbci	r25, 0xFE	; 254
    a24e:	af 4f       	sbci	r26, 0xFF	; 255
    a250:	bf 4f       	sbci	r27, 0xFF	; 255
    a252:	40 91 55 07 	lds	r20, 0x0755	; 0x800755 <milliTemp>
    a256:	50 91 56 07 	lds	r21, 0x0756	; 0x800756 <milliTemp+0x1>
    a25a:	60 91 57 07 	lds	r22, 0x0757	; 0x800757 <milliTemp+0x2>
    a25e:	70 91 58 07 	lds	r23, 0x0758	; 0x800758 <milliTemp+0x3>
    a262:	84 17       	cp	r24, r20
    a264:	95 07       	cpc	r25, r21
    a266:	a6 07       	cpc	r26, r22
    a268:	b7 07       	cpc	r27, r23
    a26a:	08 f0       	brcs	.+2      	; 0xa26e <main+0xcde>
    a26c:	b8 ce       	rjmp	.-656    	; 0x9fde <main+0xa4e>
/home/ngranado/code/AlphaClock/alphafive/examples/AlphaClock/AlphaClock.ino:405
        {
          adjustTime(-60); // Subtract one minute 
    a26e:	64 ec       	ldi	r22, 0xC4	; 196
    a270:	7f ef       	ldi	r23, 0xFF	; 255
    a272:	8f ef       	ldi	r24, 0xFF	; 255
    a274:	9f ef       	ldi	r25, 0xFF	; 255
    a276:	0e 94 8e 35 	call	0x6b1c	; 0x6b1c <adjustTime(long)>
/home/ngranado/code/AlphaClock/alphafive/examples/AlphaClock/AlphaClock.ino:406
          RedrawNow_NoFade = 1; 
    a27a:	50 92 4e 07 	sts	0x074E, r5	; 0x80074e <RedrawNow_NoFade>
    a27e:	a7 ce       	rjmp	.-690    	; 0x9fce <main+0xa3e>
/home/ngranado/code/AlphaClock/alphafive/examples/AlphaClock/AlphaClock.ino:439
          incrementAlarm(); // Add one minute
          RedrawNow = 1; 
          TimeChanged = 2;  // One-time press: detected
          snoozed = 0;  //  Recalculating alarm time *turns snooze off.*
        }       
        else if ( milliTemp >= (Btn3_Plus_StartTime + 400))
    a280:	80 91 09 07 	lds	r24, 0x0709	; 0x800709 <Btn3_Plus_StartTime>
    a284:	90 91 0a 07 	lds	r25, 0x070A	; 0x80070a <Btn3_Plus_StartTime+0x1>
    a288:	a0 91 0b 07 	lds	r26, 0x070B	; 0x80070b <Btn3_Plus_StartTime+0x2>
    a28c:	b0 91 0c 07 	lds	r27, 0x070C	; 0x80070c <Btn3_Plus_StartTime+0x3>
    a290:	80 57       	subi	r24, 0x70	; 112
    a292:	9e 4f       	sbci	r25, 0xFE	; 254
    a294:	af 4f       	sbci	r26, 0xFF	; 255
    a296:	bf 4f       	sbci	r27, 0xFF	; 255
    a298:	40 91 55 07 	lds	r20, 0x0755	; 0x800755 <milliTemp>
    a29c:	50 91 56 07 	lds	r21, 0x0756	; 0x800756 <milliTemp+0x1>
    a2a0:	60 91 57 07 	lds	r22, 0x0757	; 0x800757 <milliTemp+0x2>
    a2a4:	70 91 58 07 	lds	r23, 0x0758	; 0x800758 <milliTemp+0x3>
    a2a8:	48 17       	cp	r20, r24
    a2aa:	59 07       	cpc	r21, r25
    a2ac:	6a 07       	cpc	r22, r26
    a2ae:	7b 07       	cpc	r23, r27
    a2b0:	08 f4       	brcc	.+2      	; 0xa2b4 <main+0xd24>
    a2b2:	d8 ce       	rjmp	.-592    	; 0xa064 <main+0xad4>
/home/ngranado/code/AlphaClock/alphafive/examples/AlphaClock/AlphaClock.ino:441
        {
          incrementAlarm(); // Add one minute
    a2b4:	0e 94 d6 3e 	call	0x7dac	; 0x7dac <incrementAlarm()>
/home/ngranado/code/AlphaClock/alphafive/examples/AlphaClock/AlphaClock.ino:442
          RedrawNow_NoFade = 1; 
    a2b8:	50 92 4e 07 	sts	0x074E, r5	; 0x80074e <RedrawNow_NoFade>
    a2bc:	d3 ce       	rjmp	.-602    	; 0xa064 <main+0xad4>
/home/ngranado/code/AlphaClock/alphafive/examples/AlphaClock/AlphaClock.ino:455
          decrementAlarm(); // Subtract one minute
          RedrawNow = 1; 
          TimeChanged = 2; // One-time press: detected
          snoozed = 0;  //  Recalculating alarm time *turns snooze off.*
        }      
        else if ( milliTemp >  (Btn4_Minus_StartTime + 400))
    a2be:	80 91 05 07 	lds	r24, 0x0705	; 0x800705 <Btn4_Minus_StartTime>
    a2c2:	90 91 06 07 	lds	r25, 0x0706	; 0x800706 <Btn4_Minus_StartTime+0x1>
    a2c6:	a0 91 07 07 	lds	r26, 0x0707	; 0x800707 <Btn4_Minus_StartTime+0x2>
    a2ca:	b0 91 08 07 	lds	r27, 0x0708	; 0x800708 <Btn4_Minus_StartTime+0x3>
    a2ce:	80 57       	subi	r24, 0x70	; 112
    a2d0:	9e 4f       	sbci	r25, 0xFE	; 254
    a2d2:	af 4f       	sbci	r26, 0xFF	; 255
    a2d4:	bf 4f       	sbci	r27, 0xFF	; 255
    a2d6:	40 91 55 07 	lds	r20, 0x0755	; 0x800755 <milliTemp>
    a2da:	50 91 56 07 	lds	r21, 0x0756	; 0x800756 <milliTemp+0x1>
    a2de:	60 91 57 07 	lds	r22, 0x0757	; 0x800757 <milliTemp+0x2>
    a2e2:	70 91 58 07 	lds	r23, 0x0758	; 0x800758 <milliTemp+0x3>
    a2e6:	84 17       	cp	r24, r20
    a2e8:	95 07       	cpc	r25, r21
    a2ea:	a6 07       	cpc	r26, r22
    a2ec:	b7 07       	cpc	r27, r23
    a2ee:	08 f0       	brcs	.+2      	; 0xa2f2 <main+0xd62>
    a2f0:	ca ce       	rjmp	.-620    	; 0xa086 <main+0xaf6>
/home/ngranado/code/AlphaClock/alphafive/examples/AlphaClock/AlphaClock.ino:457
        {
          decrementAlarm(); // Subtract one minute
    a2f2:	0e 94 be 3e 	call	0x7d7c	; 0x7d7c <decrementAlarm()>
/home/ngranado/code/AlphaClock/alphafive/examples/AlphaClock/AlphaClock.ino:458
          RedrawNow_NoFade = 1; 
    a2f6:	50 92 4e 07 	sts	0x074E, r5	; 0x80074e <RedrawNow_NoFade>
    a2fa:	c5 ce       	rjmp	.-630    	; 0xa086 <main+0xaf6>
/home/ngranado/code/AlphaClock/alphafive/examples/AlphaClock/AlphaClock.ino:494
            DisplayWord ("-END-", 1500);
          }
          else
          { 
            // Display version and enter LED Test Mode
            modeLEDTest = 1;
    a2fc:	50 92 2b 07 	sts	0x072B, r5	; 0x80072b <modeLEDTest>
/home/ngranado/code/AlphaClock/alphafive/examples/AlphaClock/AlphaClock.ino:495
            DisplayWordSequence(5); 
    a300:	85 e0       	ldi	r24, 0x05	; 5
    a302:	0e 94 93 3d 	call	0x7b26	; 0x7b26 <DisplayWordSequence(unsigned char)>
/home/ngranado/code/AlphaClock/alphafive/examples/AlphaClock/AlphaClock.ino:496
            SoundSequence = 0;
    a306:	10 92 3b 07 	sts	0x073B, r1	; 0x80073b <SoundSequence>
    a30a:	18 cf       	rjmp	.-464    	; 0xa13c <main+0xbac>
/home/ngranado/code/AlphaClock/alphafive/examples/AlphaClock/AlphaClock.ino:526
        if (holdDebounce)
        { 
          if ((alarmNow) || (snoozed)){  // Just Turn Off Alarm 
            TurnOffAlarm();
          } 
          else if (TimeChanged == 0){  // If the time has just been adjusted, DO NOT change alarm status.
    a30c:	80 91 0d 07 	lds	r24, 0x070D	; 0x80070d <TimeChanged>
    a310:	81 11       	cpse	r24, r1
    a312:	0e c0       	rjmp	.+28     	; 0xa330 <main+0xda0>
/home/ngranado/code/AlphaClock/alphafive/examples/AlphaClock/AlphaClock.ino:527
            RedrawNow = 1;
    a314:	50 92 4d 07 	sts	0x074D, r5	; 0x80074d <RedrawNow>
/home/ngranado/code/AlphaClock/alphafive/examples/AlphaClock/AlphaClock.ino:528
            UpdateEE = 1;
    a318:	50 92 46 07 	sts	0x0746, r5	; 0x800746 <UpdateEE>
/home/ngranado/code/AlphaClock/alphafive/examples/AlphaClock/AlphaClock.ino:529
            if (AlarmEnabled)
    a31c:	80 91 41 07 	lds	r24, 0x0741	; 0x800741 <AlarmEnabled>
    a320:	88 23       	and	r24, r24
    a322:	19 f0       	breq	.+6      	; 0xa32a <main+0xd9a>
/home/ngranado/code/AlphaClock/alphafive/examples/AlphaClock/AlphaClock.ino:530
              AlarmEnabled = 0; 
    a324:	10 92 41 07 	sts	0x0741, r1	; 0x800741 <AlarmEnabled>
    a328:	09 cf       	rjmp	.-494    	; 0xa13c <main+0xbac>
/home/ngranado/code/AlphaClock/alphafive/examples/AlphaClock/AlphaClock.ino:533
            else
            {
              AlarmEnabled = 1; 
    a32a:	50 92 41 07 	sts	0x0741, r5	; 0x800741 <AlarmEnabled>
    a32e:	06 cf       	rjmp	.-500    	; 0xa13c <main+0xbac>
/home/ngranado/code/AlphaClock/alphafive/examples/AlphaClock/AlphaClock.ino:538
            } 
          }
          else
          {
            if (UseRTC)  
    a330:	80 91 38 07 	lds	r24, 0x0738	; 0x800738 <UseRTC>
    a334:	88 23       	and	r24, r24
    a336:	09 f4       	brne	.+2      	; 0xa33a <main+0xdaa>
    a338:	01 cf       	rjmp	.-510    	; 0xa13c <main+0xbac>
/home/ngranado/code/AlphaClock/alphafive/examples/AlphaClock/AlphaClock.ino:539
              RTC.set(now()); 
    a33a:	0e 94 d7 35 	call	0x6bae	; 0x6bae <now()>
    a33e:	0e 94 e6 38 	call	0x71cc	; 0x71cc <DS1307RTC::set(unsigned long)>
    a342:	fc ce       	rjmp	.-520    	; 0xa13c <main+0xbac>
/home/ngranado/code/AlphaClock/alphafive/examples/AlphaClock/AlphaClock.ino:607
          modeShowMenu = 0;  //  Exit configuration menu     
          DisplayWord ("     ", 500); 
        }
        else
        {
          modeShowMenu = 1;  // Enter configuration menu 
    a344:	50 92 2c 07 	sts	0x072C, r5	; 0x80072c <modeShowMenu>
/home/ngranado/code/AlphaClock/alphafive/examples/AlphaClock/AlphaClock.ino:608
          menuItem = 0; 
    a348:	10 92 02 07 	sts	0x0702, r1	; 0x800702 <menuItem>
    a34c:	d7 cc       	rjmp	.-1618   	; 0x9cfc <main+0x76c>
loop():
/home/ngranado/code/AlphaClock/alphafive/examples/AlphaClock/AlphaClock.ino:1078
      a5_brightLevel = MBlevel[Brightness];          
      UpdateDisplay (1); // Force update of display data, with new brightness level 
    }
    else
    {
      a5_brightLevel = 0;
    a34e:	10 92 51 07 	sts	0x0751, r1	; 0x800751 <a5_brightLevel>
/home/ngranado/code/AlphaClock/alphafive/examples/AlphaClock/AlphaClock.ino:1079
      UpdateDisplay (1); // Force update of display data, with temporary brightness level
    a352:	81 e0       	ldi	r24, 0x01	; 1
    a354:	0e 94 91 43 	call	0x8722	; 0x8722 <UpdateDisplay(unsigned char)>
/home/ngranado/code/AlphaClock/alphafive/examples/AlphaClock/AlphaClock.ino:1080
      a5loadVidBuf_fromOSB();
    a358:	0e 94 db 3a 	call	0x75b6	; 0x75b6 <a5loadVidBuf_fromOSB()>
/home/ngranado/code/AlphaClock/alphafive/examples/AlphaClock/AlphaClock.ino:1082

      a5_brightLevel = MBlevel[Brightness];          
    a35c:	e0 91 53 07 	lds	r30, 0x0753	; 0x800753 <Brightness>
    a360:	f0 e0       	ldi	r31, 0x00	; 0
    a362:	ec 5e       	subi	r30, 0xEC	; 236
    a364:	fd 4f       	sbci	r31, 0xFD	; 253
    a366:	80 81       	ld	r24, Z
    a368:	80 93 51 07 	sts	0x0751, r24	; 0x800751 <a5_brightLevel>
/home/ngranado/code/AlphaClock/alphafive/examples/AlphaClock/AlphaClock.ino:1083
      UpdateDisplay (1); // Force update of display data, with new brightness level  
    a36c:	81 e0       	ldi	r24, 0x01	; 1
    a36e:	0e 94 91 43 	call	0x8722	; 0x8722 <UpdateDisplay(unsigned char)>
/home/ngranado/code/AlphaClock/alphafive/examples/AlphaClock/AlphaClock.ino:1084
      a5_brightMode = MBmode[Brightness];  
    a372:	e0 91 53 07 	lds	r30, 0x0753	; 0x800753 <Brightness>
    a376:	f0 e0       	ldi	r31, 0x00	; 0
    a378:	e0 5e       	subi	r30, 0xE0	; 224
    a37a:	fd 4f       	sbci	r31, 0xFD	; 253
    a37c:	80 81       	ld	r24, Z
    a37e:	80 93 52 07 	sts	0x0752, r24	; 0x800752 <a5_brightMode>
    a382:	de cc       	rjmp	.-1604   	; 0x9d40 <main+0x7b0>
/home/ngranado/code/AlphaClock/alphafive/examples/AlphaClock/AlphaClock.ino:1121
    a5loadVidBuf_fromOSB(); 

    RedrawNow = 0;
    RedrawNow_NoFade = 0;
  }  
  else if (milliTemp >= NextClockUpdate)  // Update at most 100 times per second
    a384:	40 91 49 07 	lds	r20, 0x0749	; 0x800749 <NextClockUpdate>
    a388:	50 91 4a 07 	lds	r21, 0x074A	; 0x80074a <NextClockUpdate+0x1>
    a38c:	60 91 4b 07 	lds	r22, 0x074B	; 0x80074b <NextClockUpdate+0x2>
    a390:	70 91 4c 07 	lds	r23, 0x074C	; 0x80074c <NextClockUpdate+0x3>
    a394:	84 17       	cp	r24, r20
    a396:	95 07       	cpc	r25, r21
    a398:	a6 07       	cpc	r26, r22
    a39a:	b7 07       	cpc	r27, r23
    a39c:	08 f4       	brcc	.+2      	; 0xa3a0 <main+0xe10>
    a39e:	14 cd       	rjmp	.-1496   	; 0x9dc8 <main+0x838>
/home/ngranado/code/AlphaClock/alphafive/examples/AlphaClock/AlphaClock.ino:1123
  {  
    NextClockUpdate = milliTemp + 10; // Reset auto-redraw timer.
    a3a0:	0a 96       	adiw	r24, 0x0a	; 10
    a3a2:	a1 1d       	adc	r26, r1
    a3a4:	b1 1d       	adc	r27, r1
    a3a6:	80 93 49 07 	sts	0x0749, r24	; 0x800749 <NextClockUpdate>
    a3aa:	90 93 4a 07 	sts	0x074A, r25	; 0x80074a <NextClockUpdate+0x1>
    a3ae:	a0 93 4b 07 	sts	0x074B, r26	; 0x80074b <NextClockUpdate+0x2>
    a3b2:	b0 93 4c 07 	sts	0x074C, r27	; 0x80074c <NextClockUpdate+0x3>
/home/ngranado/code/AlphaClock/alphafive/examples/AlphaClock/AlphaClock.ino:1124
    UpdateDisplay (0); // Argument 0: Only update if display data has changed.
    a3b6:	80 e0       	ldi	r24, 0x00	; 0
    a3b8:	0e 94 91 43 	call	0x8722	; 0x8722 <UpdateDisplay(unsigned char)>
/home/ngranado/code/AlphaClock/alphafive/examples/AlphaClock/AlphaClock.ino:1125
    a5LoadNextFadeStage();
    a3bc:	0e 94 77 3a 	call	0x74ee	; 0x74ee <a5LoadNextFadeStage()>
/home/ngranado/code/AlphaClock/alphafive/examples/AlphaClock/AlphaClock.ino:1126
    a5loadVidBuf_fromOSB(); 
    a3c0:	0e 94 db 3a 	call	0x75b6	; 0x75b6 <a5loadVidBuf_fromOSB()>
/home/ngranado/code/AlphaClock/alphafive/examples/AlphaClock/AlphaClock.ino:1128

    if (NightLightType >= 4)  // Only in pulse mode do we need to regularly update
    a3c4:	80 91 47 07 	lds	r24, 0x0747	; 0x800747 <NightLightType>
    a3c8:	84 30       	cpi	r24, 0x04	; 4
    a3ca:	14 f0       	brlt	.+4      	; 0xa3d0 <main+0xe40>
/home/ngranado/code/AlphaClock/alphafive/examples/AlphaClock/AlphaClock.ino:1129
      updateNightLight();
    a3cc:	0e 94 c0 3c 	call	0x7980	; 0x7980 <updateNightLight()>
/home/ngranado/code/AlphaClock/alphafive/examples/AlphaClock/AlphaClock.ino:1131

    if (UpdateEE)   // Don't need to check this more than 100 times/second.
    a3d0:	80 91 46 07 	lds	r24, 0x0746	; 0x800746 <UpdateEE>
    a3d4:	88 23       	and	r24, r24
    a3d6:	09 f4       	brne	.+2      	; 0xa3da <main+0xe4a>
    a3d8:	f7 cc       	rjmp	.-1554   	; 0x9dc8 <main+0x838>
EESaveSettings():
/home/ngranado/code/AlphaClock/alphafive/examples/AlphaClock/AlphaClock.ino:2385
  // we suspect that we need to change the stored settings:

  byte value; 
  byte indicateEEPROMwritten = 0;

  if (milliTemp >= (LastButtonPress + 4000))
    a3da:	80 91 20 07 	lds	r24, 0x0720	; 0x800720 <LastButtonPress>
    a3de:	90 91 21 07 	lds	r25, 0x0721	; 0x800721 <LastButtonPress+0x1>
    a3e2:	a0 91 22 07 	lds	r26, 0x0722	; 0x800722 <LastButtonPress+0x2>
    a3e6:	b0 91 23 07 	lds	r27, 0x0723	; 0x800723 <LastButtonPress+0x3>
    a3ea:	80 56       	subi	r24, 0x60	; 96
    a3ec:	90 4f       	sbci	r25, 0xF0	; 240
    a3ee:	af 4f       	sbci	r26, 0xFF	; 255
    a3f0:	bf 4f       	sbci	r27, 0xFF	; 255
    a3f2:	40 91 55 07 	lds	r20, 0x0755	; 0x800755 <milliTemp>
    a3f6:	50 91 56 07 	lds	r21, 0x0756	; 0x800756 <milliTemp+0x1>
    a3fa:	60 91 57 07 	lds	r22, 0x0757	; 0x800757 <milliTemp+0x2>
    a3fe:	70 91 58 07 	lds	r23, 0x0758	; 0x800758 <milliTemp+0x3>
    a402:	48 17       	cp	r20, r24
    a404:	59 07       	cpc	r21, r25
    a406:	6a 07       	cpc	r22, r26
    a408:	7b 07       	cpc	r23, r27
    a40a:	08 f4       	brcc	.+2      	; 0xa40e <main+0xe7e>
    a40c:	dd cc       	rjmp	.-1606   	; 0x9dc8 <main+0x838>
/home/ngranado/code/AlphaClock/alphafive/examples/AlphaClock/AlphaClock.ino:2392

    // Careful if you use this function: EEPROM has a limited number of write
    // cycles in its life.  Good for human-operated buttons, bad for automation.
    // Also, no error checking is provided at this, the write EEPROM stage.

    value = EEPROM.read(0);  
    a40e:	90 e0       	ldi	r25, 0x00	; 0
    a410:	80 e0       	ldi	r24, 0x00	; 0
    a412:	0e 94 9a 40 	call	0x8134	; 0x8134 <EEPROMClass::read(int) [clone .isra.0]>
/home/ngranado/code/AlphaClock/alphafive/examples/AlphaClock/AlphaClock.ino:2393
    if (Brightness != (value - 100))  {
    a416:	60 91 53 07 	lds	r22, 0x0753	; 0x800753 <Brightness>
    a41a:	84 56       	subi	r24, 0x64	; 100
    a41c:	99 0b       	sbc	r25, r25
    a41e:	68 17       	cp	r22, r24
    a420:	19 06       	cpc	r1, r25
    a422:	21 f0       	breq	.+8      	; 0xa42c <main+0xe9c>
/home/ngranado/code/AlphaClock/alphafive/examples/AlphaClock/AlphaClock.ino:2394
      a5writeEEPROM(0, Brightness + 100);  
    a424:	6c 59       	subi	r22, 0x9C	; 156
    a426:	80 e0       	ldi	r24, 0x00	; 0
    a428:	0e 94 91 40 	call	0x8122	; 0x8122 <a5writeEEPROM(unsigned char, unsigned char)>
/home/ngranado/code/AlphaClock/alphafive/examples/AlphaClock/AlphaClock.ino:2398

      //NOTE:  Do not blink LEDs off to indicate saving of this value
    }
    value = EEPROM.read(1);  
    a42c:	81 e0       	ldi	r24, 0x01	; 1
    a42e:	90 e0       	ldi	r25, 0x00	; 0
    a430:	0e 94 9a 40 	call	0x8134	; 0x8134 <EEPROMClass::read(int) [clone .isra.0]>
/home/ngranado/code/AlphaClock/alphafive/examples/AlphaClock/AlphaClock.ino:2399
    if (HourMode24 != value)  { 
    a434:	60 91 1f 07 	lds	r22, 0x071F	; 0x80071f <HourMode24>
    a438:	86 17       	cp	r24, r22
    a43a:	29 f0       	breq	.+10     	; 0xa446 <main+0xeb6>
/home/ngranado/code/AlphaClock/alphafive/examples/AlphaClock/AlphaClock.ino:2400
      a5writeEEPROM(1, HourMode24); 
    a43c:	81 e0       	ldi	r24, 0x01	; 1
    a43e:	0e 94 91 40 	call	0x8122	; 0x8122 <a5writeEEPROM(unsigned char, unsigned char)>
main():
/home/ngranado/code/AlphaClock/alphafive/examples/AlphaClock/AlphaClock.ino:2401
      indicateEEPROMwritten = 1;
    a442:	ff 24       	eor	r15, r15
    a444:	f3 94       	inc	r15
EESaveSettings():
/home/ngranado/code/AlphaClock/alphafive/examples/AlphaClock/AlphaClock.ino:2403
    } 
    value = EEPROM.read(2);  
    a446:	82 e0       	ldi	r24, 0x02	; 2
    a448:	90 e0       	ldi	r25, 0x00	; 0
    a44a:	0e 94 9a 40 	call	0x8134	; 0x8134 <EEPROMClass::read(int) [clone .isra.0]>
/home/ngranado/code/AlphaClock/alphafive/examples/AlphaClock/AlphaClock.ino:2404
    if (AlarmEnabled != value)  {
    a44e:	60 91 41 07 	lds	r22, 0x0741	; 0x800741 <AlarmEnabled>
    a452:	86 17       	cp	r24, r22
    a454:	19 f0       	breq	.+6      	; 0xa45c <main+0xecc>
/home/ngranado/code/AlphaClock/alphafive/examples/AlphaClock/AlphaClock.ino:2405
      a5writeEEPROM(2, AlarmEnabled);  
    a456:	82 e0       	ldi	r24, 0x02	; 2
    a458:	0e 94 91 40 	call	0x8122	; 0x8122 <a5writeEEPROM(unsigned char, unsigned char)>
/home/ngranado/code/AlphaClock/alphafive/examples/AlphaClock/AlphaClock.ino:2408
      //NOTE:  Do not blink LEDs off to indicate saving of this value
    } 
    value = EEPROM.read(3);  
    a45c:	83 e0       	ldi	r24, 0x03	; 3
    a45e:	90 e0       	ldi	r25, 0x00	; 0
    a460:	0e 94 9a 40 	call	0x8134	; 0x8134 <EEPROMClass::read(int) [clone .isra.0]>
/home/ngranado/code/AlphaClock/alphafive/examples/AlphaClock/AlphaClock.ino:2409
    if (AlarmTimeHr != (value - 100))  { 
    a464:	60 91 40 07 	lds	r22, 0x0740	; 0x800740 <AlarmTimeHr>
    a468:	84 56       	subi	r24, 0x64	; 100
    a46a:	99 0b       	sbc	r25, r25
    a46c:	68 17       	cp	r22, r24
    a46e:	19 06       	cpc	r1, r25
    a470:	21 f0       	breq	.+8      	; 0xa47a <main+0xeea>
/home/ngranado/code/AlphaClock/alphafive/examples/AlphaClock/AlphaClock.ino:2410
      a5writeEEPROM(3, AlarmTimeHr + 100); 
    a472:	6c 59       	subi	r22, 0x9C	; 156
    a474:	83 e0       	ldi	r24, 0x03	; 3
    a476:	0e 94 91 40 	call	0x8122	; 0x8122 <a5writeEEPROM(unsigned char, unsigned char)>
/home/ngranado/code/AlphaClock/alphafive/examples/AlphaClock/AlphaClock.ino:2413
      //NOTE:  Do not blink LEDs off to indicate saving of this value
    }
    value = EEPROM.read(4);  
    a47a:	84 e0       	ldi	r24, 0x04	; 4
    a47c:	90 e0       	ldi	r25, 0x00	; 0
    a47e:	0e 94 9a 40 	call	0x8134	; 0x8134 <EEPROMClass::read(int) [clone .isra.0]>
/home/ngranado/code/AlphaClock/alphafive/examples/AlphaClock/AlphaClock.ino:2414
    if (AlarmTimeMin != (value - 100)){
    a482:	60 91 3f 07 	lds	r22, 0x073F	; 0x80073f <AlarmTimeMin>
    a486:	84 56       	subi	r24, 0x64	; 100
    a488:	99 0b       	sbc	r25, r25
    a48a:	68 17       	cp	r22, r24
    a48c:	19 06       	cpc	r1, r25
    a48e:	21 f0       	breq	.+8      	; 0xa498 <main+0xf08>
/home/ngranado/code/AlphaClock/alphafive/examples/AlphaClock/AlphaClock.ino:2415
      a5writeEEPROM(4, AlarmTimeMin + 100); 
    a490:	6c 59       	subi	r22, 0x9C	; 156
    a492:	84 e0       	ldi	r24, 0x04	; 4
    a494:	0e 94 91 40 	call	0x8122	; 0x8122 <a5writeEEPROM(unsigned char, unsigned char)>
/home/ngranado/code/AlphaClock/alphafive/examples/AlphaClock/AlphaClock.ino:2418
      //NOTE:  Do not blink LEDs off to indicate saving of this value
    }
    value = EEPROM.read(5);  
    a498:	85 e0       	ldi	r24, 0x05	; 5
    a49a:	90 e0       	ldi	r25, 0x00	; 0
    a49c:	0e 94 9a 40 	call	0x8134	; 0x8134 <EEPROMClass::read(int) [clone .isra.0]>
/home/ngranado/code/AlphaClock/alphafive/examples/AlphaClock/AlphaClock.ino:2419
    if (AlarmTone != value){ 
    a4a0:	60 91 24 07 	lds	r22, 0x0724	; 0x800724 <AlarmTone>
    a4a4:	26 2f       	mov	r18, r22
    a4a6:	06 2e       	mov	r0, r22
    a4a8:	00 0c       	add	r0, r0
    a4aa:	33 0b       	sbc	r19, r19
    a4ac:	82 17       	cp	r24, r18
    a4ae:	13 06       	cpc	r1, r19
    a4b0:	29 f0       	breq	.+10     	; 0xa4bc <main+0xf2c>
/home/ngranado/code/AlphaClock/alphafive/examples/AlphaClock/AlphaClock.ino:2420
      a5writeEEPROM(5, AlarmTone);
    a4b2:	85 e0       	ldi	r24, 0x05	; 5
    a4b4:	0e 94 91 40 	call	0x8122	; 0x8122 <a5writeEEPROM(unsigned char, unsigned char)>
main():
/home/ngranado/code/AlphaClock/alphafive/examples/AlphaClock/AlphaClock.ino:2421
      indicateEEPROMwritten = 1;
    a4b8:	ff 24       	eor	r15, r15
    a4ba:	f3 94       	inc	r15
EESaveSettings():
/home/ngranado/code/AlphaClock/alphafive/examples/AlphaClock/AlphaClock.ino:2423
    }
    value = EEPROM.read(6);  
    a4bc:	86 e0       	ldi	r24, 0x06	; 6
    a4be:	90 e0       	ldi	r25, 0x00	; 0
    a4c0:	0e 94 9a 40 	call	0x8134	; 0x8134 <EEPROMClass::read(int) [clone .isra.0]>
/home/ngranado/code/AlphaClock/alphafive/examples/AlphaClock/AlphaClock.ino:2424
    if (NightLightType != value){
    a4c4:	60 91 47 07 	lds	r22, 0x0747	; 0x800747 <NightLightType>
    a4c8:	26 2f       	mov	r18, r22
    a4ca:	06 2e       	mov	r0, r22
    a4cc:	00 0c       	add	r0, r0
    a4ce:	33 0b       	sbc	r19, r19
    a4d0:	82 17       	cp	r24, r18
    a4d2:	13 06       	cpc	r1, r19
    a4d4:	29 f0       	breq	.+10     	; 0xa4e0 <main+0xf50>
/home/ngranado/code/AlphaClock/alphafive/examples/AlphaClock/AlphaClock.ino:2425
      a5writeEEPROM(6, NightLightType);  
    a4d6:	86 e0       	ldi	r24, 0x06	; 6
    a4d8:	0e 94 91 40 	call	0x8122	; 0x8122 <a5writeEEPROM(unsigned char, unsigned char)>
main():
/home/ngranado/code/AlphaClock/alphafive/examples/AlphaClock/AlphaClock.ino:2426
      indicateEEPROMwritten = 1;
    a4dc:	ff 24       	eor	r15, r15
    a4de:	f3 94       	inc	r15
EESaveSettings():
/home/ngranado/code/AlphaClock/alphafive/examples/AlphaClock/AlphaClock.ino:2428
    }
    value = EEPROM.read(7);  
    a4e0:	87 e0       	ldi	r24, 0x07	; 7
    a4e2:	90 e0       	ldi	r25, 0x00	; 0
    a4e4:	0e 94 9a 40 	call	0x8134	; 0x8134 <EEPROMClass::read(int) [clone .isra.0]>
/home/ngranado/code/AlphaClock/alphafive/examples/AlphaClock/AlphaClock.ino:2429
    if (numberCharSet != value){
    a4e8:	60 91 1e 07 	lds	r22, 0x071E	; 0x80071e <numberCharSet>
    a4ec:	26 2f       	mov	r18, r22
    a4ee:	06 2e       	mov	r0, r22
    a4f0:	00 0c       	add	r0, r0
    a4f2:	33 0b       	sbc	r19, r19
    a4f4:	82 17       	cp	r24, r18
    a4f6:	13 06       	cpc	r1, r19
    a4f8:	29 f0       	breq	.+10     	; 0xa504 <main+0xf74>
/home/ngranado/code/AlphaClock/alphafive/examples/AlphaClock/AlphaClock.ino:2430
      a5writeEEPROM(7, numberCharSet);  
    a4fa:	87 e0       	ldi	r24, 0x07	; 7
    a4fc:	0e 94 91 40 	call	0x8122	; 0x8122 <a5writeEEPROM(unsigned char, unsigned char)>
main():
/home/ngranado/code/AlphaClock/alphafive/examples/AlphaClock/AlphaClock.ino:2431
      indicateEEPROMwritten = 1;
    a500:	ff 24       	eor	r15, r15
    a502:	f3 94       	inc	r15
EESaveSettings():
/home/ngranado/code/AlphaClock/alphafive/examples/AlphaClock/AlphaClock.ino:2433
    }
    value = EEPROM.read(8);  
    a504:	88 e0       	ldi	r24, 0x08	; 8
    a506:	90 e0       	ldi	r25, 0x00	; 0
    a508:	0e 94 9a 40 	call	0x8134	; 0x8134 <EEPROMClass::read(int) [clone .isra.0]>
/home/ngranado/code/AlphaClock/alphafive/examples/AlphaClock/AlphaClock.ino:2434
    if (DisplayMode != value){
    a50c:	60 91 2a 07 	lds	r22, 0x072A	; 0x80072a <DisplayMode>
    a510:	26 2f       	mov	r18, r22
    a512:	06 2e       	mov	r0, r22
    a514:	00 0c       	add	r0, r0
    a516:	33 0b       	sbc	r19, r19
    a518:	82 17       	cp	r24, r18
    a51a:	13 06       	cpc	r1, r19
    a51c:	29 f0       	breq	.+10     	; 0xa528 <main+0xf98>
/home/ngranado/code/AlphaClock/alphafive/examples/AlphaClock/AlphaClock.ino:2435
      a5writeEEPROM(8, DisplayMode);  
    a51e:	88 e0       	ldi	r24, 0x08	; 8
    a520:	0e 94 91 40 	call	0x8122	; 0x8122 <a5writeEEPROM(unsigned char, unsigned char)>
main():
/home/ngranado/code/AlphaClock/alphafive/examples/AlphaClock/AlphaClock.ino:2436
      indicateEEPROMwritten = 1;
    a524:	ff 24       	eor	r15, r15
    a526:	f3 94       	inc	r15
EESaveSettings():
/home/ngranado/code/AlphaClock/alphafive/examples/AlphaClock/AlphaClock.ino:2438
    }      
    value = EEPROM.read(9);
    a528:	89 e0       	ldi	r24, 0x09	; 9
    a52a:	90 e0       	ldi	r25, 0x00	; 0
    a52c:	0e 94 9a 40 	call	0x8134	; 0x8134 <EEPROMClass::read(int) [clone .isra.0]>
/home/ngranado/code/AlphaClock/alphafive/examples/AlphaClock/AlphaClock.ino:2439
    if (UTCOffset != (value - 100)){
    a530:	60 91 1d 07 	lds	r22, 0x071D	; 0x80071d <UTCOffset>
    a534:	26 2f       	mov	r18, r22
    a536:	06 2e       	mov	r0, r22
    a538:	00 0c       	add	r0, r0
    a53a:	33 0b       	sbc	r19, r19
    a53c:	84 56       	subi	r24, 0x64	; 100
    a53e:	99 0b       	sbc	r25, r25
    a540:	28 17       	cp	r18, r24
    a542:	39 07       	cpc	r19, r25
    a544:	59 f0       	breq	.+22     	; 0xa55c <main+0xfcc>
/home/ngranado/code/AlphaClock/alphafive/examples/AlphaClock/AlphaClock.ino:2440
      a5writeEEPROM(9, UTCOffset + 100);
    a546:	6c 59       	subi	r22, 0x9C	; 156
    a548:	89 e0       	ldi	r24, 0x09	; 9
    a54a:	0e 94 91 40 	call	0x8122	; 0x8122 <a5writeEEPROM(unsigned char, unsigned char)>
/home/ngranado/code/AlphaClock/alphafive/examples/AlphaClock/AlphaClock.ino:2445
      indicateEEPROMwritten = 1;
    }

    if (indicateEEPROMwritten) { // Blink LEDs off to indicate when we're writing to the EEPROM 
      DisplayWord ("     ", 100);  
    a54e:	64 e6       	ldi	r22, 0x64	; 100
    a550:	70 e0       	ldi	r23, 0x00	; 0
    a552:	82 e6       	ldi	r24, 0x62	; 98
    a554:	92 e0       	ldi	r25, 0x02	; 2
    a556:	0e 94 65 3d 	call	0x7aca	; 0x7aca <DisplayWord(char*, unsigned int)>
    a55a:	02 c0       	rjmp	.+4      	; 0xa560 <main+0xfd0>
/home/ngranado/code/AlphaClock/alphafive/examples/AlphaClock/AlphaClock.ino:2444
    if (UTCOffset != (value - 100)){
      a5writeEEPROM(9, UTCOffset + 100);
      indicateEEPROMwritten = 1;
    }

    if (indicateEEPROMwritten) { // Blink LEDs off to indicate when we're writing to the EEPROM 
    a55c:	f1 10       	cpse	r15, r1
    a55e:	f7 cf       	rjmp	.-18     	; 0xa54e <main+0xfbe>
/home/ngranado/code/AlphaClock/alphafive/examples/AlphaClock/AlphaClock.ino:2448
      DisplayWord ("     ", 100);  
    }

    UpdateEE = 0;
    a560:	10 92 46 07 	sts	0x0746, r1	; 0x800746 <UpdateEE>
/home/ngranado/code/AlphaClock/alphafive/examples/AlphaClock/AlphaClock.ino:2449
    if (UseRTC)  
    a564:	80 91 38 07 	lds	r24, 0x0738	; 0x800738 <UseRTC>
    a568:	88 23       	and	r24, r24
    a56a:	09 f4       	brne	.+2      	; 0xa56e <main+0xfde>
    a56c:	2d cc       	rjmp	.-1958   	; 0x9dc8 <main+0x838>
/home/ngranado/code/AlphaClock/alphafive/examples/AlphaClock/AlphaClock.ino:2450
      RTC.set(now());  // Update time at RTC, in case time was changed in settings menu
    a56e:	0e 94 d7 35 	call	0x6bae	; 0x6bae <now()>
    a572:	0e 94 e6 38 	call	0x71cc	; 0x71cc <DS1307RTC::set(unsigned long)>
    a576:	28 cc       	rjmp	.-1968   	; 0x9dc8 <main+0x838>
loop():
/home/ngranado/code/AlphaClock/alphafive/examples/AlphaClock/AlphaClock.ino:1159
          snoozed = 0; 
          SoundSequence = 0; 
        }
      }
      else{
        alarmPrimed = 1;  
    a578:	50 92 3e 07 	sts	0x073E, r5	; 0x80073e <alarmPrimed>
    a57c:	63 cc       	rjmp	.-1850   	; 0x9e44 <main+0x8b4>
ManageAlarm():
/home/ngranado/code/AlphaClock/alphafive/examples/AlphaClock/AlphaClock.ino:690
          a5tone(0, 300);  
        SoundSequence++;    
      }
      else
      { 
        a5tone(0, 1200);
    a57e:	40 eb       	ldi	r20, 0xB0	; 176
    a580:	54 e0       	ldi	r21, 0x04	; 4
    a582:	60 e0       	ldi	r22, 0x00	; 0
    a584:	70 e0       	ldi	r23, 0x00	; 0
/home/ngranado/code/AlphaClock/alphafive/examples/AlphaClock/AlphaClock.ino:773
        a5tone(0, 1900);
        SoundSequence++;
      }
      else
      { 
        a5tone(0, 50);
    a586:	90 e0       	ldi	r25, 0x00	; 0
    a588:	80 e0       	ldi	r24, 0x00	; 0
    a58a:	0e 94 8d 39 	call	0x731a	; 0x731a <a5tone(unsigned int, unsigned long)>
/home/ngranado/code/AlphaClock/alphafive/examples/AlphaClock/AlphaClock.ino:774
        SoundSequence = 0;  
    a58e:	10 92 3b 07 	sts	0x073B, r1	; 0x80073b <SoundSequence>
    a592:	13 c0       	rjmp	.+38     	; 0xa5ba <main+0x102a>
/home/ngranado/code/AlphaClock/alphafive/examples/AlphaClock/AlphaClock.ino:694
      { 
        a5tone(0, 1200);
        SoundSequence = 0;
      }
    }
    else if (AlarmTone == 1)   // Low Tone
    a594:	81 30       	cpi	r24, 0x01	; 1
    a596:	09 f0       	breq	.+2      	; 0xa59a <main+0x100a>
    a598:	b9 c0       	rjmp	.+370    	; 0xa70c <main+0x117c>
/home/ngranado/code/AlphaClock/alphafive/examples/AlphaClock/AlphaClock.ino:696
    {
      if (SoundSequence < 8)
    a59a:	27 e0       	ldi	r18, 0x07	; 7
    a59c:	2f 15       	cp	r18, r15
    a59e:	78 f3       	brcs	.-34     	; 0xa57e <main+0xfee>
/home/ngranado/code/AlphaClock/alphafive/examples/AlphaClock/AlphaClock.ino:699
      {
        if (SoundSequence & 1) 
          a5tone( 100, 200);  
    a5a0:	48 ec       	ldi	r20, 0xC8	; 200
    a5a2:	50 e0       	ldi	r21, 0x00	; 0
    a5a4:	60 e0       	ldi	r22, 0x00	; 0
    a5a6:	70 e0       	ldi	r23, 0x00	; 0
    a5a8:	84 e6       	ldi	r24, 0x64	; 100
    a5aa:	90 e0       	ldi	r25, 0x00	; 0
/home/ngranado/code/AlphaClock/alphafive/examples/AlphaClock/AlphaClock.ino:698
    }
    else if (AlarmTone == 1)   // Low Tone
    {
      if (SoundSequence < 8)
      {
        if (SoundSequence & 1) 
    a5ac:	f0 fe       	sbrs	r15, 0
    a5ae:	83 cc       	rjmp	.-1786   	; 0x9eb6 <main+0x926>
/home/ngranado/code/AlphaClock/alphafive/examples/AlphaClock/AlphaClock.ino:733
      if (SoundSequence < 6) 
      {
        if (SoundSequence & 1) 
          a5tone( 2050, 300); 
        else 
          a5tone( 0, 200); 
    a5b0:	0e 94 8d 39 	call	0x731a	; 0x731a <a5tone(unsigned int, unsigned long)>
/home/ngranado/code/AlphaClock/alphafive/examples/AlphaClock/AlphaClock.ino:734
        SoundSequence++;   
    a5b4:	f3 94       	inc	r15
    a5b6:	f0 92 3b 07 	sts	0x073B, r15	; 0x80073b <SoundSequence>
UpdateEpochDaisyChain():
/home/ngranado/code/AlphaClock/alphafive/examples/AlphaClock/AlphaClock.ino:2223
  // return the downstream unit to its own time display.

  char message[12];
  byte i;

  if (DisplayMode & EpochBits)
    a5ba:	80 91 2a 07 	lds	r24, 0x072A	; 0x80072a <DisplayMode>
    a5be:	80 76       	andi	r24, 0x60	; 96
    a5c0:	09 f4       	brne	.+2      	; 0xa5c4 <main+0x1034>
    a5c2:	10 c1       	rjmp	.+544    	; 0xa7e4 <main+0x1254>
/home/ngranado/code/AlphaClock/alphafive/examples/AlphaClock/AlphaClock.ino:2225
  {
    time_t t = now();
    a5c4:	0e 94 d7 35 	call	0x6bae	; 0x6bae <now()>
/home/ngranado/code/AlphaClock/alphafive/examples/AlphaClock/AlphaClock.ino:2226
    if (t == EpochLastSent)
    a5c8:	c0 90 26 07 	lds	r12, 0x0726	; 0x800726 <EpochLastSent>
    a5cc:	d0 90 27 07 	lds	r13, 0x0727	; 0x800727 <EpochLastSent+0x1>
    a5d0:	e0 90 28 07 	lds	r14, 0x0728	; 0x800728 <EpochLastSent+0x2>
    a5d4:	f0 90 29 07 	lds	r15, 0x0729	; 0x800729 <EpochLastSent+0x3>
    a5d8:	6c 15       	cp	r22, r12
    a5da:	7d 05       	cpc	r23, r13
    a5dc:	8e 05       	cpc	r24, r14
    a5de:	9f 05       	cpc	r25, r15
    a5e0:	79 f1       	breq	.+94     	; 0xa640 <main+0x10b0>
/home/ngranado/code/AlphaClock/alphafive/examples/AlphaClock/AlphaClock.ino:2228
      return;
    EpochLastSent = t;
    a5e2:	60 93 26 07 	sts	0x0726, r22	; 0x800726 <EpochLastSent>
    a5e6:	70 93 27 07 	sts	0x0727, r23	; 0x800727 <EpochLastSent+0x1>
    a5ea:	80 93 28 07 	sts	0x0728, r24	; 0x800728 <EpochLastSent+0x2>
    a5ee:	90 93 29 07 	sts	0x0729, r25	; 0x800729 <EpochLastSent+0x3>
/home/ngranado/code/AlphaClock/alphafive/examples/AlphaClock/AlphaClock.ino:2231

    char digits[10];
    EpochDigits(digits);
    a5f2:	ce 01       	movw	r24, r28
    a5f4:	0e 96       	adiw	r24, 0x0e	; 14
    a5f6:	0e 94 c2 3b 	call	0x7784	; 0x7784 <EpochDigits(char*)>
/home/ngranado/code/AlphaClock/alphafive/examples/AlphaClock/AlphaClock.ino:2233

    byte offset = (DisplayMode & EpochRightBit) ? 0 : 5;
    a5fa:	80 91 2a 07 	lds	r24, 0x072A	; 0x80072a <DisplayMode>
main():
    a5fe:	e0 e0       	ldi	r30, 0x00	; 0
UpdateEpochDaisyChain():
    a600:	86 ff       	sbrs	r24, 6
main():
    a602:	e5 e0       	ldi	r30, 0x05	; 5
UpdateEpochDaisyChain():
/home/ngranado/code/AlphaClock/alphafive/examples/AlphaClock/AlphaClock.ino:2235

    message[0] = 'A';  // A0: display five ASCII characters, then five DP characters
    a604:	81 e4       	ldi	r24, 0x41	; 65
    a606:	89 83       	std	Y+1, r24	; 0x01
/home/ngranado/code/AlphaClock/alphafive/examples/AlphaClock/AlphaClock.ino:2236
    message[1] = '0';
    a608:	80 e3       	ldi	r24, 0x30	; 48
    a60a:	8a 83       	std	Y+2, r24	; 0x02
    a60c:	2e e0       	ldi	r18, 0x0E	; 14
    a60e:	30 e0       	ldi	r19, 0x00	; 0
    a610:	2c 0f       	add	r18, r28
    a612:	3d 1f       	adc	r19, r29
    a614:	2e 0f       	add	r18, r30
    a616:	31 1d       	adc	r19, r1
    a618:	f9 01       	movw	r30, r18
    a61a:	de 01       	movw	r26, r28
    a61c:	13 96       	adiw	r26, 0x03	; 3
/home/ngranado/code/AlphaClock/alphafive/examples/AlphaClock/AlphaClock.ino:2239
    for (i = 0; i < 5; i++){
      message[2 + i] = digits[offset + i];
      message[7 + i] = ' ';
    a61e:	80 e2       	ldi	r24, 0x20	; 32
/home/ngranado/code/AlphaClock/alphafive/examples/AlphaClock/AlphaClock.ino:2238
    byte offset = (DisplayMode & EpochRightBit) ? 0 : 5;

    message[0] = 'A';  // A0: display five ASCII characters, then five DP characters
    message[1] = '0';
    for (i = 0; i < 5; i++){
      message[2 + i] = digits[offset + i];
    a620:	91 91       	ld	r25, Z+
    a622:	9d 93       	st	X+, r25
/home/ngranado/code/AlphaClock/alphafive/examples/AlphaClock/AlphaClock.ino:2239
      message[7 + i] = ' ';
    a624:	14 96       	adiw	r26, 0x04	; 4
    a626:	8c 93       	st	X, r24
    a628:	14 97       	sbiw	r26, 0x04	; 4
/home/ngranado/code/AlphaClock/alphafive/examples/AlphaClock/AlphaClock.ino:2237

    byte offset = (DisplayMode & EpochRightBit) ? 0 : 5;

    message[0] = 'A';  // A0: display five ASCII characters, then five DP characters
    message[1] = '0';
    for (i = 0; i < 5; i++){
    a62a:	28 8d       	ldd	r18, Y+24	; 0x18
    a62c:	39 8d       	ldd	r19, Y+25	; 0x19
    a62e:	2a 17       	cp	r18, r26
    a630:	3b 07       	cpc	r19, r27
    a632:	b1 f7       	brne	.-20     	; 0xa620 <main+0x1090>
/home/ngranado/code/AlphaClock/alphafive/examples/AlphaClock/AlphaClock.ino:2241
      message[2 + i] = digits[offset + i];
      message[7 + i] = ' ';
    }
    SerialSendDataDaisyChain(message);
    a634:	ce 01       	movw	r24, r28
    a636:	01 96       	adiw	r24, 0x01	; 1
    a638:	0e 94 19 3d 	call	0x7a32	; 0x7a32 <SerialSendDataDaisyChain(char*)>
/home/ngranado/code/AlphaClock/alphafive/examples/AlphaClock/AlphaClock.ino:2242
    EpochDaisyActive = 1;
    a63c:	50 92 25 07 	sts	0x0725, r5	; 0x800725 <EpochDaisyActive>
loop():
/home/ngranado/code/AlphaClock/alphafive/examples/AlphaClock/AlphaClock.ino:1181

  UpdateEpochDaisyChain();



  if(Serial.available() ) 
    a640:	87 e4       	ldi	r24, 0x47	; 71
    a642:	98 e0       	ldi	r25, 0x08	; 8
    a644:	0e 94 cc 34 	call	0x6998	; 0x6998 <HardwareSerial::available()>
    a648:	89 2b       	or	r24, r25
    a64a:	09 f4       	brne	.+2      	; 0xa64e <main+0x10be>
    a64c:	e7 c1       	rjmp	.+974    	; 0xaa1c <main+0x148c>
processSerialMessage():
/home/ngranado/code/AlphaClock/alphafive/examples/AlphaClock/AlphaClock.ino:1233
  char OutputCache[13]; 



  // if time sync available from serial port, update time and return true
  while(Serial.available() >=  a5_COMM_MSG_LEN ){  // time message consists of a header and ten ascii digits
    a64e:	87 e4       	ldi	r24, 0x47	; 71
    a650:	98 e0       	ldi	r25, 0x08	; 8
    a652:	0e 94 cc 34 	call	0x6998	; 0x6998 <HardwareSerial::available()>
    a656:	0d 97       	sbiw	r24, 0x0d	; 13
    a658:	0c f4       	brge	.+2      	; 0xa65c <main+0x10cc>
    a65a:	e0 c1       	rjmp	.+960    	; 0xaa1c <main+0x148c>
/home/ngranado/code/AlphaClock/alphafive/examples/AlphaClock/AlphaClock.ino:1235

    if( Serial.read() == a5_COMM_HEADER) { 
    a65c:	87 e4       	ldi	r24, 0x47	; 71
    a65e:	98 e0       	ldi	r25, 0x08	; 8
    a660:	0e 94 aa 34 	call	0x6954	; 0x6954 <HardwareSerial::read()>
    a664:	8f 3f       	cpi	r24, 0xFF	; 255
    a666:	91 05       	cpc	r25, r1
    a668:	91 f7       	brne	.-28     	; 0xa64e <main+0x10be>
/home/ngranado/code/AlphaClock/alphafive/examples/AlphaClock/AlphaClock.ino:1237

      c = Serial.read() ; 
    a66a:	87 e4       	ldi	r24, 0x47	; 71
    a66c:	98 e0       	ldi	r25, 0x08	; 8
    a66e:	0e 94 aa 34 	call	0x6954	; 0x6954 <HardwareSerial::read()>
    a672:	f8 2e       	mov	r15, r24
/home/ngranado/code/AlphaClock/alphafive/examples/AlphaClock/AlphaClock.ino:1238
      c2 = Serial.read();
    a674:	87 e4       	ldi	r24, 0x47	; 71
    a676:	98 e0       	ldi	r25, 0x08	; 8
    a678:	0e 94 aa 34 	call	0x6954	; 0x6954 <HardwareSerial::read()>
/home/ngranado/code/AlphaClock/alphafive/examples/AlphaClock/AlphaClock.ino:1240

      if( c == 'S' )
    a67c:	33 e5       	ldi	r19, 0x53	; 83
    a67e:	f3 12       	cpse	r15, r19
    a680:	c8 c0       	rjmp	.+400    	; 0xa812 <main+0x1282>
/home/ngranado/code/AlphaClock/alphafive/examples/AlphaClock/AlphaClock.ino:1242
      {
        if (c2 == 'T')
    a682:	84 35       	cpi	r24, 0x54	; 84
    a684:	21 f7       	brne	.-56     	; 0xa64e <main+0x10be>
    a686:	9a e0       	ldi	r25, 0x0A	; 10
    a688:	f9 2e       	mov	r15, r25
main():
/home/ngranado/code/AlphaClock/alphafive/examples/AlphaClock/AlphaClock.ino:1244
        {  // COMMAND: ST, SET TIME     
          time_t pctime = 0;
    a68a:	81 2c       	mov	r8, r1
    a68c:	91 2c       	mov	r9, r1
    a68e:	54 01       	movw	r10, r8
processSerialMessage():
/home/ngranado/code/AlphaClock/alphafive/examples/AlphaClock/AlphaClock.ino:1246
          for( i=0; i < 10; i++){   
            c = Serial.read();          
    a690:	87 e4       	ldi	r24, 0x47	; 71
    a692:	98 e0       	ldi	r25, 0x08	; 8
    a694:	0e 94 aa 34 	call	0x6954	; 0x6954 <HardwareSerial::read()>
    a698:	e8 2f       	mov	r30, r24
/home/ngranado/code/AlphaClock/alphafive/examples/AlphaClock/AlphaClock.ino:1247
            if( c >= '0' && c <= '9'){   
    a69a:	80 ed       	ldi	r24, 0xD0	; 208
    a69c:	8e 0f       	add	r24, r30
    a69e:	8a 30       	cpi	r24, 0x0A	; 10
    a6a0:	98 f4       	brcc	.+38     	; 0xa6c8 <main+0x1138>
/home/ngranado/code/AlphaClock/alphafive/examples/AlphaClock/AlphaClock.ino:1248
              pctime = (10 * pctime) + (c - '0') ; // convert digits to a number    
    a6a2:	aa e0       	ldi	r26, 0x0A	; 10
    a6a4:	b0 e0       	ldi	r27, 0x00	; 0
    a6a6:	a5 01       	movw	r20, r10
    a6a8:	94 01       	movw	r18, r8
    a6aa:	0e 94 30 56 	call	0xac60	; 0xac60 <__muluhisi3>
    a6ae:	4e 2f       	mov	r20, r30
    a6b0:	ee 0f       	add	r30, r30
    a6b2:	55 0b       	sbc	r21, r21
    a6b4:	40 53       	subi	r20, 0x30	; 48
    a6b6:	51 09       	sbc	r21, r1
    a6b8:	4a 01       	movw	r8, r20
    a6ba:	55 0f       	add	r21, r21
    a6bc:	aa 08       	sbc	r10, r10
    a6be:	bb 08       	sbc	r11, r11
    a6c0:	86 0e       	add	r8, r22
    a6c2:	97 1e       	adc	r9, r23
    a6c4:	a8 1e       	adc	r10, r24
    a6c6:	b9 1e       	adc	r11, r25
    a6c8:	fa 94       	dec	r15
/home/ngranado/code/AlphaClock/alphafive/examples/AlphaClock/AlphaClock.ino:1245
      if( c == 'S' )
      {
        if (c2 == 'T')
        {  // COMMAND: ST, SET TIME     
          time_t pctime = 0;
          for( i=0; i < 10; i++){   
    a6ca:	f1 10       	cpse	r15, r1
    a6cc:	e1 cf       	rjmp	.-62     	; 0xa690 <main+0x1100>
/home/ngranado/code/AlphaClock/alphafive/examples/AlphaClock/AlphaClock.ino:1251
            c = Serial.read();          
            if( c >= '0' && c <= '9'){   
              pctime = (10 * pctime) + (c - '0') ; // convert digits to a number    
            }
          }   
          setTime(pctime);   // Sync Arduino clock to the time received on the serial port
    a6ce:	c5 01       	movw	r24, r10
    a6d0:	b4 01       	movw	r22, r8
    a6d2:	0e 94 a9 35 	call	0x6b52	; 0x6b52 <setTime(unsigned long)>
/home/ngranado/code/AlphaClock/alphafive/examples/AlphaClock/AlphaClock.ino:1252
          DisplayWord ("SYNCD", 900);
    a6d6:	64 e8       	ldi	r22, 0x84	; 132
    a6d8:	73 e0       	ldi	r23, 0x03	; 3
    a6da:	8f e8       	ldi	r24, 0x8F	; 143
    a6dc:	94 e0       	ldi	r25, 0x04	; 4
    a6de:	0e 94 65 3d 	call	0x7aca	; 0x7aca <DisplayWord(char*, unsigned int)>
/home/ngranado/code/AlphaClock/alphafive/examples/AlphaClock/AlphaClock.ino:1253
          DisplayWordDP("____2"); 
    a6e2:	85 e9       	ldi	r24, 0x95	; 149
    a6e4:	94 e0       	ldi	r25, 0x04	; 4
    a6e6:	0e 94 50 3d 	call	0x7aa0	; 0x7aa0 <DisplayWordDP(char*)>
/home/ngranado/code/AlphaClock/alphafive/examples/AlphaClock/AlphaClock.ino:1254
          Serial.println("PC Time Sync Signal Received.");
    a6ea:	8b e9       	ldi	r24, 0x9B	; 155
    a6ec:	94 e0       	ldi	r25, 0x04	; 4
    a6ee:	0e 94 67 3f 	call	0x7ece	; 0x7ece <Print::println(char const*) [clone .constprop.17]>
/home/ngranado/code/AlphaClock/alphafive/examples/AlphaClock/AlphaClock.ino:1255
          SerialPrintTime(); 
    a6f2:	0e 94 9c 40 	call	0x8138	; 0x8138 <SerialPrintTime()>
/home/ngranado/code/AlphaClock/alphafive/examples/AlphaClock/AlphaClock.ino:1256
          if (UseRTC)  
    a6f6:	80 91 38 07 	lds	r24, 0x0738	; 0x800738 <UseRTC>
    a6fa:	88 23       	and	r24, r24
    a6fc:	21 f0       	breq	.+8      	; 0xa706 <main+0x1176>
/home/ngranado/code/AlphaClock/alphafive/examples/AlphaClock/AlphaClock.ino:1257
            RTC.set(now());
    a6fe:	0e 94 d7 35 	call	0x6bae	; 0x6bae <now()>
    a702:	0e 94 e6 38 	call	0x71cc	; 0x71cc <DS1307RTC::set(unsigned long)>
/home/ngranado/code/AlphaClock/alphafive/examples/AlphaClock/AlphaClock.ino:1370
          modeShowAlarmTime = 0;
          modeShowMenu = 0;
          modeShowText = 0;
          modeLEDTest = 0;

          EndVCRmode();
    a706:	0e 94 76 40 	call	0x80ec	; 0x80ec <EndVCRmode()>
    a70a:	a1 cf       	rjmp	.-190    	; 0xa64e <main+0x10be>
ManageAlarm():
/home/ngranado/code/AlphaClock/alphafive/examples/AlphaClock/AlphaClock.ino:710
      { 
        a5tone(0, 1200);
        SoundSequence = 0;
      }
    }
    else  if (AlarmTone == 2) // Med Tone
    a70c:	82 30       	cpi	r24, 0x02	; 2
    a70e:	89 f4       	brne	.+34     	; 0xa732 <main+0x11a2>
/home/ngranado/code/AlphaClock/alphafive/examples/AlphaClock/AlphaClock.ino:712
    {
      if (SoundSequence < 6)
    a710:	35 e0       	ldi	r19, 0x05	; 5
    a712:	3f 15       	cp	r19, r15
    a714:	48 f0       	brcs	.+18     	; 0xa728 <main+0x1198>
/home/ngranado/code/AlphaClock/alphafive/examples/AlphaClock/AlphaClock.ino:715
      {
        if (SoundSequence & 1) 
          a5tone( 1000, 200); 
    a716:	48 ec       	ldi	r20, 0xC8	; 200
    a718:	50 e0       	ldi	r21, 0x00	; 0
    a71a:	60 e0       	ldi	r22, 0x00	; 0
    a71c:	70 e0       	ldi	r23, 0x00	; 0
    a71e:	88 ee       	ldi	r24, 0xE8	; 232
    a720:	93 e0       	ldi	r25, 0x03	; 3
/home/ngranado/code/AlphaClock/alphafive/examples/AlphaClock/AlphaClock.ino:714
    }
    else  if (AlarmTone == 2) // Med Tone
    {
      if (SoundSequence < 6)
      {
        if (SoundSequence & 1) 
    a722:	f0 fc       	sbrc	r15, 0
    a724:	45 cf       	rjmp	.-374    	; 0xa5b0 <main+0x1020>
    a726:	c7 cb       	rjmp	.-2162   	; 0x9eb6 <main+0x926>
/home/ngranado/code/AlphaClock/alphafive/examples/AlphaClock/AlphaClock.ino:722
          a5tone( 0, 200); 
        SoundSequence++;   
      }
      else
      { 
        a5tone( 0, 1400);
    a728:	48 e7       	ldi	r20, 0x78	; 120
    a72a:	55 e0       	ldi	r21, 0x05	; 5
    a72c:	60 e0       	ldi	r22, 0x00	; 0
    a72e:	70 e0       	ldi	r23, 0x00	; 0
    a730:	2a cf       	rjmp	.-428    	; 0xa586 <main+0xff6>
/home/ngranado/code/AlphaClock/alphafive/examples/AlphaClock/AlphaClock.ino:726
        SoundSequence = 0; 
      }
    }
    else  if (AlarmTone == 3) // High Tone
    a732:	83 30       	cpi	r24, 0x03	; 3
    a734:	a9 f4       	brne	.+42     	; 0xa760 <main+0x11d0>
/home/ngranado/code/AlphaClock/alphafive/examples/AlphaClock/AlphaClock.ino:728
    {
      if (SoundSequence < 6) 
    a736:	45 e0       	ldi	r20, 0x05	; 5
    a738:	4f 15       	cp	r20, r15
    a73a:	68 f0       	brcs	.+26     	; 0xa756 <main+0x11c6>
/home/ngranado/code/AlphaClock/alphafive/examples/AlphaClock/AlphaClock.ino:731
      {
        if (SoundSequence & 1) 
          a5tone( 2050, 300); 
    a73c:	4c e2       	ldi	r20, 0x2C	; 44
    a73e:	51 e0       	ldi	r21, 0x01	; 1
    a740:	60 e0       	ldi	r22, 0x00	; 0
    a742:	70 e0       	ldi	r23, 0x00	; 0
    a744:	82 e0       	ldi	r24, 0x02	; 2
    a746:	98 e0       	ldi	r25, 0x08	; 8
/home/ngranado/code/AlphaClock/alphafive/examples/AlphaClock/AlphaClock.ino:730
    }
    else  if (AlarmTone == 3) // High Tone
    {
      if (SoundSequence < 6) 
      {
        if (SoundSequence & 1) 
    a748:	f0 fc       	sbrc	r15, 0
    a74a:	32 cf       	rjmp	.-412    	; 0xa5b0 <main+0x1020>
/home/ngranado/code/AlphaClock/alphafive/examples/AlphaClock/AlphaClock.ino:733
          a5tone( 2050, 300); 
        else 
          a5tone( 0, 200); 
    a74c:	48 ec       	ldi	r20, 0xC8	; 200
    a74e:	50 e0       	ldi	r21, 0x00	; 0
    a750:	60 e0       	ldi	r22, 0x00	; 0
    a752:	70 e0       	ldi	r23, 0x00	; 0
    a754:	b0 cb       	rjmp	.-2208   	; 0x9eb6 <main+0x926>
/home/ngranado/code/AlphaClock/alphafive/examples/AlphaClock/AlphaClock.ino:738
        SoundSequence++;   
      }
      else
      { 
        a5tone(0, 1000);
    a756:	48 ee       	ldi	r20, 0xE8	; 232
    a758:	53 e0       	ldi	r21, 0x03	; 3
    a75a:	60 e0       	ldi	r22, 0x00	; 0
    a75c:	70 e0       	ldi	r23, 0x00	; 0
    a75e:	13 cf       	rjmp	.-474    	; 0xa586 <main+0xff6>
/home/ngranado/code/AlphaClock/alphafive/examples/AlphaClock/AlphaClock.ino:742
        SoundSequence = 0;  
      }
    }
    else if (AlarmTone == 4)   // Siren Tone
    a760:	84 30       	cpi	r24, 0x04	; 4
    a762:	f1 f4       	brne	.+60     	; 0xa7a0 <main+0x1210>
/home/ngranado/code/AlphaClock/alphafive/examples/AlphaClock/AlphaClock.ino:744
    { 
      if (SoundSequence < 254)
    a764:	8d ef       	ldi	r24, 0xFD	; 253
    a766:	8f 15       	cp	r24, r15
    a768:	60 f0       	brcs	.+24     	; 0xa782 <main+0x11f2>
/home/ngranado/code/AlphaClock/alphafive/examples/AlphaClock/AlphaClock.ino:746
      { 
        a5tone(20 + 4 * SoundSequence, 2); 
    a76a:	8f 2d       	mov	r24, r15
    a76c:	90 e0       	ldi	r25, 0x00	; 0
    a76e:	05 96       	adiw	r24, 0x05	; 5
    a770:	42 e0       	ldi	r20, 0x02	; 2
    a772:	50 e0       	ldi	r21, 0x00	; 0
    a774:	60 e0       	ldi	r22, 0x00	; 0
    a776:	70 e0       	ldi	r23, 0x00	; 0
    a778:	88 0f       	add	r24, r24
    a77a:	99 1f       	adc	r25, r25
    a77c:	88 0f       	add	r24, r24
    a77e:	99 1f       	adc	r25, r25
    a780:	17 cf       	rjmp	.-466    	; 0xa5b0 <main+0x1020>
/home/ngranado/code/AlphaClock/alphafive/examples/AlphaClock/AlphaClock.ino:749
        SoundSequence++; 
      }
      else if (SoundSequence == 254)
    a782:	9e ef       	ldi	r25, 0xFE	; 254
    a784:	f9 12       	cpse	r15, r25
    a786:	e7 cf       	rjmp	.-50     	; 0xa756 <main+0x11c6>
/home/ngranado/code/AlphaClock/alphafive/examples/AlphaClock/AlphaClock.ino:751
      { 
        a5tone(20 + 4 * SoundSequence, 1500); 
    a788:	4c ed       	ldi	r20, 0xDC	; 220
    a78a:	55 e0       	ldi	r21, 0x05	; 5
    a78c:	60 e0       	ldi	r22, 0x00	; 0
    a78e:	70 e0       	ldi	r23, 0x00	; 0
    a790:	8c e0       	ldi	r24, 0x0C	; 12
    a792:	94 e0       	ldi	r25, 0x04	; 4
    a794:	0e 94 8d 39 	call	0x731a	; 0x731a <a5tone(unsigned int, unsigned long)>
/home/ngranado/code/AlphaClock/alphafive/examples/AlphaClock/AlphaClock.ino:752
        SoundSequence++;
    a798:	8f ef       	ldi	r24, 0xFF	; 255
    a79a:	80 93 3b 07 	sts	0x073B, r24	; 0x80073b <SoundSequence>
    a79e:	0d cf       	rjmp	.-486    	; 0xa5ba <main+0x102a>
/home/ngranado/code/AlphaClock/alphafive/examples/AlphaClock/AlphaClock.ino:759
      else {
        a5tone(0, 1000);
        SoundSequence = 0; 
      } 
    }
    else if (AlarmTone == 5)   // "Tink" Tone
    a7a0:	85 30       	cpi	r24, 0x05	; 5
    a7a2:	09 f0       	breq	.+2      	; 0xa7a6 <main+0x1216>
    a7a4:	0a cf       	rjmp	.-492    	; 0xa5ba <main+0x102a>
/home/ngranado/code/AlphaClock/alphafive/examples/AlphaClock/AlphaClock.ino:761
    {
      if (SoundSequence == 0)
    a7a6:	f1 10       	cpse	r15, r1
    a7a8:	0b c0       	rjmp	.+22     	; 0xa7c0 <main+0x1230>
/home/ngranado/code/AlphaClock/alphafive/examples/AlphaClock/AlphaClock.ino:763
      {
        a5tone( 1000, 50);  // was 50 
    a7aa:	42 e3       	ldi	r20, 0x32	; 50
    a7ac:	50 e0       	ldi	r21, 0x00	; 0
    a7ae:	60 e0       	ldi	r22, 0x00	; 0
    a7b0:	70 e0       	ldi	r23, 0x00	; 0
    a7b2:	88 ee       	ldi	r24, 0xE8	; 232
    a7b4:	93 e0       	ldi	r25, 0x03	; 3
    a7b6:	0e 94 8d 39 	call	0x731a	; 0x731a <a5tone(unsigned int, unsigned long)>
/home/ngranado/code/AlphaClock/alphafive/examples/AlphaClock/AlphaClock.ino:764
        SoundSequence++;
    a7ba:	50 92 3b 07 	sts	0x073B, r5	; 0x80073b <SoundSequence>
    a7be:	fd ce       	rjmp	.-518    	; 0xa5ba <main+0x102a>
/home/ngranado/code/AlphaClock/alphafive/examples/AlphaClock/AlphaClock.ino:766
      } 
      else  if (SoundSequence == 1)
    a7c0:	e1 e0       	ldi	r30, 0x01	; 1
/home/ngranado/code/AlphaClock/alphafive/examples/AlphaClock/AlphaClock.ino:773
        a5tone(0, 1900);
        SoundSequence++;
      }
      else
      { 
        a5tone(0, 50);
    a7c2:	42 e3       	ldi	r20, 0x32	; 50
    a7c4:	50 e0       	ldi	r21, 0x00	; 0
    a7c6:	60 e0       	ldi	r22, 0x00	; 0
    a7c8:	70 e0       	ldi	r23, 0x00	; 0
/home/ngranado/code/AlphaClock/alphafive/examples/AlphaClock/AlphaClock.ino:766
      if (SoundSequence == 0)
      {
        a5tone( 1000, 50);  // was 50 
        SoundSequence++;
      } 
      else  if (SoundSequence == 1)
    a7ca:	fe 12       	cpse	r15, r30
    a7cc:	dc ce       	rjmp	.-584    	; 0xa586 <main+0xff6>
/home/ngranado/code/AlphaClock/alphafive/examples/AlphaClock/AlphaClock.ino:768
      { 
        a5tone(0, 1900);
    a7ce:	4c e6       	ldi	r20, 0x6C	; 108
    a7d0:	57 e0       	ldi	r21, 0x07	; 7
    a7d2:	60 e0       	ldi	r22, 0x00	; 0
    a7d4:	70 e0       	ldi	r23, 0x00	; 0
    a7d6:	90 e0       	ldi	r25, 0x00	; 0
    a7d8:	80 e0       	ldi	r24, 0x00	; 0
    a7da:	0e 94 8d 39 	call	0x731a	; 0x731a <a5tone(unsigned int, unsigned long)>
/home/ngranado/code/AlphaClock/alphafive/examples/AlphaClock/AlphaClock.ino:769
        SoundSequence++;
    a7de:	30 92 3b 07 	sts	0x073B, r3	; 0x80073b <SoundSequence>
    a7e2:	eb ce       	rjmp	.-554    	; 0xa5ba <main+0x102a>
UpdateEpochDaisyChain():
/home/ngranado/code/AlphaClock/alphafive/examples/AlphaClock/AlphaClock.ino:2244
      message[7 + i] = ' ';
    }
    SerialSendDataDaisyChain(message);
    EpochDaisyActive = 1;
  }
  else if (EpochDaisyActive)
    a7e4:	80 91 25 07 	lds	r24, 0x0725	; 0x800725 <EpochDaisyActive>
    a7e8:	88 23       	and	r24, r24
    a7ea:	09 f4       	brne	.+2      	; 0xa7ee <main+0x125e>
    a7ec:	29 cf       	rjmp	.-430    	; 0xa640 <main+0x10b0>
/home/ngranado/code/AlphaClock/alphafive/examples/AlphaClock/AlphaClock.ino:2246
  {
    message[0] = 'M';  // MT: resume time display
    a7ee:	8d e4       	ldi	r24, 0x4D	; 77
    a7f0:	89 83       	std	Y+1, r24	; 0x01
/home/ngranado/code/AlphaClock/alphafive/examples/AlphaClock/AlphaClock.ino:2247
    message[1] = 'T';
    a7f2:	84 e5       	ldi	r24, 0x54	; 84
    a7f4:	8a 83       	std	Y+2, r24	; 0x02
    a7f6:	fe 01       	movw	r30, r28
    a7f8:	33 96       	adiw	r30, 0x03	; 3
/home/ngranado/code/AlphaClock/alphafive/examples/AlphaClock/AlphaClock.ino:2249
    for (i = 2; i < 12; i++)
      message[i] = ' ';
    a7fa:	80 e2       	ldi	r24, 0x20	; 32
    a7fc:	81 93       	st	Z+, r24
/home/ngranado/code/AlphaClock/alphafive/examples/AlphaClock/AlphaClock.ino:2248
  }
  else if (EpochDaisyActive)
  {
    message[0] = 'M';  // MT: resume time display
    message[1] = 'T';
    for (i = 2; i < 12; i++)
    a7fe:	0e 17       	cp	r16, r30
    a800:	1f 07       	cpc	r17, r31
    a802:	e1 f7       	brne	.-8      	; 0xa7fc <main+0x126c>
/home/ngranado/code/AlphaClock/alphafive/examples/AlphaClock/AlphaClock.ino:2250
      message[i] = ' ';
    SerialSendDataDaisyChain(message);
    a804:	ce 01       	movw	r24, r28
    a806:	01 96       	adiw	r24, 0x01	; 1
    a808:	0e 94 19 3d 	call	0x7a32	; 0x7a32 <SerialSendDataDaisyChain(char*)>
/home/ngranado/code/AlphaClock/alphafive/examples/AlphaClock/AlphaClock.ino:2251
    EpochDaisyActive = 0;
    a80c:	10 92 25 07 	sts	0x0725, r1	; 0x800725 <EpochDaisyActive>
    a810:	17 cf       	rjmp	.-466    	; 0xa640 <main+0x10b0>
processSerialMessage():
/home/ngranado/code/AlphaClock/alphafive/examples/AlphaClock/AlphaClock.ino:1261
          if (UseRTC)  
            RTC.set(now());
          EndVCRmode(); 
        } 
      }
      else if( c == 'B' )
    a812:	42 e4       	ldi	r20, 0x42	; 66
    a814:	f4 12       	cpse	r15, r20
    a816:	bc c0       	rjmp	.+376    	; 0xa990 <main+0x1400>
/home/ngranado/code/AlphaClock/alphafive/examples/AlphaClock/AlphaClock.ino:1263
      {
        if ((c2 == '0') || (c2 == 0)) // B0, with either ASCII or Binary 0.
    a818:	80 33       	cpi	r24, 0x30	; 48
    a81a:	11 f0       	breq	.+4      	; 0xa820 <main+0x1290>
    a81c:	81 11       	cpse	r24, r1
    a81e:	9f c0       	rjmp	.+318    	; 0xa95e <main+0x13ce>
/home/ngranado/code/AlphaClock/alphafive/examples/AlphaClock/AlphaClock.ino:1266
        { // COMMAND: B0, Set Parameters 

          c = Serial.read();   // B0 command: Which setting to adjust
    a820:	87 e4       	ldi	r24, 0x47	; 71
    a822:	98 e0       	ldi	r25, 0x08	; 8
    a824:	0e 94 aa 34 	call	0x6954	; 0x6954 <HardwareSerial::read()>
    a828:	f8 2e       	mov	r15, r24
/home/ngranado/code/AlphaClock/alphafive/examples/AlphaClock/AlphaClock.ino:1267
          c2 = Serial.read();  // Read first char of additional data
    a82a:	87 e4       	ldi	r24, 0x47	; 71
    a82c:	98 e0       	ldi	r25, 0x08	; 8
    a82e:	0e 94 aa 34 	call	0x6954	; 0x6954 <HardwareSerial::read()>
    a832:	48 2e       	mov	r4, r24
/home/ngranado/code/AlphaClock/alphafive/examples/AlphaClock/AlphaClock.ino:1269

          if (c == '2')
    a834:	82 e3       	ldi	r24, 0x32	; 50
    a836:	f8 12       	cpse	r15, r24
    a838:	69 c0       	rjmp	.+210    	; 0xa90c <main+0x137c>
/home/ngranado/code/AlphaClock/alphafive/examples/AlphaClock/AlphaClock.ino:1276
            // edit font character  
            // c2 : Idicates which ASCII character location to edit 
            // Read in 8 more ASCII chars:
            // [___][_][___] <- "A", "B", "C" values, ASCII text

            i = 100 * (Serial.read() - '0');
    a83a:	87 e4       	ldi	r24, 0x47	; 71
    a83c:	98 e0       	ldi	r25, 0x08	; 8
    a83e:	0e 94 aa 34 	call	0x6954	; 0x6954 <HardwareSerial::read()>
    a842:	5c 01       	movw	r10, r24
/home/ngranado/code/AlphaClock/alphafive/examples/AlphaClock/AlphaClock.ino:1277
            i += 10 * (Serial.read() - '0');
    a844:	87 e4       	ldi	r24, 0x47	; 71
    a846:	98 e0       	ldi	r25, 0x08	; 8
    a848:	0e 94 aa 34 	call	0x6954	; 0x6954 <HardwareSerial::read()>
    a84c:	4c 01       	movw	r8, r24
/home/ngranado/code/AlphaClock/alphafive/examples/AlphaClock/AlphaClock.ino:1278
            i += (Serial.read() - '0');
    a84e:	87 e4       	ldi	r24, 0x47	; 71
    a850:	98 e0       	ldi	r25, 0x08	; 8
    a852:	0e 94 aa 34 	call	0x6954	; 0x6954 <HardwareSerial::read()>
    a856:	6c 01       	movw	r12, r24
/home/ngranado/code/AlphaClock/alphafive/examples/AlphaClock/AlphaClock.ino:1280

            temp = (Serial.read() - '0');          
    a858:	87 e4       	ldi	r24, 0x47	; 71
    a85a:	98 e0       	ldi	r25, 0x08	; 8
    a85c:	0e 94 aa 34 	call	0x6954	; 0x6954 <HardwareSerial::read()>
    a860:	8a 8f       	std	Y+26, r24	; 0x1a
/home/ngranado/code/AlphaClock/alphafive/examples/AlphaClock/AlphaClock.ino:1282

            temp2 = 100 * (Serial.read() - '0');
    a862:	87 e4       	ldi	r24, 0x47	; 71
    a864:	98 e0       	ldi	r25, 0x08	; 8
    a866:	0e 94 aa 34 	call	0x6954	; 0x6954 <HardwareSerial::read()>
    a86a:	7c 01       	movw	r14, r24
/home/ngranado/code/AlphaClock/alphafive/examples/AlphaClock/AlphaClock.ino:1283
            temp2 += 10 * (Serial.read() - '0');
    a86c:	87 e4       	ldi	r24, 0x47	; 71
    a86e:	98 e0       	ldi	r25, 0x08	; 8
    a870:	0e 94 aa 34 	call	0x6954	; 0x6954 <HardwareSerial::read()>
    a874:	3c 01       	movw	r6, r24
/home/ngranado/code/AlphaClock/alphafive/examples/AlphaClock/AlphaClock.ino:1284
            temp2 += (Serial.read() - '0');
    a876:	87 e4       	ldi	r24, 0x47	; 71
    a878:	98 e0       	ldi	r25, 0x08	; 8
    a87a:	0e 94 aa 34 	call	0x6954	; 0x6954 <HardwareSerial::read()>
a5editFontChar():
/home/ngranado/code/AlphaClock/alphafive/alphafive.cpp:232
    return a5_FontTable[(3 * (asciiChar - a5_asciiOffset)) + offset];
}

void a5editFontChar(char asciiChar, byte A, byte B, byte C)
{// Usage:  a5editFontChar ('%', 57, 3, 106);
    if ((asciiChar >= ' ') && (asciiChar < 'f') )
    a87e:	20 ee       	ldi	r18, 0xE0	; 224
    a880:	24 0d       	add	r18, r4
    a882:	26 34       	cpi	r18, 0x46	; 70
    a884:	e0 f5       	brcc	.+120    	; 0xa8fe <main+0x136e>
/home/ngranado/code/AlphaClock/alphafive/alphafive.cpp:234
    {  
        byte offset = (3 * (asciiChar - a5_asciiOffset));
    a886:	e4 2d       	mov	r30, r4
    a888:	44 0c       	add	r4, r4
    a88a:	ff 0b       	sbc	r31, r31
    a88c:	b0 97       	sbiw	r30, 0x20	; 32
    a88e:	4e 2e       	mov	r4, r30
    a890:	44 0c       	add	r4, r4
    a892:	e4 0d       	add	r30, r4
processSerialMessage():
/home/ngranado/code/AlphaClock/alphafive/examples/AlphaClock/AlphaClock.ino:1276
            // edit font character  
            // c2 : Idicates which ASCII character location to edit 
            // Read in 8 more ASCII chars:
            // [___][_][___] <- "A", "B", "C" values, ASCII text

            i = 100 * (Serial.read() - '0');
    a894:	f0 e3       	ldi	r31, 0x30	; 48
    a896:	af 1a       	sub	r10, r31
    a898:	b1 08       	sbc	r11, r1
/home/ngranado/code/AlphaClock/alphafive/examples/AlphaClock/AlphaClock.ino:1277
            i += 10 * (Serial.read() - '0');
    a89a:	20 e3       	ldi	r18, 0x30	; 48
    a89c:	82 1a       	sub	r8, r18
    a89e:	91 08       	sbc	r9, r1
    a8a0:	28 9c       	mul	r2, r8
    a8a2:	90 01       	movw	r18, r0
    a8a4:	29 9c       	mul	r2, r9
    a8a6:	30 0d       	add	r19, r0
    a8a8:	11 24       	eor	r1, r1
    a8aa:	44 e6       	ldi	r20, 0x64	; 100
    a8ac:	4a 9d       	mul	r20, r10
    a8ae:	20 0d       	add	r18, r0
    a8b0:	11 24       	eor	r1, r1
a5editFontChar():
/home/ngranado/code/AlphaClock/alphafive/alphafive.cpp:235
        a5_FontTable[offset++] = A;
    a8b2:	ae 2f       	mov	r26, r30
    a8b4:	b0 e0       	ldi	r27, 0x00	; 0
    a8b6:	a0 50       	subi	r26, 0x00	; 0
    a8b8:	bf 4f       	sbci	r27, 0xFF	; 255
processSerialMessage():
/home/ngranado/code/AlphaClock/alphafive/examples/AlphaClock/AlphaClock.ino:1278
            i += (Serial.read() - '0');
    a8ba:	f0 e3       	ldi	r31, 0x30	; 48
    a8bc:	cf 1a       	sub	r12, r31
    a8be:	d1 08       	sbc	r13, r1
    a8c0:	c2 0e       	add	r12, r18
a5editFontChar():
/home/ngranado/code/AlphaClock/alphafive/alphafive.cpp:235
    a8c2:	cc 92       	st	X, r12
    a8c4:	a1 e0       	ldi	r26, 0x01	; 1
    a8c6:	ae 0f       	add	r26, r30
/home/ngranado/code/AlphaClock/alphafive/alphafive.cpp:236
        a5_FontTable[offset++] = B;
    a8c8:	b0 e0       	ldi	r27, 0x00	; 0
    a8ca:	a0 50       	subi	r26, 0x00	; 0
    a8cc:	bf 4f       	sbci	r27, 0xFF	; 255
processSerialMessage():
/home/ngranado/code/AlphaClock/alphafive/examples/AlphaClock/AlphaClock.ino:1280

            temp = (Serial.read() - '0');          
    a8ce:	2a 8d       	ldd	r18, Y+26	; 0x1a
    a8d0:	20 53       	subi	r18, 0x30	; 48
a5editFontChar():
/home/ngranado/code/AlphaClock/alphafive/alphafive.cpp:236
    a8d2:	2c 93       	st	X, r18
processSerialMessage():
/home/ngranado/code/AlphaClock/alphafive/examples/AlphaClock/AlphaClock.ino:1282

            temp2 = 100 * (Serial.read() - '0');
    a8d4:	20 e3       	ldi	r18, 0x30	; 48
    a8d6:	e2 1a       	sub	r14, r18
    a8d8:	f1 08       	sbc	r15, r1
/home/ngranado/code/AlphaClock/alphafive/examples/AlphaClock/AlphaClock.ino:1283
            temp2 += 10 * (Serial.read() - '0');
    a8da:	30 e3       	ldi	r19, 0x30	; 48
    a8dc:	63 1a       	sub	r6, r19
    a8de:	71 08       	sbc	r7, r1
    a8e0:	26 9c       	mul	r2, r6
    a8e2:	90 01       	movw	r18, r0
    a8e4:	27 9c       	mul	r2, r7
    a8e6:	30 0d       	add	r19, r0
    a8e8:	11 24       	eor	r1, r1
    a8ea:	4e 9d       	mul	r20, r14
    a8ec:	20 0d       	add	r18, r0
    a8ee:	11 24       	eor	r1, r1
a5editFontChar():
/home/ngranado/code/AlphaClock/alphafive/alphafive.cpp:236
    a8f0:	ee 5f       	subi	r30, 0xFE	; 254
/home/ngranado/code/AlphaClock/alphafive/alphafive.cpp:237
        a5_FontTable[offset] = C;
    a8f2:	f0 e0       	ldi	r31, 0x00	; 0
    a8f4:	e0 50       	subi	r30, 0x00	; 0
    a8f6:	ff 4f       	sbci	r31, 0xFF	; 255
processSerialMessage():
/home/ngranado/code/AlphaClock/alphafive/examples/AlphaClock/AlphaClock.ino:1284
            temp2 += (Serial.read() - '0');
    a8f8:	c0 97       	sbiw	r24, 0x30	; 48
    a8fa:	82 0f       	add	r24, r18
a5editFontChar():
/home/ngranado/code/AlphaClock/alphafive/alphafive.cpp:237
    a8fc:	80 83       	st	Z, r24
processSerialMessage():
/home/ngranado/code/AlphaClock/alphafive/examples/AlphaClock/AlphaClock.ino:1288

            a5editFontChar(c2, i, temp, temp2); 

            Serial.read();  // Empty input buffer, char 10 of 10
    a8fe:	87 e4       	ldi	r24, 0x47	; 71
    a900:	98 e0       	ldi	r25, 0x08	; 8
    a902:	0e 94 aa 34 	call	0x6954	; 0x6954 <HardwareSerial::read()>
/home/ngranado/code/AlphaClock/alphafive/examples/AlphaClock/AlphaClock.ino:1342
              wordCache[i] = c; 
            else 
              dpCache[i - 5] = c;  
          }             
          modeShowText = 3;   
          RedrawNow = 1; 
    a906:	50 92 4d 07 	sts	0x074D, r5	; 0x80074d <RedrawNow>
    a90a:	fd ce       	rjmp	.-518    	; 0xa706 <main+0x1176>
/home/ngranado/code/AlphaClock/alphafive/examples/AlphaClock/AlphaClock.ino:1291
            a5editFontChar(c2, i, temp, temp2); 

            Serial.read();  // Empty input buffer, char 10 of 10
          }
          else{         
            if (c == '0')
    a90c:	40 e3       	ldi	r20, 0x30	; 48
    a90e:	f4 12       	cpse	r15, r20
    a910:	11 c0       	rjmp	.+34     	; 0xa934 <main+0x13a4>
/home/ngranado/code/AlphaClock/alphafive/examples/AlphaClock/AlphaClock.ino:1294
            {
              // Set brightness
              c = Serial.read();  // Read input buffer, char 3 of 10
    a912:	87 e4       	ldi	r24, 0x47	; 71
    a914:	98 e0       	ldi	r25, 0x08	; 8
    a916:	0e 94 aa 34 	call	0x6954	; 0x6954 <HardwareSerial::read()>
    a91a:	f8 2e       	mov	r15, r24
/home/ngranado/code/AlphaClock/alphafive/examples/AlphaClock/AlphaClock.ino:1296

              Brightness = (10 * (c2 - '0') + (c - '0'));
    a91c:	80 ed       	ldi	r24, 0xD0	; 208
    a91e:	84 0d       	add	r24, r4
    a920:	9f 2d       	mov	r25, r15
    a922:	82 9d       	mul	r24, r2
    a924:	90 0d       	add	r25, r0
    a926:	11 24       	eor	r1, r1
    a928:	89 2f       	mov	r24, r25
    a92a:	80 53       	subi	r24, 0x30	; 48
    a92c:	80 93 53 07 	sts	0x0753, r24	; 0x800753 <Brightness>
/home/ngranado/code/AlphaClock/alphafive/examples/AlphaClock/AlphaClock.ino:1297
              UpdateBrightness = 1; 
    a930:	50 92 54 07 	sts	0x0754, r5	; 0x800754 <UpdateBrightness>
/home/ngranado/code/AlphaClock/alphafive/examples/AlphaClock/AlphaClock.ino:1299
            }
            if (c == '1')
    a934:	e1 e3       	ldi	r30, 0x31	; 49
    a936:	fe 12       	cpse	r15, r30
    a938:	08 c0       	rjmp	.+16     	; 0xa94a <main+0x13ba>
/home/ngranado/code/AlphaClock/alphafive/examples/AlphaClock/AlphaClock.ino:1301
            {// Load altnernate number set
              a5loadAltNumbers(c2 - '0'); 
    a93a:	80 ed       	ldi	r24, 0xD0	; 208
    a93c:	84 0d       	add	r24, r4
    a93e:	0e 94 f5 3a 	call	0x75ea	; 0x75ea <a5loadAltNumbers(signed char)>
/home/ngranado/code/AlphaClock/alphafive/examples/AlphaClock/AlphaClock.ino:1302
              Serial.read();  // Empty input buffer, char 3 of 10
    a942:	87 e4       	ldi	r24, 0x47	; 71
    a944:	98 e0       	ldi	r25, 0x08	; 8
    a946:	0e 94 aa 34 	call	0x6954	; 0x6954 <HardwareSerial::read()>
main():
/home/ngranado/code/AlphaClock/alphafive/examples/AlphaClock/AlphaClock.ino:1244

      if( c == 'S' )
      {
        if (c2 == 'T')
        {  // COMMAND: ST, SET TIME     
          time_t pctime = 0;
    a94a:	87 e0       	ldi	r24, 0x07	; 7
    a94c:	f8 2e       	mov	r15, r24
processSerialMessage():
/home/ngranado/code/AlphaClock/alphafive/examples/AlphaClock/AlphaClock.ino:1306
              a5loadAltNumbers(c2 - '0'); 
              Serial.read();  // Empty input buffer, char 3 of 10
            }

            for( i=3; i < 10; i++){   
              Serial.read();  // Empty input buffer
    a94e:	87 e4       	ldi	r24, 0x47	; 71
    a950:	98 e0       	ldi	r25, 0x08	; 8
    a952:	0e 94 aa 34 	call	0x6954	; 0x6954 <HardwareSerial::read()>
    a956:	fa 94       	dec	r15
/home/ngranado/code/AlphaClock/alphafive/examples/AlphaClock/AlphaClock.ino:1305
            {// Load altnernate number set
              a5loadAltNumbers(c2 - '0'); 
              Serial.read();  // Empty input buffer, char 3 of 10
            }

            for( i=3; i < 10; i++){   
    a958:	f1 10       	cpse	r15, r1
    a95a:	f9 cf       	rjmp	.-14     	; 0xa94e <main+0x13be>
    a95c:	d4 cf       	rjmp	.-88     	; 0xa906 <main+0x1376>
/home/ngranado/code/AlphaClock/alphafive/examples/AlphaClock/AlphaClock.ino:1314

          RedrawNow = 1;  
          EndVCRmode();
        }
        else { // Daisy chaining: With Bx, where x is less than 48 or x is less than 10:
          if (c2 <= '9')  
    a95e:	8a 33       	cpi	r24, 0x3A	; 58
    a960:	0c f0       	brlt	.+2      	; 0xa964 <main+0x13d4>
    a962:	75 ce       	rjmp	.-790    	; 0xa64e <main+0x10be>
/home/ngranado/code/AlphaClock/alphafive/examples/AlphaClock/AlphaClock.ino:1317
          { // if we're here, c2 is <= '9', c2 != 0, and c2 != '0'.   

            OutputCache[0] = 'B';
    a964:	f9 82       	std	Y+1, r15	; 0x01
/home/ngranado/code/AlphaClock/alphafive/examples/AlphaClock/AlphaClock.ino:1318
            OutputCache[1] = c2 - 1;
    a966:	81 50       	subi	r24, 0x01	; 1
    a968:	8a 83       	std	Y+2, r24	; 0x02
    a96a:	7e 01       	movw	r14, r28
    a96c:	f3 e0       	ldi	r31, 0x03	; 3
    a96e:	ef 0e       	add	r14, r31
    a970:	f1 1c       	adc	r15, r1
/home/ngranado/code/AlphaClock/alphafive/examples/AlphaClock/AlphaClock.ino:1321

            for( i=2; i < 12; i++){   
              OutputCache[i] = Serial.read();  
    a972:	87 e4       	ldi	r24, 0x47	; 71
    a974:	98 e0       	ldi	r25, 0x08	; 8
    a976:	0e 94 aa 34 	call	0x6954	; 0x6954 <HardwareSerial::read()>
    a97a:	f7 01       	movw	r30, r14
    a97c:	81 93       	st	Z+, r24
    a97e:	7f 01       	movw	r14, r30
/home/ngranado/code/AlphaClock/alphafive/examples/AlphaClock/AlphaClock.ino:1320
          { // if we're here, c2 is <= '9', c2 != 0, and c2 != '0'.   

            OutputCache[0] = 'B';
            OutputCache[1] = c2 - 1;

            for( i=2; i < 12; i++){   
    a980:	0e 17       	cp	r16, r30
    a982:	1f 07       	cpc	r17, r31
    a984:	b1 f7       	brne	.-20     	; 0xa972 <main+0x13e2>
/home/ngranado/code/AlphaClock/alphafive/examples/AlphaClock/AlphaClock.ino:1323
              OutputCache[i] = Serial.read();  
            }   
            SerialSendDataDaisyChain (OutputCache);            
    a986:	ce 01       	movw	r24, r28
    a988:	01 96       	adiw	r24, 0x01	; 1
    a98a:	0e 94 19 3d 	call	0x7a32	; 0x7a32 <SerialSendDataDaisyChain(char*)>
    a98e:	5f ce       	rjmp	.-834    	; 0xa64e <main+0x10be>
/home/ngranado/code/AlphaClock/alphafive/examples/AlphaClock/AlphaClock.ino:1328
          }

        }
      }
      else if( c == 'A' )
    a990:	f1 e4       	ldi	r31, 0x41	; 65
    a992:	ff 12       	cpse	r15, r31
    a994:	34 c0       	rjmp	.+104    	; 0xa9fe <main+0x146e>
/home/ngranado/code/AlphaClock/alphafive/examples/AlphaClock/AlphaClock.ino:1330
      {
        if ((c2 == '0') || (c2 == 0)) // A0, with either ASCII or Binary 0.
    a996:	80 33       	cpi	r24, 0x30	; 48
    a998:	11 f0       	breq	.+4      	; 0xa99e <main+0x140e>
    a99a:	81 11       	cpse	r24, r1
    a99c:	1b c0       	rjmp	.+54     	; 0xa9d4 <main+0x1444>
    a99e:	f1 2c       	mov	r15, r1
    a9a0:	e1 2c       	mov	r14, r1
/home/ngranado/code/AlphaClock/alphafive/examples/AlphaClock/AlphaClock.ino:1335
        { // COMMAND: A0, DISPLAY ASCII DATA  
          // ASCII display mode, first 5 chars will be displayed, second 5: decimals

          for( i=0; i < 10; i++){   
            c = Serial.read();     
    a9a2:	87 e4       	ldi	r24, 0x47	; 71
    a9a4:	98 e0       	ldi	r25, 0x08	; 8
    a9a6:	0e 94 aa 34 	call	0x6954	; 0x6954 <HardwareSerial::read()>
/home/ngranado/code/AlphaClock/alphafive/examples/AlphaClock/AlphaClock.ino:1336
            if (i < 5) 
    a9aa:	24 e0       	ldi	r18, 0x04	; 4
/home/ngranado/code/AlphaClock/alphafive/examples/AlphaClock/AlphaClock.ino:1337
              wordCache[i] = c; 
    a9ac:	f7 01       	movw	r30, r14
/home/ngranado/code/AlphaClock/alphafive/examples/AlphaClock/AlphaClock.ino:1336
        { // COMMAND: A0, DISPLAY ASCII DATA  
          // ASCII display mode, first 5 chars will be displayed, second 5: decimals

          for( i=0; i < 10; i++){   
            c = Serial.read();     
            if (i < 5) 
    a9ae:	2e 15       	cp	r18, r14
    a9b0:	70 f0       	brcs	.+28     	; 0xa9ce <main+0x143e>
/home/ngranado/code/AlphaClock/alphafive/examples/AlphaClock/AlphaClock.ino:1337
              wordCache[i] = c; 
    a9b2:	ed 5c       	subi	r30, 0xCD	; 205
    a9b4:	f8 4f       	sbci	r31, 0xF8	; 248
/home/ngranado/code/AlphaClock/alphafive/examples/AlphaClock/AlphaClock.ino:1339
            else 
              dpCache[i - 5] = c;  
    a9b6:	80 83       	st	Z, r24
    a9b8:	3f ef       	ldi	r19, 0xFF	; 255
    a9ba:	e3 1a       	sub	r14, r19
    a9bc:	f3 0a       	sbc	r15, r19
/home/ngranado/code/AlphaClock/alphafive/examples/AlphaClock/AlphaClock.ino:1334
      {
        if ((c2 == '0') || (c2 == 0)) // A0, with either ASCII or Binary 0.
        { // COMMAND: A0, DISPLAY ASCII DATA  
          // ASCII display mode, first 5 chars will be displayed, second 5: decimals

          for( i=0; i < 10; i++){   
    a9be:	4a e0       	ldi	r20, 0x0A	; 10
    a9c0:	e4 16       	cp	r14, r20
    a9c2:	f1 04       	cpc	r15, r1
    a9c4:	71 f7       	brne	.-36     	; 0xa9a2 <main+0x1412>
/home/ngranado/code/AlphaClock/alphafive/examples/AlphaClock/AlphaClock.ino:1341
            if (i < 5) 
              wordCache[i] = c; 
            else 
              dpCache[i - 5] = c;  
          }             
          modeShowText = 3;   
    a9c6:	83 e0       	ldi	r24, 0x03	; 3
    a9c8:	80 93 4f 07 	sts	0x074F, r24	; 0x80074f <modeShowText>
    a9cc:	9c cf       	rjmp	.-200    	; 0xa906 <main+0x1376>
/home/ngranado/code/AlphaClock/alphafive/examples/AlphaClock/AlphaClock.ino:1339
          for( i=0; i < 10; i++){   
            c = Serial.read();     
            if (i < 5) 
              wordCache[i] = c; 
            else 
              dpCache[i - 5] = c;  
    a9ce:	e7 5d       	subi	r30, 0xD7	; 215
    a9d0:	f8 4f       	sbci	r31, 0xF8	; 248
    a9d2:	f1 cf       	rjmp	.-30     	; 0xa9b6 <main+0x1426>
/home/ngranado/code/AlphaClock/alphafive/examples/AlphaClock/AlphaClock.ino:1346
          modeShowText = 3;   
          RedrawNow = 1; 
          EndVCRmode();
        }
        else { // Daisy chaining: With Ax, where x is less than 48 or x is less than 10:
          if (c2 <= '9') 
    a9d4:	8a 33       	cpi	r24, 0x3A	; 58
    a9d6:	0c f0       	brlt	.+2      	; 0xa9da <main+0x144a>
    a9d8:	3a ce       	rjmp	.-908    	; 0xa64e <main+0x10be>
/home/ngranado/code/AlphaClock/alphafive/examples/AlphaClock/AlphaClock.ino:1349
          { // if we're here, c2 is <= '9', c2 != 0, and c2 != '0'.   

            OutputCache[0] = 'A';
    a9da:	f9 82       	std	Y+1, r15	; 0x01
/home/ngranado/code/AlphaClock/alphafive/examples/AlphaClock/AlphaClock.ino:1350
            OutputCache[1] = c2 - 1;
    a9dc:	81 50       	subi	r24, 0x01	; 1
    a9de:	8a 83       	std	Y+2, r24	; 0x02
    a9e0:	7e 01       	movw	r14, r28
    a9e2:	93 e0       	ldi	r25, 0x03	; 3
    a9e4:	e9 0e       	add	r14, r25
    a9e6:	f1 1c       	adc	r15, r1
/home/ngranado/code/AlphaClock/alphafive/examples/AlphaClock/AlphaClock.ino:1353

            for( i=2; i < 12; i++){   
              OutputCache[i] = Serial.read();  
    a9e8:	87 e4       	ldi	r24, 0x47	; 71
    a9ea:	98 e0       	ldi	r25, 0x08	; 8
    a9ec:	0e 94 aa 34 	call	0x6954	; 0x6954 <HardwareSerial::read()>
    a9f0:	f7 01       	movw	r30, r14
    a9f2:	81 93       	st	Z+, r24
    a9f4:	7f 01       	movw	r14, r30
/home/ngranado/code/AlphaClock/alphafive/examples/AlphaClock/AlphaClock.ino:1352
          { // if we're here, c2 is <= '9', c2 != 0, and c2 != '0'.   

            OutputCache[0] = 'A';
            OutputCache[1] = c2 - 1;

            for( i=2; i < 12; i++){   
    a9f6:	0e 17       	cp	r16, r30
    a9f8:	1f 07       	cpc	r17, r31
    a9fa:	b1 f7       	brne	.-20     	; 0xa9e8 <main+0x1458>
    a9fc:	c4 cf       	rjmp	.-120    	; 0xa986 <main+0x13f6>
/home/ngranado/code/AlphaClock/alphafive/examples/AlphaClock/AlphaClock.ino:1360
            SerialSendDataDaisyChain (OutputCache);            
          }
        }
      }

      else if( c == 'M' )  // Mode setting commands
    a9fe:	fd e4       	ldi	r31, 0x4D	; 77
    aa00:	ff 12       	cpse	r15, r31
    aa02:	25 ce       	rjmp	.-950    	; 0xa64e <main+0x10be>
/home/ngranado/code/AlphaClock/alphafive/examples/AlphaClock/AlphaClock.ino:1364
      {// Eventually, it would be nice to have all settings and functions
        // accessible through the remote interface.

        if (c2 == 'T')   { // Command: 'MT' : Mode: Time
    aa04:	84 35       	cpi	r24, 0x54	; 84
    aa06:	09 f0       	breq	.+2      	; 0xaa0a <main+0x147a>
    aa08:	22 ce       	rjmp	.-956    	; 0xa64e <main+0x10be>
/home/ngranado/code/AlphaClock/alphafive/examples/AlphaClock/AlphaClock.ino:1365
          modeShowAlarmTime = 0;
    aa0a:	10 92 2d 07 	sts	0x072D, r1	; 0x80072d <modeShowAlarmTime>
/home/ngranado/code/AlphaClock/alphafive/examples/AlphaClock/AlphaClock.ino:1366
          modeShowMenu = 0;
    aa0e:	10 92 2c 07 	sts	0x072C, r1	; 0x80072c <modeShowMenu>
/home/ngranado/code/AlphaClock/alphafive/examples/AlphaClock/AlphaClock.ino:1367
          modeShowText = 0;
    aa12:	10 92 4f 07 	sts	0x074F, r1	; 0x80074f <modeShowText>
/home/ngranado/code/AlphaClock/alphafive/examples/AlphaClock/AlphaClock.ino:1368
          modeLEDTest = 0;
    aa16:	10 92 2b 07 	sts	0x072B, r1	; 0x80072b <modeLEDTest>
    aa1a:	75 ce       	rjmp	.-790    	; 0xa706 <main+0x1176>
main():
/tmp/claude-1000/-home-ngranado-code-AlphaClock/a04e4601-07d0-434a-ba88-eb280e7d56e2/scratchpad/a15/packages/MightyCore/hardware/avr/3.1.0/cores/MCUdude_corefiles/main.cpp:47
  
  setup();
    
  for (;;) {
    loop();
    if (serialEventRun) serialEventRun();
    aa1c:	0e 94 7b 35 	call	0x6af6	; 0x6af6 <serialEventRun()>
    aa20:	1b c8       	rjmp	.-4042   	; 0x9a58 <main+0x4c8>
checkButtons():
/home/ngranado/code/AlphaClock/alphafive/examples/AlphaClock/AlphaClock.ino:503
        }
      }


      // Check to see if AlarmSet button was JUST released::
      if ( ((buttonMonitor & a5_alarmSetBtn) == 0) && (buttonStateLast & a5_alarmSetBtn))
    aa22:	80 91 16 07 	lds	r24, 0x0716	; 0x800716 <buttonStateLast>
    aa26:	80 ff       	sbrs	r24, 0
    aa28:	14 c0       	rjmp	.+40     	; 0xaa52 <main+0x14c2>
/home/ngranado/code/AlphaClock/alphafive/examples/AlphaClock/AlphaClock.ino:505
      {  
        if (modeShowAlarmTime && holdDebounce){  
    aa2a:	80 91 2d 07 	lds	r24, 0x072D	; 0x80072d <modeShowAlarmTime>
    aa2e:	88 23       	and	r24, r24
    aa30:	41 f0       	breq	.+16     	; 0xaa42 <main+0x14b2>
    aa32:	80 91 03 07 	lds	r24, 0x0703	; 0x800703 <holdDebounce>
    aa36:	88 23       	and	r24, r24
    aa38:	21 f0       	breq	.+8      	; 0xaa42 <main+0x14b2>
/home/ngranado/code/AlphaClock/alphafive/examples/AlphaClock/AlphaClock.ino:506
          modeShowAlarmTime = 0; 
    aa3a:	10 92 2d 07 	sts	0x072D, r1	; 0x80072d <modeShowAlarmTime>
/home/ngranado/code/AlphaClock/alphafive/examples/AlphaClock/AlphaClock.ino:507
          RedrawNow = 1;
    aa3e:	50 92 4d 07 	sts	0x074D, r5	; 0x80074d <RedrawNow>
/home/ngranado/code/AlphaClock/alphafive/examples/AlphaClock/AlphaClock.ino:510
        } 

        if (modeShowDateViaButtons == 1)
    aa42:	80 91 00 07 	lds	r24, 0x0700	; 0x800700 <modeShowDateViaButtons>
    aa46:	81 30       	cpi	r24, 0x01	; 1
    aa48:	21 f4       	brne	.+8      	; 0xaa52 <main+0x14c2>
/home/ngranado/code/AlphaClock/alphafive/examples/AlphaClock/AlphaClock.ino:512
        {
          modeShowDateViaButtons = 0;
    aa4a:	10 92 00 07 	sts	0x0700, r1	; 0x800700 <modeShowDateViaButtons>
/home/ngranado/code/AlphaClock/alphafive/examples/AlphaClock/AlphaClock.ino:513
          RedrawNow = 1; 
    aa4e:	80 93 4d 07 	sts	0x074D, r24	; 0x80074d <RedrawNow>
/home/ngranado/code/AlphaClock/alphafive/examples/AlphaClock/AlphaClock.ino:519
        } 
      }


      // If TimeSet button was just released::
      if (( (buttonMonitor & a5_timeSetBtn) == 0) && (buttonStateLast & a5_timeSetBtn))
    aa52:	e1 10       	cpse	r14, r1
    aa54:	73 cb       	rjmp	.-2330   	; 0xa13c <main+0xbac>
    aa56:	80 91 16 07 	lds	r24, 0x0716	; 0x800716 <buttonStateLast>
    aa5a:	81 ff       	sbrs	r24, 1
    aa5c:	6f cb       	rjmp	.-2338   	; 0xa13c <main+0xbac>
/home/ngranado/code/AlphaClock/alphafive/examples/AlphaClock/AlphaClock.ino:521
      {
        if (holdDebounce)
    aa5e:	80 91 03 07 	lds	r24, 0x0703	; 0x800703 <holdDebounce>
    aa62:	88 23       	and	r24, r24
    aa64:	09 f4       	brne	.+2      	; 0xaa68 <main+0x14d8>
    aa66:	6a cb       	rjmp	.-2348   	; 0xa13c <main+0xbac>
/home/ngranado/code/AlphaClock/alphafive/examples/AlphaClock/AlphaClock.ino:523
        { 
          if ((alarmNow) || (snoozed)){  // Just Turn Off Alarm 
    aa68:	80 91 3d 07 	lds	r24, 0x073D	; 0x80073d <alarmNow>
    aa6c:	81 11       	cpse	r24, r1
    aa6e:	05 c0       	rjmp	.+10     	; 0xaa7a <main+0x14ea>
    aa70:	80 91 3c 07 	lds	r24, 0x073C	; 0x80073c <snoozed>
    aa74:	88 23       	and	r24, r24
    aa76:	09 f4       	brne	.+2      	; 0xaa7a <main+0x14ea>
    aa78:	49 cc       	rjmp	.-1902   	; 0xa30c <main+0xd7c>
/home/ngranado/code/AlphaClock/alphafive/examples/AlphaClock/AlphaClock.ino:524
            TurnOffAlarm();
    aa7a:	0e 94 a8 3e 	call	0x7d50	; 0x7d50 <TurnOffAlarm()>
    aa7e:	5e cb       	rjmp	.-2372   	; 0xa13c <main+0xbac>
loop():
/home/ngranado/code/AlphaClock/alphafive/examples/AlphaClock/AlphaClock.ino:1098
      {
        a5_brightLevel = 0;  
        RedrawNow_NoFade = 1;
        VCRmode = 2;
      }
      if((temp == 0) && (VCRmode == 2))
    aa80:	92 30       	cpi	r25, 0x02	; 2
    aa82:	09 f0       	breq	.+2      	; 0xaa86 <main+0x14f6>
    aa84:	73 c9       	rjmp	.-3354   	; 0x9d6c <main+0x7dc>
/home/ngranado/code/AlphaClock/alphafive/examples/AlphaClock/AlphaClock.ino:1100
      {
        a5_brightLevel = MBlevel[Brightness];  
    aa86:	e0 91 53 07 	lds	r30, 0x0753	; 0x800753 <Brightness>
    aa8a:	f0 e0       	ldi	r31, 0x00	; 0
    aa8c:	ec 5e       	subi	r30, 0xEC	; 236
    aa8e:	fd 4f       	sbci	r31, 0xFD	; 253
    aa90:	80 81       	ld	r24, Z
    aa92:	80 93 51 07 	sts	0x0751, r24	; 0x800751 <a5_brightLevel>
/home/ngranado/code/AlphaClock/alphafive/examples/AlphaClock/AlphaClock.ino:1101
        RedrawNow_NoFade = 1;
    aa96:	50 92 4e 07 	sts	0x074E, r5	; 0x80074e <RedrawNow_NoFade>
/home/ngranado/code/AlphaClock/alphafive/examples/AlphaClock/AlphaClock.ino:1102
        VCRmode = 1;
    aa9a:	50 92 50 07 	sts	0x0750, r5	; 0x800750 <VCRmode>
    aa9e:	66 c9       	rjmp	.-3380   	; 0x9d6c <main+0x7dc>

0000aaa0 <random_r>:
random_r():
    aaa0:	8f 92       	push	r8
    aaa2:	9f 92       	push	r9
    aaa4:	af 92       	push	r10
    aaa6:	bf 92       	push	r11
    aaa8:	cf 92       	push	r12
    aaaa:	df 92       	push	r13
    aaac:	ef 92       	push	r14
    aaae:	ff 92       	push	r15
    aab0:	cf 93       	push	r28
    aab2:	df 93       	push	r29
    aab4:	ec 01       	movw	r28, r24
    aab6:	68 81       	ld	r22, Y
    aab8:	79 81       	ldd	r23, Y+1	; 0x01
    aaba:	8a 81       	ldd	r24, Y+2	; 0x02
    aabc:	9b 81       	ldd	r25, Y+3	; 0x03
    aabe:	61 15       	cp	r22, r1
    aac0:	71 05       	cpc	r23, r1
    aac2:	81 05       	cpc	r24, r1
    aac4:	91 05       	cpc	r25, r1
    aac6:	21 f4       	brne	.+8      	; 0xaad0 <random_r+0x30>
    aac8:	64 e2       	ldi	r22, 0x24	; 36
    aaca:	79 ed       	ldi	r23, 0xD9	; 217
    aacc:	8b e5       	ldi	r24, 0x5B	; 91
    aace:	97 e0       	ldi	r25, 0x07	; 7
    aad0:	2d e1       	ldi	r18, 0x1D	; 29
    aad2:	33 ef       	ldi	r19, 0xF3	; 243
    aad4:	41 e0       	ldi	r20, 0x01	; 1
    aad6:	50 e0       	ldi	r21, 0x00	; 0
    aad8:	0e 94 11 56 	call	0xac22	; 0xac22 <__divmodsi4>
    aadc:	49 01       	movw	r8, r18
    aade:	5a 01       	movw	r10, r20
    aae0:	9b 01       	movw	r18, r22
    aae2:	ac 01       	movw	r20, r24
    aae4:	a7 ea       	ldi	r26, 0xA7	; 167
    aae6:	b1 e4       	ldi	r27, 0x41	; 65
    aae8:	0e 94 30 56 	call	0xac60	; 0xac60 <__muluhisi3>
    aaec:	6b 01       	movw	r12, r22
    aaee:	7c 01       	movw	r14, r24
    aaf0:	ac ee       	ldi	r26, 0xEC	; 236
    aaf2:	b4 ef       	ldi	r27, 0xF4	; 244
    aaf4:	a5 01       	movw	r20, r10
    aaf6:	94 01       	movw	r18, r8
    aaf8:	0e 94 3e 56 	call	0xac7c	; 0xac7c <__mulohisi3>
    aafc:	c6 0e       	add	r12, r22
    aafe:	d7 1e       	adc	r13, r23
    ab00:	e8 1e       	adc	r14, r24
    ab02:	f9 1e       	adc	r15, r25
    ab04:	f7 fe       	sbrs	r15, 7
    ab06:	06 c0       	rjmp	.+12     	; 0xab14 <random_r+0x74>
    ab08:	81 e0       	ldi	r24, 0x01	; 1
    ab0a:	c8 1a       	sub	r12, r24
    ab0c:	d1 08       	sbc	r13, r1
    ab0e:	e1 08       	sbc	r14, r1
    ab10:	80 e8       	ldi	r24, 0x80	; 128
    ab12:	f8 0a       	sbc	r15, r24
    ab14:	c8 82       	st	Y, r12
    ab16:	d9 82       	std	Y+1, r13	; 0x01
    ab18:	ea 82       	std	Y+2, r14	; 0x02
    ab1a:	fb 82       	std	Y+3, r15	; 0x03
    ab1c:	c7 01       	movw	r24, r14
    ab1e:	b6 01       	movw	r22, r12
    ab20:	9f 77       	andi	r25, 0x7F	; 127
    ab22:	df 91       	pop	r29
    ab24:	cf 91       	pop	r28
    ab26:	ff 90       	pop	r15
    ab28:	ef 90       	pop	r14
    ab2a:	df 90       	pop	r13
    ab2c:	cf 90       	pop	r12
    ab2e:	bf 90       	pop	r11
    ab30:	af 90       	pop	r10
    ab32:	9f 90       	pop	r9
    ab34:	8f 90       	pop	r8
    ab36:	08 95       	ret

0000ab38 <random>:
random():
    ab38:	8f 92       	push	r8
    ab3a:	9f 92       	push	r9
    ab3c:	af 92       	push	r10
    ab3e:	bf 92       	push	r11
    ab40:	cf 92       	push	r12
    ab42:	df 92       	push	r13
    ab44:	ef 92       	push	r14
    ab46:	ff 92       	push	r15
    ab48:	60 91 d2 01 	lds	r22, 0x01D2	; 0x8001d2 <next>
    ab4c:	70 91 d3 01 	lds	r23, 0x01D3	; 0x8001d3 <next+0x1>
    ab50:	80 91 d4 01 	lds	r24, 0x01D4	; 0x8001d4 <next+0x2>
    ab54:	90 91 d5 01 	lds	r25, 0x01D5	; 0x8001d5 <next+0x3>
    ab58:	61 15       	cp	r22, r1
    ab5a:	71 05       	cpc	r23, r1
    ab5c:	81 05       	cpc	r24, r1
    ab5e:	91 05       	cpc	r25, r1
    ab60:	21 f4       	brne	.+8      	; 0xab6a <random+0x32>
    ab62:	64 e2       	ldi	r22, 0x24	; 36
    ab64:	79 ed       	ldi	r23, 0xD9	; 217
    ab66:	8b e5       	ldi	r24, 0x5B	; 91
    ab68:	97 e0       	ldi	r25, 0x07	; 7
    ab6a:	2d e1       	ldi	r18, 0x1D	; 29
    ab6c:	33 ef       	ldi	r19, 0xF3	; 243
    ab6e:	41 e0       	ldi	r20, 0x01	; 1
    ab70:	50 e0       	ldi	r21, 0x00	; 0
    ab72:	0e 94 11 56 	call	0xac22	; 0xac22 <__divmodsi4>
    ab76:	49 01       	movw	r8, r18
    ab78:	5a 01       	movw	r10, r20
    ab7a:	9b 01       	movw	r18, r22
    ab7c:	ac 01       	movw	r20, r24
    ab7e:	a7 ea       	ldi	r26, 0xA7	; 167
    ab80:	b1 e4       	ldi	r27, 0x41	; 65
    ab82:	0e 94 30 56 	call	0xac60	; 0xac60 <__muluhisi3>
    ab86:	6b 01       	movw	r12, r22
    ab88:	7c 01       	movw	r14, r24
    ab8a:	ac ee       	ldi	r26, 0xEC	; 236
    ab8c:	b4 ef       	ldi	r27, 0xF4	; 244
    ab8e:	a5 01       	movw	r20, r10
    ab90:	94 01       	movw	r18, r8
    ab92:	0e 94 3e 56 	call	0xac7c	; 0xac7c <__mulohisi3>
    ab96:	c6 0e       	add	r12, r22
    ab98:	d7 1e       	adc	r13, r23
    ab9a:	e8 1e       	adc	r14, r24
    ab9c:	f9 1e       	adc	r15, r25
    ab9e:	f7 fe       	sbrs	r15, 7
    aba0:	06 c0       	rjmp	.+12     	; 0xabae <random+0x76>
    aba2:	81 e0       	ldi	r24, 0x01	; 1
    aba4:	c8 1a       	sub	r12, r24
    aba6:	d1 08       	sbc	r13, r1
    aba8:	e1 08       	sbc	r14, r1
    abaa:	80 e8       	ldi	r24, 0x80	; 128
    abac:	f8 0a       	sbc	r15, r24
    abae:	c0 92 d2 01 	sts	0x01D2, r12	; 0x8001d2 <next>
    abb2:	d0 92 d3 01 	sts	0x01D3, r13	; 0x8001d3 <next+0x1>
    abb6:	e0 92 d4 01 	sts	0x01D4, r14	; 0x8001d4 <next+0x2>
    abba:	f0 92 d5 01 	sts	0x01D5, r15	; 0x8001d5 <next+0x3>
    abbe:	c7 01       	movw	r24, r14
    abc0:	b6 01       	movw	r22, r12
    abc2:	9f 77       	andi	r25, 0x7F	; 127
    abc4:	ff 90       	pop	r15
    abc6:	ef 90       	pop	r14
    abc8:	df 90       	pop	r13
    abca:	cf 90       	pop	r12
    abcc:	bf 90       	pop	r11
    abce:	af 90       	pop	r10
    abd0:	9f 90       	pop	r9
    abd2:	8f 90       	pop	r8
    abd4:	08 95       	ret

0000abd6 <srandom>:
srandom():
    abd6:	60 93 d2 01 	sts	0x01D2, r22	; 0x8001d2 <next>
    abda:	70 93 d3 01 	sts	0x01D3, r23	; 0x8001d3 <next+0x1>
    abde:	80 93 d4 01 	sts	0x01D4, r24	; 0x8001d4 <next+0x2>
    abe2:	90 93 d5 01 	sts	0x01D5, r25	; 0x8001d5 <next+0x3>
    abe6:	08 95       	ret

0000abe8 <strcpy_P>:
strcpy_P():
    abe8:	fb 01       	movw	r30, r22
    abea:	dc 01       	movw	r26, r24
    abec:	05 90       	lpm	r0, Z+
    abee:	0d 92       	st	X+, r0
    abf0:	00 20       	and	r0, r0
    abf2:	e1 f7       	brne	.-8      	; 0xabec <strcpy_P+0x4>
    abf4:	08 95       	ret

0000abf6 <eeprom_read_byte>:
eeprom_read_byte():
    abf6:	f9 99       	sbic	0x1f, 1	; 31
    abf8:	fe cf       	rjmp	.-4      	; 0xabf6 <eeprom_read_byte>
    abfa:	92 bd       	out	0x22, r25	; 34
    abfc:	81 bd       	out	0x21, r24	; 33
    abfe:	f8 9a       	sbi	0x1f, 0	; 31
    ac00:	99 27       	eor	r25, r25
    ac02:	80 b5       	in	r24, 0x20	; 32
    ac04:	08 95       	ret

0000ac06 <eeprom_write_byte>:
eeprom_write_byte():
    ac06:	26 2f       	mov	r18, r22

0000ac08 <eeprom_write_r18>:
    ac08:	f9 99       	sbic	0x1f, 1	; 31
    ac0a:	fe cf       	rjmp	.-4      	; 0xac08 <eeprom_write_r18>
    ac0c:	1f ba       	out	0x1f, r1	; 31
    ac0e:	92 bd       	out	0x22, r25	; 34
    ac10:	81 bd       	out	0x21, r24	; 33
    ac12:	20 bd       	out	0x20, r18	; 32
    ac14:	0f b6       	in	r0, 0x3f	; 63
    ac16:	f8 94       	cli
    ac18:	fa 9a       	sbi	0x1f, 2	; 31
    ac1a:	f9 9a       	sbi	0x1f, 1	; 31
    ac1c:	0f be       	out	0x3f, r0	; 63
    ac1e:	01 96       	adiw	r24, 0x01	; 1
    ac20:	08 95       	ret

0000ac22 <__divmodsi4>:
__divmodsi4():
/home/jenkins/workspace/avr-gcc-staging/label/debian7-x86_64/gcc-build/avr/avr5/libgcc/../../../../gcc/libgcc/config/avr/lib1funcs.S:1686
    ac22:	05 2e       	mov	r0, r21
/home/jenkins/workspace/avr-gcc-staging/label/debian7-x86_64/gcc-build/avr/avr5/libgcc/../../../../gcc/libgcc/config/avr/lib1funcs.S:1687
    ac24:	97 fb       	bst	r25, 7
/home/jenkins/workspace/avr-gcc-staging/label/debian7-x86_64/gcc-build/avr/avr5/libgcc/../../../../gcc/libgcc/config/avr/lib1funcs.S:1688
    ac26:	1e f4       	brtc	.+6      	; 0xac2e <__divmodsi4+0xc>
/home/jenkins/workspace/avr-gcc-staging/label/debian7-x86_64/gcc-build/avr/avr5/libgcc/../../../../gcc/libgcc/config/avr/lib1funcs.S:1689
    ac28:	00 94       	com	r0
/home/jenkins/workspace/avr-gcc-staging/label/debian7-x86_64/gcc-build/avr/avr5/libgcc/../../../../gcc/libgcc/config/avr/lib1funcs.S:1690
    ac2a:	0e 94 28 56 	call	0xac50	; 0xac50 <__negsi2>
/home/jenkins/workspace/avr-gcc-staging/label/debian7-x86_64/gcc-build/avr/avr5/libgcc/../../../../gcc/libgcc/config/avr/lib1funcs.S:1692
    ac2e:	57 fd       	sbrc	r21, 7
/home/jenkins/workspace/avr-gcc-staging/label/debian7-x86_64/gcc-build/avr/avr5/libgcc/../../../../gcc/libgcc/config/avr/lib1funcs.S:1693
    ac30:	07 d0       	rcall	.+14     	; 0xac40 <__divmodsi4_neg2>
/home/jenkins/workspace/avr-gcc-staging/label/debian7-x86_64/gcc-build/avr/avr5/libgcc/../../../../gcc/libgcc/config/avr/lib1funcs.S:1694
    ac32:	0e 94 43 56 	call	0xac86	; 0xac86 <__udivmodsi4>
/home/jenkins/workspace/avr-gcc-staging/label/debian7-x86_64/gcc-build/avr/avr5/libgcc/../../../../gcc/libgcc/config/avr/lib1funcs.S:1695
    ac36:	07 fc       	sbrc	r0, 7
/home/jenkins/workspace/avr-gcc-staging/label/debian7-x86_64/gcc-build/avr/avr5/libgcc/../../../../gcc/libgcc/config/avr/lib1funcs.S:1696
    ac38:	03 d0       	rcall	.+6      	; 0xac40 <__divmodsi4_neg2>
/home/jenkins/workspace/avr-gcc-staging/label/debian7-x86_64/gcc-build/avr/avr5/libgcc/../../../../gcc/libgcc/config/avr/lib1funcs.S:1697
    ac3a:	4e f4       	brtc	.+18     	; 0xac4e <__divmodsi4_exit>
/home/jenkins/workspace/avr-gcc-staging/label/debian7-x86_64/gcc-build/avr/avr5/libgcc/../../../../gcc/libgcc/config/avr/lib1funcs.S:1698
    ac3c:	0c 94 28 56 	jmp	0xac50	; 0xac50 <__negsi2>

0000ac40 <__divmodsi4_neg2>:
/home/jenkins/workspace/avr-gcc-staging/label/debian7-x86_64/gcc-build/avr/avr5/libgcc/../../../../gcc/libgcc/config/avr/lib1funcs.S:1701
    ac40:	50 95       	com	r21
/home/jenkins/workspace/avr-gcc-staging/label/debian7-x86_64/gcc-build/avr/avr5/libgcc/../../../../gcc/libgcc/config/avr/lib1funcs.S:1702
    ac42:	40 95       	com	r20
/home/jenkins/workspace/avr-gcc-staging/label/debian7-x86_64/gcc-build/avr/avr5/libgcc/../../../../gcc/libgcc/config/avr/lib1funcs.S:1703
    ac44:	30 95       	com	r19
/home/jenkins/workspace/avr-gcc-staging/label/debian7-x86_64/gcc-build/avr/avr5/libgcc/../../../../gcc/libgcc/config/avr/lib1funcs.S:1704
    ac46:	21 95       	neg	r18
/home/jenkins/workspace/avr-gcc-staging/label/debian7-x86_64/gcc-build/avr/avr5/libgcc/../../../../gcc/libgcc/config/avr/lib1funcs.S:1705
    ac48:	3f 4f       	sbci	r19, 0xFF	; 255
/home/jenkins/workspace/avr-gcc-staging/label/debian7-x86_64/gcc-build/avr/avr5/libgcc/../../../../gcc/libgcc/config/avr/lib1funcs.S:1706
    ac4a:	4f 4f       	sbci	r20, 0xFF	; 255
/home/jenkins/workspace/avr-gcc-staging/label/debian7-x86_64/gcc-build/avr/avr5/libgcc/../../../../gcc/libgcc/config/avr/lib1funcs.S:1707
    ac4c:	5f 4f       	sbci	r21, 0xFF	; 255

0000ac4e <__divmodsi4_exit>:
/home/jenkins/workspace/avr-gcc-staging/label/debian7-x86_64/gcc-build/avr/avr5/libgcc/../../../../gcc/libgcc/config/avr/lib1funcs.S:1709
    ac4e:	08 95       	ret

0000ac50 <__negsi2>:
__negsi2():
/home/jenkins/workspace/avr-gcc-staging/label/debian7-x86_64/gcc-build/avr/avr5/libgcc/../../../../gcc/libgcc/config/avr/lib1funcs.S:1718
    ac50:	90 95       	com	r25
    ac52:	80 95       	com	r24
    ac54:	70 95       	com	r23
    ac56:	61 95       	neg	r22
    ac58:	7f 4f       	sbci	r23, 0xFF	; 255
    ac5a:	8f 4f       	sbci	r24, 0xFF	; 255
    ac5c:	9f 4f       	sbci	r25, 0xFF	; 255
/home/jenkins/workspace/avr-gcc-staging/label/debian7-x86_64/gcc-build/avr/avr5/libgcc/../../../../gcc/libgcc/config/avr/lib1funcs.S:1719
    ac5e:	08 95       	ret

0000ac60 <__muluhisi3>:
__muluhisi3():
/home/jenkins/workspace/avr-gcc-staging/label/debian7-x86_64/gcc-build/avr/avr5/libgcc/../../../../gcc/libgcc/config/avr/lib1funcs.S:626
    ac60:	0e 94 65 56 	call	0xacca	; 0xacca <__umulhisi3>
/home/jenkins/workspace/avr-gcc-staging/label/debian7-x86_64/gcc-build/avr/avr5/libgcc/../../../../gcc/libgcc/config/avr/lib1funcs.S:627
    ac64:	a5 9f       	mul	r26, r21
/home/jenkins/workspace/avr-gcc-staging/label/debian7-x86_64/gcc-build/avr/avr5/libgcc/../../../../gcc/libgcc/config/avr/lib1funcs.S:628
    ac66:	90 0d       	add	r25, r0
/home/jenkins/workspace/avr-gcc-staging/label/debian7-x86_64/gcc-build/avr/avr5/libgcc/../../../../gcc/libgcc/config/avr/lib1funcs.S:629
    ac68:	b4 9f       	mul	r27, r20
/home/jenkins/workspace/avr-gcc-staging/label/debian7-x86_64/gcc-build/avr/avr5/libgcc/../../../../gcc/libgcc/config/avr/lib1funcs.S:630
    ac6a:	90 0d       	add	r25, r0
/home/jenkins/workspace/avr-gcc-staging/label/debian7-x86_64/gcc-build/avr/avr5/libgcc/../../../../gcc/libgcc/config/avr/lib1funcs.S:631
    ac6c:	a4 9f       	mul	r26, r20
/home/jenkins/workspace/avr-gcc-staging/label/debian7-x86_64/gcc-build/avr/avr5/libgcc/../../../../gcc/libgcc/config/avr/lib1funcs.S:632
    ac6e:	80 0d       	add	r24, r0
/home/jenkins/workspace/avr-gcc-staging/label/debian7-x86_64/gcc-build/avr/avr5/libgcc/../../../../gcc/libgcc/config/avr/lib1funcs.S:633
    ac70:	91 1d       	adc	r25, r1
/home/jenkins/workspace/avr-gcc-staging/label/debian7-x86_64/gcc-build/avr/avr5/libgcc/../../../../gcc/libgcc/config/avr/lib1funcs.S:634
    ac72:	11 24       	eor	r1, r1
/home/jenkins/workspace/avr-gcc-staging/label/debian7-x86_64/gcc-build/avr/avr5/libgcc/../../../../gcc/libgcc/config/avr/lib1funcs.S:635
    ac74:	08 95       	ret

0000ac76 <__mulshisi3>:
__mulshisi3():
/home/jenkins/workspace/avr-gcc-staging/label/debian7-x86_64/gcc-build/avr/avr5/libgcc/../../../../gcc/libgcc/config/avr/lib1funcs.S:603
    ac76:	b7 ff       	sbrs	r27, 7
/home/jenkins/workspace/avr-gcc-staging/label/debian7-x86_64/gcc-build/avr/avr5/libgcc/../../../../gcc/libgcc/config/avr/lib1funcs.S:605
    ac78:	0c 94 30 56 	jmp	0xac60	; 0xac60 <__muluhisi3>

0000ac7c <__mulohisi3>:
__mulohisi3():
/home/jenkins/workspace/avr-gcc-staging/label/debian7-x86_64/gcc-build/avr/avr5/libgcc/../../../../gcc/libgcc/config/avr/lib1funcs.S:613
    ac7c:	0e 94 30 56 	call	0xac60	; 0xac60 <__muluhisi3>
/home/jenkins/workspace/avr-gcc-staging/label/debian7-x86_64/gcc-build/avr/avr5/libgcc/../../../../gcc/libgcc/config/avr/lib1funcs.S:615
    ac80:	82 1b       	sub	r24, r18
/home/jenkins/workspace/avr-gcc-staging/label/debian7-x86_64/gcc-build/avr/avr5/libgcc/../../../../gcc/libgcc/config/avr/lib1funcs.S:616
    ac82:	93 0b       	sbc	r25, r19
/home/jenkins/workspace/avr-gcc-staging/label/debian7-x86_64/gcc-build/avr/avr5/libgcc/../../../../gcc/libgcc/config/avr/lib1funcs.S:617
    ac84:	08 95       	ret

0000ac86 <__udivmodsi4>:
__udivmodsi4():
/home/jenkins/workspace/avr-gcc-staging/label/debian7-x86_64/gcc-build/avr/avr5/libgcc/../../../../gcc/libgcc/config/avr/lib1funcs.S:1638
    ac86:	a1 e2       	ldi	r26, 0x21	; 33
/home/jenkins/workspace/avr-gcc-staging/label/debian7-x86_64/gcc-build/avr/avr5/libgcc/../../../../gcc/libgcc/config/avr/lib1funcs.S:1639
    ac88:	1a 2e       	mov	r1, r26
/home/jenkins/workspace/avr-gcc-staging/label/debian7-x86_64/gcc-build/avr/avr5/libgcc/../../../../gcc/libgcc/config/avr/lib1funcs.S:1640
    ac8a:	aa 1b       	sub	r26, r26
/home/jenkins/workspace/avr-gcc-staging/label/debian7-x86_64/gcc-build/avr/avr5/libgcc/../../../../gcc/libgcc/config/avr/lib1funcs.S:1641
    ac8c:	bb 1b       	sub	r27, r27
/home/jenkins/workspace/avr-gcc-staging/label/debian7-x86_64/gcc-build/avr/avr5/libgcc/../../../../gcc/libgcc/config/avr/lib1funcs.S:1642
    ac8e:	fd 01       	movw	r30, r26
/home/jenkins/workspace/avr-gcc-staging/label/debian7-x86_64/gcc-build/avr/avr5/libgcc/../../../../gcc/libgcc/config/avr/lib1funcs.S:1644
    ac90:	0d c0       	rjmp	.+26     	; 0xacac <__udivmodsi4_ep>

0000ac92 <__udivmodsi4_loop>:
/home/jenkins/workspace/avr-gcc-staging/label/debian7-x86_64/gcc-build/avr/avr5/libgcc/../../../../gcc/libgcc/config/avr/lib1funcs.S:1646
    ac92:	aa 1f       	adc	r26, r26
/home/jenkins/workspace/avr-gcc-staging/label/debian7-x86_64/gcc-build/avr/avr5/libgcc/../../../../gcc/libgcc/config/avr/lib1funcs.S:1647
    ac94:	bb 1f       	adc	r27, r27
/home/jenkins/workspace/avr-gcc-staging/label/debian7-x86_64/gcc-build/avr/avr5/libgcc/../../../../gcc/libgcc/config/avr/lib1funcs.S:1648
    ac96:	ee 1f       	adc	r30, r30
/home/jenkins/workspace/avr-gcc-staging/label/debian7-x86_64/gcc-build/avr/avr5/libgcc/../../../../gcc/libgcc/config/avr/lib1funcs.S:1649
    ac98:	ff 1f       	adc	r31, r31
/home/jenkins/workspace/avr-gcc-staging/label/debian7-x86_64/gcc-build/avr/avr5/libgcc/../../../../gcc/libgcc/config/avr/lib1funcs.S:1650
    ac9a:	a2 17       	cp	r26, r18
/home/jenkins/workspace/avr-gcc-staging/label/debian7-x86_64/gcc-build/avr/avr5/libgcc/../../../../gcc/libgcc/config/avr/lib1funcs.S:1651
    ac9c:	b3 07       	cpc	r27, r19
/home/jenkins/workspace/avr-gcc-staging/label/debian7-x86_64/gcc-build/avr/avr5/libgcc/../../../../gcc/libgcc/config/avr/lib1funcs.S:1652
    ac9e:	e4 07       	cpc	r30, r20
/home/jenkins/workspace/avr-gcc-staging/label/debian7-x86_64/gcc-build/avr/avr5/libgcc/../../../../gcc/libgcc/config/avr/lib1funcs.S:1653
    aca0:	f5 07       	cpc	r31, r21
/home/jenkins/workspace/avr-gcc-staging/label/debian7-x86_64/gcc-build/avr/avr5/libgcc/../../../../gcc/libgcc/config/avr/lib1funcs.S:1654
    aca2:	20 f0       	brcs	.+8      	; 0xacac <__udivmodsi4_ep>
/home/jenkins/workspace/avr-gcc-staging/label/debian7-x86_64/gcc-build/avr/avr5/libgcc/../../../../gcc/libgcc/config/avr/lib1funcs.S:1655
    aca4:	a2 1b       	sub	r26, r18
/home/jenkins/workspace/avr-gcc-staging/label/debian7-x86_64/gcc-build/avr/avr5/libgcc/../../../../gcc/libgcc/config/avr/lib1funcs.S:1656
    aca6:	b3 0b       	sbc	r27, r19
/home/jenkins/workspace/avr-gcc-staging/label/debian7-x86_64/gcc-build/avr/avr5/libgcc/../../../../gcc/libgcc/config/avr/lib1funcs.S:1657
    aca8:	e4 0b       	sbc	r30, r20
/home/jenkins/workspace/avr-gcc-staging/label/debian7-x86_64/gcc-build/avr/avr5/libgcc/../../../../gcc/libgcc/config/avr/lib1funcs.S:1658
    acaa:	f5 0b       	sbc	r31, r21

0000acac <__udivmodsi4_ep>:
/home/jenkins/workspace/avr-gcc-staging/label/debian7-x86_64/gcc-build/avr/avr5/libgcc/../../../../gcc/libgcc/config/avr/lib1funcs.S:1660
    acac:	66 1f       	adc	r22, r22
/home/jenkins/workspace/avr-gcc-staging/label/debian7-x86_64/gcc-build/avr/avr5/libgcc/../../../../gcc/libgcc/config/avr/lib1funcs.S:1661
    acae:	77 1f       	adc	r23, r23
/home/jenkins/workspace/avr-gcc-staging/label/debian7-x86_64/gcc-build/avr/avr5/libgcc/../../../../gcc/libgcc/config/avr/lib1funcs.S:1662
    acb0:	88 1f       	adc	r24, r24
/home/jenkins/workspace/avr-gcc-staging/label/debian7-x86_64/gcc-build/avr/avr5/libgcc/../../../../gcc/libgcc/config/avr/lib1funcs.S:1663
    acb2:	99 1f       	adc	r25, r25
/home/jenkins/workspace/avr-gcc-staging/label/debian7-x86_64/gcc-build/avr/avr5/libgcc/../../../../gcc/libgcc/config/avr/lib1funcs.S:1664
    acb4:	1a 94       	dec	r1
/home/jenkins/workspace/avr-gcc-staging/label/debian7-x86_64/gcc-build/avr/avr5/libgcc/../../../../gcc/libgcc/config/avr/lib1funcs.S:1665
    acb6:	69 f7       	brne	.-38     	; 0xac92 <__udivmodsi4_loop>
/home/jenkins/workspace/avr-gcc-staging/label/debian7-x86_64/gcc-build/avr/avr5/libgcc/../../../../gcc/libgcc/config/avr/lib1funcs.S:1667
    acb8:	60 95       	com	r22
/home/jenkins/workspace/avr-gcc-staging/label/debian7-x86_64/gcc-build/avr/avr5/libgcc/../../../../gcc/libgcc/config/avr/lib1funcs.S:1668
    acba:	70 95       	com	r23
/home/jenkins/workspace/avr-gcc-staging/label/debian7-x86_64/gcc-build/avr/avr5/libgcc/../../../../gcc/libgcc/config/avr/lib1funcs.S:1669
    acbc:	80 95       	com	r24
/home/jenkins/workspace/avr-gcc-staging/label/debian7-x86_64/gcc-build/avr/avr5/libgcc/../../../../gcc/libgcc/config/avr/lib1funcs.S:1670
    acbe:	90 95       	com	r25
/home/jenkins/workspace/avr-gcc-staging/label/debian7-x86_64/gcc-build/avr/avr5/libgcc/../../../../gcc/libgcc/config/avr/lib1funcs.S:1672
    acc0:	9b 01       	movw	r18, r22
/home/jenkins/workspace/avr-gcc-staging/label/debian7-x86_64/gcc-build/avr/avr5/libgcc/../../../../gcc/libgcc/config/avr/lib1funcs.S:1674
    acc2:	ac 01       	movw	r20, r24
/home/jenkins/workspace/avr-gcc-staging/label/debian7-x86_64/gcc-build/avr/avr5/libgcc/../../../../gcc/libgcc/config/avr/lib1funcs.S:1676
    acc4:	bd 01       	movw	r22, r26
/home/jenkins/workspace/avr-gcc-staging/label/debian7-x86_64/gcc-build/avr/avr5/libgcc/../../../../gcc/libgcc/config/avr/lib1funcs.S:1678
    acc6:	cf 01       	movw	r24, r30
/home/jenkins/workspace/avr-gcc-staging/label/debian7-x86_64/gcc-build/avr/avr5/libgcc/../../../../gcc/libgcc/config/avr/lib1funcs.S:1680
    acc8:	08 95       	ret

0000acca <__umulhisi3>:
__umulhisi3():
/home/jenkins/workspace/avr-gcc-staging/label/debian7-x86_64/gcc-build/avr/avr5/libgcc/../../../../gcc/libgcc/config/avr/lib1funcs.S:564
    acca:	a2 9f       	mul	r26, r18
/home/jenkins/workspace/avr-gcc-staging/label/debian7-x86_64/gcc-build/avr/avr5/libgcc/../../../../gcc/libgcc/config/avr/lib1funcs.S:565
    accc:	b0 01       	movw	r22, r0
/home/jenkins/workspace/avr-gcc-staging/label/debian7-x86_64/gcc-build/avr/avr5/libgcc/../../../../gcc/libgcc/config/avr/lib1funcs.S:566
    acce:	b3 9f       	mul	r27, r19
/home/jenkins/workspace/avr-gcc-staging/label/debian7-x86_64/gcc-build/avr/avr5/libgcc/../../../../gcc/libgcc/config/avr/lib1funcs.S:567
    acd0:	c0 01       	movw	r24, r0
/home/jenkins/workspace/avr-gcc-staging/label/debian7-x86_64/gcc-build/avr/avr5/libgcc/../../../../gcc/libgcc/config/avr/lib1funcs.S:568
    acd2:	a3 9f       	mul	r26, r19
/home/jenkins/workspace/avr-gcc-staging/label/debian7-x86_64/gcc-build/avr/avr5/libgcc/../../../../gcc/libgcc/config/avr/lib1funcs.S:573
    acd4:	70 0d       	add	r23, r0
/home/jenkins/workspace/avr-gcc-staging/label/debian7-x86_64/gcc-build/avr/avr5/libgcc/../../../../gcc/libgcc/config/avr/lib1funcs.S:574
    acd6:	81 1d       	adc	r24, r1
/home/jenkins/workspace/avr-gcc-staging/label/debian7-x86_64/gcc-build/avr/avr5/libgcc/../../../../gcc/libgcc/config/avr/lib1funcs.S:575
    acd8:	11 24       	eor	r1, r1
/home/jenkins/workspace/avr-gcc-staging/label/debian7-x86_64/gcc-build/avr/avr5/libgcc/../../../../gcc/libgcc/config/avr/lib1funcs.S:576
    acda:	91 1d       	adc	r25, r1
/home/jenkins/workspace/avr-gcc-staging/label/debian7-x86_64/gcc-build/avr/avr5/libgcc/../../../../gcc/libgcc/config/avr/lib1funcs.S:580
    acdc:	b2 9f       	mul	r27, r18
/home/jenkins/workspace/avr-gcc-staging/label/debian7-x86_64/gcc-build/avr/avr5/libgcc/../../../../gcc/libgcc/config/avr/lib1funcs.S:581
    acde:	70 0d       	add	r23, r0
/home/jenkins/workspace/avr-gcc-staging/label/debian7-x86_64/gcc-build/avr/avr5/libgcc/../../../../gcc/libgcc/config/avr/lib1funcs.S:582
    ace0:	81 1d       	adc	r24, r1
/home/jenkins/workspace/avr-gcc-staging/label/debian7-x86_64/gcc-build/avr/avr5/libgcc/../../../../gcc/libgcc/config/avr/lib1funcs.S:583
    ace2:	11 24       	eor	r1, r1
/home/jenkins/workspace/avr-gcc-staging/label/debian7-x86_64/gcc-build/avr/avr5/libgcc/../../../../gcc/libgcc/config/avr/lib1funcs.S:584
    ace4:	91 1d       	adc	r25, r1
/home/jenkins/workspace/avr-gcc-staging/label/debian7-x86_64/gcc-build/avr/avr5/libgcc/../../../../gcc/libgcc/config/avr/lib1funcs.S:585
    ace6:	08 95       	ret

0000ace8 <__mulsi3>:
__mulsi3():
/home/jenkins/workspace/avr-gcc-staging/label/debian7-x86_64/gcc-build/avr/avr5/libgcc/../../../../gcc/libgcc/config/avr/lib1funcs.S:648
    ace8:	db 01       	movw	r26, r22
/home/jenkins/workspace/avr-gcc-staging/label/debian7-x86_64/gcc-build/avr/avr5/libgcc/../../../../gcc/libgcc/config/avr/lib1funcs.S:649
    acea:	8f 93       	push	r24
/home/jenkins/workspace/avr-gcc-staging/label/debian7-x86_64/gcc-build/avr/avr5/libgcc/../../../../gcc/libgcc/config/avr/lib1funcs.S:650
    acec:	9f 93       	push	r25
/home/jenkins/workspace/avr-gcc-staging/label/debian7-x86_64/gcc-build/avr/avr5/libgcc/../../../../gcc/libgcc/config/avr/lib1funcs.S:651
    acee:	0e 94 30 56 	call	0xac60	; 0xac60 <__muluhisi3>
/home/jenkins/workspace/avr-gcc-staging/label/debian7-x86_64/gcc-build/avr/avr5/libgcc/../../../../gcc/libgcc/config/avr/lib1funcs.S:652
    acf2:	bf 91       	pop	r27
/home/jenkins/workspace/avr-gcc-staging/label/debian7-x86_64/gcc-build/avr/avr5/libgcc/../../../../gcc/libgcc/config/avr/lib1funcs.S:653
    acf4:	af 91       	pop	r26
/home/jenkins/workspace/avr-gcc-staging/label/debian7-x86_64/gcc-build/avr/avr5/libgcc/../../../../gcc/libgcc/config/avr/lib1funcs.S:655
    acf6:	a2 9f       	mul	r26, r18
/home/jenkins/workspace/avr-gcc-staging/label/debian7-x86_64/gcc-build/avr/avr5/libgcc/../../../../gcc/libgcc/config/avr/lib1funcs.S:656
    acf8:	80 0d       	add	r24, r0
/home/jenkins/workspace/avr-gcc-staging/label/debian7-x86_64/gcc-build/avr/avr5/libgcc/../../../../gcc/libgcc/config/avr/lib1funcs.S:657
    acfa:	91 1d       	adc	r25, r1
/home/jenkins/workspace/avr-gcc-staging/label/debian7-x86_64/gcc-build/avr/avr5/libgcc/../../../../gcc/libgcc/config/avr/lib1funcs.S:658
    acfc:	a3 9f       	mul	r26, r19
/home/jenkins/workspace/avr-gcc-staging/label/debian7-x86_64/gcc-build/avr/avr5/libgcc/../../../../gcc/libgcc/config/avr/lib1funcs.S:659
    acfe:	90 0d       	add	r25, r0
/home/jenkins/workspace/avr-gcc-staging/label/debian7-x86_64/gcc-build/avr/avr5/libgcc/../../../../gcc/libgcc/config/avr/lib1funcs.S:660
    ad00:	b2 9f       	mul	r27, r18
/home/jenkins/workspace/avr-gcc-staging/label/debian7-x86_64/gcc-build/avr/avr5/libgcc/../../../../gcc/libgcc/config/avr/lib1funcs.S:661
    ad02:	90 0d       	add	r25, r0
/home/jenkins/workspace/avr-gcc-staging/label/debian7-x86_64/gcc-build/avr/avr5/libgcc/../../../../gcc/libgcc/config/avr/lib1funcs.S:662
    ad04:	11 24       	eor	r1, r1
/home/jenkins/workspace/avr-gcc-staging/label/debian7-x86_64/gcc-build/avr/avr5/libgcc/../../../../gcc/libgcc/config/avr/lib1funcs.S:663
    ad06:	08 95       	ret

0000ad08 <__udivmodqi4>:
__udivmodqi4():
/home/jenkins/workspace/avr-gcc-staging/label/debian7-x86_64/gcc-build/avr/avr5/libgcc/../../../../gcc/libgcc/config/avr/lib1funcs.S:1346
    ad08:	99 1b       	sub	r25, r25
/home/jenkins/workspace/avr-gcc-staging/label/debian7-x86_64/gcc-build/avr/avr5/libgcc/../../../../gcc/libgcc/config/avr/lib1funcs.S:1347
    ad0a:	79 e0       	ldi	r23, 0x09	; 9
/home/jenkins/workspace/avr-gcc-staging/label/debian7-x86_64/gcc-build/avr/avr5/libgcc/../../../../gcc/libgcc/config/avr/lib1funcs.S:1348
    ad0c:	04 c0       	rjmp	.+8      	; 0xad16 <__udivmodqi4_ep>

0000ad0e <__udivmodqi4_loop>:
/home/jenkins/workspace/avr-gcc-staging/label/debian7-x86_64/gcc-build/avr/avr5/libgcc/../../../../gcc/libgcc/config/avr/lib1funcs.S:1350
    ad0e:	99 1f       	adc	r25, r25
/home/jenkins/workspace/avr-gcc-staging/label/debian7-x86_64/gcc-build/avr/avr5/libgcc/../../../../gcc/libgcc/config/avr/lib1funcs.S:1351
    ad10:	96 17       	cp	r25, r22
/home/jenkins/workspace/avr-gcc-staging/label/debian7-x86_64/gcc-build/avr/avr5/libgcc/../../../../gcc/libgcc/config/avr/lib1funcs.S:1352
    ad12:	08 f0       	brcs	.+2      	; 0xad16 <__udivmodqi4_ep>
/home/jenkins/workspace/avr-gcc-staging/label/debian7-x86_64/gcc-build/avr/avr5/libgcc/../../../../gcc/libgcc/config/avr/lib1funcs.S:1353
    ad14:	96 1b       	sub	r25, r22

0000ad16 <__udivmodqi4_ep>:
/home/jenkins/workspace/avr-gcc-staging/label/debian7-x86_64/gcc-build/avr/avr5/libgcc/../../../../gcc/libgcc/config/avr/lib1funcs.S:1355
    ad16:	88 1f       	adc	r24, r24
/home/jenkins/workspace/avr-gcc-staging/label/debian7-x86_64/gcc-build/avr/avr5/libgcc/../../../../gcc/libgcc/config/avr/lib1funcs.S:1356
    ad18:	7a 95       	dec	r23
/home/jenkins/workspace/avr-gcc-staging/label/debian7-x86_64/gcc-build/avr/avr5/libgcc/../../../../gcc/libgcc/config/avr/lib1funcs.S:1357
    ad1a:	c9 f7       	brne	.-14     	; 0xad0e <__udivmodqi4_loop>
/home/jenkins/workspace/avr-gcc-staging/label/debian7-x86_64/gcc-build/avr/avr5/libgcc/../../../../gcc/libgcc/config/avr/lib1funcs.S:1358
    ad1c:	80 95       	com	r24
/home/jenkins/workspace/avr-gcc-staging/label/debian7-x86_64/gcc-build/avr/avr5/libgcc/../../../../gcc/libgcc/config/avr/lib1funcs.S:1360
    ad1e:	08 95       	ret

0000ad20 <__divmodhi4>:
__divmodhi4():
/home/jenkins/workspace/avr-gcc-staging/label/debian7-x86_64/gcc-build/avr/avr5/libgcc/../../../../gcc/libgcc/config/avr/lib1funcs.S:1440
    ad20:	97 fb       	bst	r25, 7
/home/jenkins/workspace/avr-gcc-staging/label/debian7-x86_64/gcc-build/avr/avr5/libgcc/../../../../gcc/libgcc/config/avr/lib1funcs.S:1441
    ad22:	07 2e       	mov	r0, r23
/home/jenkins/workspace/avr-gcc-staging/label/debian7-x86_64/gcc-build/avr/avr5/libgcc/../../../../gcc/libgcc/config/avr/lib1funcs.S:1442
    ad24:	16 f4       	brtc	.+4      	; 0xad2a <__divmodhi4+0xa>
/home/jenkins/workspace/avr-gcc-staging/label/debian7-x86_64/gcc-build/avr/avr5/libgcc/../../../../gcc/libgcc/config/avr/lib1funcs.S:1443
    ad26:	00 94       	com	r0
/home/jenkins/workspace/avr-gcc-staging/label/debian7-x86_64/gcc-build/avr/avr5/libgcc/../../../../gcc/libgcc/config/avr/lib1funcs.S:1444
    ad28:	07 d0       	rcall	.+14     	; 0xad38 <__divmodhi4_neg1>
/home/jenkins/workspace/avr-gcc-staging/label/debian7-x86_64/gcc-build/avr/avr5/libgcc/../../../../gcc/libgcc/config/avr/lib1funcs.S:1446
    ad2a:	77 fd       	sbrc	r23, 7
/home/jenkins/workspace/avr-gcc-staging/label/debian7-x86_64/gcc-build/avr/avr5/libgcc/../../../../gcc/libgcc/config/avr/lib1funcs.S:1447
    ad2c:	09 d0       	rcall	.+18     	; 0xad40 <__divmodhi4_neg2>
/home/jenkins/workspace/avr-gcc-staging/label/debian7-x86_64/gcc-build/avr/avr5/libgcc/../../../../gcc/libgcc/config/avr/lib1funcs.S:1448
    ad2e:	0e 94 b1 56 	call	0xad62	; 0xad62 <__udivmodhi4>
/home/jenkins/workspace/avr-gcc-staging/label/debian7-x86_64/gcc-build/avr/avr5/libgcc/../../../../gcc/libgcc/config/avr/lib1funcs.S:1449
    ad32:	07 fc       	sbrc	r0, 7
/home/jenkins/workspace/avr-gcc-staging/label/debian7-x86_64/gcc-build/avr/avr5/libgcc/../../../../gcc/libgcc/config/avr/lib1funcs.S:1450
    ad34:	05 d0       	rcall	.+10     	; 0xad40 <__divmodhi4_neg2>
/home/jenkins/workspace/avr-gcc-staging/label/debian7-x86_64/gcc-build/avr/avr5/libgcc/../../../../gcc/libgcc/config/avr/lib1funcs.S:1451
    ad36:	3e f4       	brtc	.+14     	; 0xad46 <__divmodhi4_exit>

0000ad38 <__divmodhi4_neg1>:
/home/jenkins/workspace/avr-gcc-staging/label/debian7-x86_64/gcc-build/avr/avr5/libgcc/../../../../gcc/libgcc/config/avr/lib1funcs.S:1454
    ad38:	90 95       	com	r25
/home/jenkins/workspace/avr-gcc-staging/label/debian7-x86_64/gcc-build/avr/avr5/libgcc/../../../../gcc/libgcc/config/avr/lib1funcs.S:1455
    ad3a:	81 95       	neg	r24
/home/jenkins/workspace/avr-gcc-staging/label/debian7-x86_64/gcc-build/avr/avr5/libgcc/../../../../gcc/libgcc/config/avr/lib1funcs.S:1456
    ad3c:	9f 4f       	sbci	r25, 0xFF	; 255
/home/jenkins/workspace/avr-gcc-staging/label/debian7-x86_64/gcc-build/avr/avr5/libgcc/../../../../gcc/libgcc/config/avr/lib1funcs.S:1457
    ad3e:	08 95       	ret

0000ad40 <__divmodhi4_neg2>:
/home/jenkins/workspace/avr-gcc-staging/label/debian7-x86_64/gcc-build/avr/avr5/libgcc/../../../../gcc/libgcc/config/avr/lib1funcs.S:1460
    ad40:	70 95       	com	r23
/home/jenkins/workspace/avr-gcc-staging/label/debian7-x86_64/gcc-build/avr/avr5/libgcc/../../../../gcc/libgcc/config/avr/lib1funcs.S:1461
    ad42:	61 95       	neg	r22
/home/jenkins/workspace/avr-gcc-staging/label/debian7-x86_64/gcc-build/avr/avr5/libgcc/../../../../gcc/libgcc/config/avr/lib1funcs.S:1462
    ad44:	7f 4f       	sbci	r23, 0xFF	; 255

0000ad46 <__divmodhi4_exit>:
/home/jenkins/workspace/avr-gcc-staging/label/debian7-x86_64/gcc-build/avr/avr5/libgcc/../../../../gcc/libgcc/config/avr/lib1funcs.S:1464
    ad46:	08 95       	ret

0000ad48 <__tablejump2__>:
__tablejump2__():
/home/jenkins/workspace/avr-gcc-staging/label/debian7-x86_64/gcc-build/avr/avr5/libgcc/../../../../gcc/libgcc/config/avr/lib1funcs.S:2296
    ad48:	ee 0f       	add	r30, r30
/home/jenkins/workspace/avr-gcc-staging/label/debian7-x86_64/gcc-build/avr/avr5/libgcc/../../../../gcc/libgcc/config/avr/lib1funcs.S:2297
    ad4a:	ff 1f       	adc	r31, r31
/home/jenkins/workspace/avr-gcc-staging/label/debian7-x86_64/gcc-build/avr/avr5/libgcc/../../../../gcc/libgcc/config/avr/lib1funcs.S:2328
    ad4c:	05 90       	lpm	r0, Z+
/home/jenkins/workspace/avr-gcc-staging/label/debian7-x86_64/gcc-build/avr/avr5/libgcc/../../../../gcc/libgcc/config/avr/lib1funcs.S:2329
    ad4e:	f4 91       	lpm	r31, Z
/home/jenkins/workspace/avr-gcc-staging/label/debian7-x86_64/gcc-build/avr/avr5/libgcc/../../../../gcc/libgcc/config/avr/lib1funcs.S:2330
    ad50:	e0 2d       	mov	r30, r0
/home/jenkins/workspace/avr-gcc-staging/label/debian7-x86_64/gcc-build/avr/avr5/libgcc/../../../../gcc/libgcc/config/avr/lib1funcs.S:2331
    ad52:	09 94       	ijmp

0000ad54 <__usmulhisi3>:
__usmulhisi3():
/home/jenkins/workspace/avr-gcc-staging/label/debian7-x86_64/gcc-build/avr/avr5/libgcc/../../../../gcc/libgcc/config/avr/lib1funcs.S:545
    ad54:	0e 94 65 56 	call	0xacca	; 0xacca <__umulhisi3>

0000ad58 <__usmulhisi3_tail>:
__usmulhisi3_tail():
/home/jenkins/workspace/avr-gcc-staging/label/debian7-x86_64/gcc-build/avr/avr5/libgcc/../../../../gcc/libgcc/config/avr/lib1funcs.S:551
    ad58:	b7 ff       	sbrs	r27, 7
/home/jenkins/workspace/avr-gcc-staging/label/debian7-x86_64/gcc-build/avr/avr5/libgcc/../../../../gcc/libgcc/config/avr/lib1funcs.S:552
    ad5a:	08 95       	ret
/home/jenkins/workspace/avr-gcc-staging/label/debian7-x86_64/gcc-build/avr/avr5/libgcc/../../../../gcc/libgcc/config/avr/lib1funcs.S:553
    ad5c:	82 1b       	sub	r24, r18
/home/jenkins/workspace/avr-gcc-staging/label/debian7-x86_64/gcc-build/avr/avr5/libgcc/../../../../gcc/libgcc/config/avr/lib1funcs.S:554
    ad5e:	93 0b       	sbc	r25, r19
/home/jenkins/workspace/avr-gcc-staging/label/debian7-x86_64/gcc-build/avr/avr5/libgcc/../../../../gcc/libgcc/config/avr/lib1funcs.S:555
    ad60:	08 95       	ret

0000ad62 <__udivmodhi4>:
__udivmodhi4():
/home/jenkins/workspace/avr-gcc-staging/label/debian7-x86_64/gcc-build/avr/avr5/libgcc/../../../../gcc/libgcc/config/avr/lib1funcs.S:1408
    ad62:	aa 1b       	sub	r26, r26
/home/jenkins/workspace/avr-gcc-staging/label/debian7-x86_64/gcc-build/avr/avr5/libgcc/../../../../gcc/libgcc/config/avr/lib1funcs.S:1409
    ad64:	bb 1b       	sub	r27, r27
/home/jenkins/workspace/avr-gcc-staging/label/debian7-x86_64/gcc-build/avr/avr5/libgcc/../../../../gcc/libgcc/config/avr/lib1funcs.S:1410
    ad66:	51 e1       	ldi	r21, 0x11	; 17
/home/jenkins/workspace/avr-gcc-staging/label/debian7-x86_64/gcc-build/avr/avr5/libgcc/../../../../gcc/libgcc/config/avr/lib1funcs.S:1411
    ad68:	07 c0       	rjmp	.+14     	; 0xad78 <__udivmodhi4_ep>

0000ad6a <__udivmodhi4_loop>:
/home/jenkins/workspace/avr-gcc-staging/label/debian7-x86_64/gcc-build/avr/avr5/libgcc/../../../../gcc/libgcc/config/avr/lib1funcs.S:1413
    ad6a:	aa 1f       	adc	r26, r26
/home/jenkins/workspace/avr-gcc-staging/label/debian7-x86_64/gcc-build/avr/avr5/libgcc/../../../../gcc/libgcc/config/avr/lib1funcs.S:1414
    ad6c:	bb 1f       	adc	r27, r27
/home/jenkins/workspace/avr-gcc-staging/label/debian7-x86_64/gcc-build/avr/avr5/libgcc/../../../../gcc/libgcc/config/avr/lib1funcs.S:1415
    ad6e:	a6 17       	cp	r26, r22
/home/jenkins/workspace/avr-gcc-staging/label/debian7-x86_64/gcc-build/avr/avr5/libgcc/../../../../gcc/libgcc/config/avr/lib1funcs.S:1416
    ad70:	b7 07       	cpc	r27, r23
/home/jenkins/workspace/avr-gcc-staging/label/debian7-x86_64/gcc-build/avr/avr5/libgcc/../../../../gcc/libgcc/config/avr/lib1funcs.S:1417
    ad72:	10 f0       	brcs	.+4      	; 0xad78 <__udivmodhi4_ep>
/home/jenkins/workspace/avr-gcc-staging/label/debian7-x86_64/gcc-build/avr/avr5/libgcc/../../../../gcc/libgcc/config/avr/lib1funcs.S:1418
    ad74:	a6 1b       	sub	r26, r22
/home/jenkins/workspace/avr-gcc-staging/label/debian7-x86_64/gcc-build/avr/avr5/libgcc/../../../../gcc/libgcc/config/avr/lib1funcs.S:1419
    ad76:	b7 0b       	sbc	r27, r23

0000ad78 <__udivmodhi4_ep>:
/home/jenkins/workspace/avr-gcc-staging/label/debian7-x86_64/gcc-build/avr/avr5/libgcc/../../../../gcc/libgcc/config/avr/lib1funcs.S:1421
    ad78:	88 1f       	adc	r24, r24
/home/jenkins/workspace/avr-gcc-staging/label/debian7-x86_64/gcc-build/avr/avr5/libgcc/../../../../gcc/libgcc/config/avr/lib1funcs.S:1422
    ad7a:	99 1f       	adc	r25, r25
/home/jenkins/workspace/avr-gcc-staging/label/debian7-x86_64/gcc-build/avr/avr5/libgcc/../../../../gcc/libgcc/config/avr/lib1funcs.S:1423
    ad7c:	5a 95       	dec	r21
/home/jenkins/workspace/avr-gcc-staging/label/debian7-x86_64/gcc-build/avr/avr5/libgcc/../../../../gcc/libgcc/config/avr/lib1funcs.S:1424
    ad7e:	a9 f7       	brne	.-22     	; 0xad6a <__udivmodhi4_loop>
/home/jenkins/workspace/avr-gcc-staging/label/debian7-x86_64/gcc-build/avr/avr5/libgcc/../../../../gcc/libgcc/config/avr/lib1funcs.S:1425
    ad80:	80 95       	com	r24
/home/jenkins/workspace/avr-gcc-staging/label/debian7-x86_64/gcc-build/avr/avr5/libgcc/../../../../gcc/libgcc/config/avr/lib1funcs.S:1426
    ad82:	90 95       	com	r25
/home/jenkins/workspace/avr-gcc-staging/label/debian7-x86_64/gcc-build/avr/avr5/libgcc/../../../../gcc/libgcc/config/avr/lib1funcs.S:1428
    ad84:	bc 01       	movw	r22, r24
/home/jenkins/workspace/avr-gcc-staging/label/debian7-x86_64/gcc-build/avr/avr5/libgcc/../../../../gcc/libgcc/config/avr/lib1funcs.S:1430
    ad86:	cd 01       	movw	r24, r26
/home/jenkins/workspace/avr-gcc-staging/label/debian7-x86_64/gcc-build/avr/avr5/libgcc/../../../../gcc/libgcc/config/avr/lib1funcs.S:1432
    ad88:	08 95       	ret

0000ad8a <_exit>:
exit():
/home/jenkins/workspace/avr-gcc-staging/label/debian7-x86_64/gcc-build/avr/avr5/libgcc/../../../../gcc/libgcc/config/avr/lib1funcs.S:2278
    ad8a:	f8 94       	cli

0000ad8c <__stop_program>:
__stop_program():
/home/jenkins/workspace/avr-gcc-staging/label/debian7-x86_64/gcc-build/avr/avr5/libgcc/../../../../gcc/libgcc/config/avr/lib1funcs.S:2280
    ad8c:	ff cf       	rjmp	.-2      	; 0xad8c <__stop_program>
